Using pre-set license
Built from '2022.3/staging' branch; Version is '2022.3.30f1 (70558241b701) revision 7361922'; Using compiler version '192829333'; Build Type 'Release'
OS: 'Windows 11  (10.0.22631) 64bit Professional' Language: 'zh' Physical Memory: 32603 MB
BatchMode: 1, IsHumanControllingUs: 0, StartBugReporterOnCrash: 0, Is64bit: 1, IsPro: 1

COMMAND LINE ARGUMENTS:
D:\UnityEditor\2022.3.30f1\Editor\Unity.exe
-adb2
-batchMode
-noUpm
-name
AssetImportWorker2
-projectPath
D:/UnityProject/FeatherFramework
-logFile
Logs/AssetImportWorker2.log
-srvPort
54635
Successfully changed project path to: D:/UnityProject/FeatherFramework
D:/UnityProject/FeatherFramework
[UnityMemory] Configuration Parameters - Can be set up in boot.config
    "memorysetup-bucket-allocator-granularity=16"
    "memorysetup-bucket-allocator-bucket-count=8"
    "memorysetup-bucket-allocator-block-size=33554432"
    "memorysetup-bucket-allocator-block-count=8"
    "memorysetup-main-allocator-block-size=16777216"
    "memorysetup-thread-allocator-block-size=16777216"
    "memorysetup-gfx-main-allocator-block-size=16777216"
    "memorysetup-gfx-thread-allocator-block-size=16777216"
    "memorysetup-cache-allocator-block-size=4194304"
    "memorysetup-typetree-allocator-block-size=2097152"
    "memorysetup-profiler-bucket-allocator-granularity=16"
    "memorysetup-profiler-bucket-allocator-bucket-count=8"
    "memorysetup-profiler-bucket-allocator-block-size=33554432"
    "memorysetup-profiler-bucket-allocator-block-count=8"
    "memorysetup-profiler-allocator-block-size=16777216"
    "memorysetup-profiler-editor-allocator-block-size=1048576"
    "memorysetup-temp-allocator-size-main=16777216"
    "memorysetup-job-temp-allocator-block-size=2097152"
    "memorysetup-job-temp-allocator-block-size-background=1048576"
    "memorysetup-job-temp-allocator-reduction-small-platforms=262144"
    "memorysetup-allocator-temp-initial-block-size-main=262144"
    "memorysetup-allocator-temp-initial-block-size-worker=262144"
    "memorysetup-temp-allocator-size-background-worker=32768"
    "memorysetup-temp-allocator-size-job-worker=262144"
    "memorysetup-temp-allocator-size-preload-manager=33554432"
    "memorysetup-temp-allocator-size-nav-mesh-worker=65536"
    "memorysetup-temp-allocator-size-audio-worker=65536"
    "memorysetup-temp-allocator-size-cloud-worker=32768"
    "memorysetup-temp-allocator-size-gi-baking-worker=262144"
    "memorysetup-temp-allocator-size-gfx=262144"
Player connection [5940] Host "[IP] 172.20.170.212 [Port] 0 [Flags] 2 [Guid] 3211463073 [EditorId] 3211463073 [Version] 1048832 [Id] WindowsEditor(7,T4F-PC-1904029) [Debug] 1 [PackageName] WindowsEditor [ProjectName] Editor" joined multi-casting on [225.0.0.222:54997]...

Player connection [5940] Host "[IP] 172.20.170.212 [Port] 0 [Flags] 2 [Guid] 3211463073 [EditorId] 3211463073 [Version] 1048832 [Id] WindowsEditor(7,T4F-PC-1904029) [Debug] 1 [PackageName] WindowsEditor [ProjectName] Editor" joined alternative multi-casting on [225.0.0.222:34997]...

[Physics::Module] Initialized MultithreadedJobDispatcher with 11 workers.
Refreshing native plugins compatible for Editor in 11.55 ms, found 2 plugins.
Preloading 0 native plugins for Editor in 0.00 ms.
Initialize engine version: 2022.3.30f1 (70558241b701)
[Subsystems] Discovering subsystems at path D:/UnityEditor/2022.3.30f1/Editor/Data/Resources/UnitySubsystems
[Subsystems] Discovering subsystems at path D:/UnityProject/FeatherFramework/Assets
GfxDevice: creating device client; threaded=0; jobified=0
Direct3D:
    Version:  Direct3D 11.0 [level 11.1]
    Renderer: NVIDIA GeForce GTX 1060 6GB (ID=0x1c03)
    Vendor:   NVIDIA
    VRAM:     6052 MB
    Driver:   27.21.14.6137
Initialize mono
Mono path[0] = 'D:/UnityEditor/2022.3.30f1/Editor/Data/Managed'
Mono path[1] = 'D:/UnityEditor/2022.3.30f1/Editor/Data/MonoBleedingEdge/lib/mono/unityjit-win32'
Mono config path = 'D:/UnityEditor/2022.3.30f1/Editor/Data/MonoBleedingEdge/etc'
Using monoOptions --debugger-agent=transport=dt_socket,embedding=1,server=y,suspend=n,address=127.0.0.1:56788
Begin MonoManager ReloadAssembly
Registering precompiled unity dll's ...
Register platform support module: D:/UnityEditor/2022.3.30f1/Editor/Data/PlaybackEngines/WindowsStandaloneSupport/UnityEditor.WindowsStandalone.Extensions.dll
Registered in 0.002807 seconds.
- Loaded All Assemblies, in  0.351 seconds
Native extension for WindowsStandalone target not found
Mono: successfully reloaded assembly
- Finished resetting the current domain, in  0.280 seconds
Domain Reload Profiling: 632ms
	BeginReloadAssembly (101ms)
		ExecutionOrderSort (0ms)
		DisableScriptedObjects (0ms)
		BackupInstance (0ms)
		ReleaseScriptingObjects (0ms)
		CreateAndSetChildDomain (1ms)
	RebuildCommonClasses (34ms)
	RebuildNativeTypeToScriptingClass (16ms)
	initialDomainReloadingComplete (50ms)
	LoadAllAssembliesAndSetupDomain (151ms)
		LoadAssemblies (100ms)
		RebuildTransferFunctionScriptingTraits (0ms)
		AnalyzeDomain (149ms)
			TypeCache.Refresh (148ms)
				TypeCache.ScanAssembly (135ms)
			ScanForSourceGeneratedMonoScriptInfo (0ms)
			ResolveRequiredComponents (0ms)
	FinalizeReload (281ms)
		ReleaseScriptCaches (0ms)
		RebuildScriptCaches (0ms)
		SetupLoadedEditorAssemblies (222ms)
			LogAssemblyErrors (0ms)
			InitializePlatformSupportModulesInManaged (7ms)
			SetLoadedEditorAssemblies (7ms)
			RefreshPlugins (0ms)
			BeforeProcessingInitializeOnLoad (2ms)
			ProcessInitializeOnLoadAttributes (154ms)
			ProcessInitializeOnLoadMethodAttributes (52ms)
			AfterProcessingInitializeOnLoad (0ms)
			EditorAssembliesLoaded (0ms)
		ExecutionOrderSort2 (0ms)
		AwakeInstancesAfterBackupRestoration (0ms)
========================================================================
Worker process is ready to serve import requests
Begin MonoManager ReloadAssembly
Duplicate assembly 'Newtonsoft.Json.dll' with different versions detected, using 'Packages/com.unity.nuget.newtonsoft-json/Runtime/Newtonsoft.Json.dll, AssemblyName=Newtonsoft.Json, Version=13.0.0.0, Culture=neutral, PublicKeyToken=30ad4fe6b2a6aeed' and ignoring 'Assets/JsonDotNet/Assemblies/Standalone/Newtonsoft.Json.dll, AssemblyName=Newtonsoft.Json, Version=8.0.0.0, Culture=neutral, PublicKeyToken=null'.Symbol file LoadedFromMemory is not a mono symbol file
- Loaded All Assemblies, in  0.615 seconds
Refreshing native plugins compatible for Editor in 4.86 ms, found 2 plugins.
Native extension for WindowsStandalone target not found
Package Manager log level set to [2]
[Package Manager] Server::EnsureServerProcessIsRunning -- launch failed, reason: Unity was launched with the -noUpm command-line argument
[Package Manager] UpmClient::Send -- Unable to send message (not connected to UPM process).
[Package Manager] Cannot connect to Unity Package Manager local server
Mono: successfully reloaded assembly
- Finished resetting the current domain, in  0.741 seconds
Domain Reload Profiling: 1356ms
	BeginReloadAssembly (160ms)
		ExecutionOrderSort (0ms)
		DisableScriptedObjects (8ms)
		BackupInstance (0ms)
		ReleaseScriptingObjects (0ms)
		CreateAndSetChildDomain (22ms)
	RebuildCommonClasses (35ms)
	RebuildNativeTypeToScriptingClass (11ms)
	initialDomainReloadingComplete (36ms)
	LoadAllAssembliesAndSetupDomain (373ms)
		LoadAssemblies (319ms)
		RebuildTransferFunctionScriptingTraits (0ms)
		AnalyzeDomain (147ms)
			TypeCache.Refresh (122ms)
				TypeCache.ScanAssembly (102ms)
			ScanForSourceGeneratedMonoScriptInfo (20ms)
			ResolveRequiredComponents (4ms)
	FinalizeReload (742ms)
		ReleaseScriptCaches (0ms)
		RebuildScriptCaches (0ms)
		SetupLoadedEditorAssemblies (570ms)
			LogAssemblyErrors (0ms)
			InitializePlatformSupportModulesInManaged (4ms)
			SetLoadedEditorAssemblies (3ms)
			RefreshPlugins (0ms)
			BeforeProcessingInitializeOnLoad (54ms)
			ProcessInitializeOnLoadAttributes (316ms)
			ProcessInitializeOnLoadMethodAttributes (189ms)
			AfterProcessingInitializeOnLoad (2ms)
			EditorAssembliesLoaded (0ms)
		ExecutionOrderSort2 (0ms)
		AwakeInstancesAfterBackupRestoration (9ms)
Launched and connected shader compiler UnityShaderCompiler.exe after 0.06 seconds
Refreshing native plugins compatible for Editor in 7.22 ms, found 2 plugins.
Preloading 0 native plugins for Editor in 0.00 ms.
Unloading 2750 Unused Serialized files (Serialized files now loaded: 0)
Unloading 73 unused Assets / (73.4 KB). Loaded Objects now: 3197.
Memory consumption went from 115.7 MB to 115.7 MB.
Total: 6.747600 ms (FindLiveObjects: 0.221300 ms CreateObjectMapping: 0.203100 ms MarkObjects: 6.160700 ms  DeleteObjects: 0.161400 ms)

AssetImportParameters requested are different than current active one (requested -> active):
  custom:video-decoder-webm-vp8: 9c59270c3fd7afecdb556c50c9e8de78 -> 
  custom:SearchIndexIgnoredProperties: e643bd26f0fe6173181afceb89e7c659 -> 
  custom:container-demuxer-ogg: 62fdf1f143b41e24485cea50d1cbac27 -> 
  custom:AudioImporter_EditorPlatform: d09bf68614088b80899f8185d706f6e7 -> 
  custom:video-codec-MediaFoundation-h265: 746d11721c4dcdbdad8f713fa42b33f4 -> 
  custom:video-decoder-ogg-theora: a1e56fd34408186e4bbccfd4996cb3dc -> 
  custom:framework-win-MediaFoundation: 216162199b28c13a410421893ffa2e32 -> 
  custom:video-encoder-webm-vp8: eb34c28f22e8b96e1ab97ce403110664 -> 
  custom:audio-decoder-ogg-vorbis: bf7c407c2cedff20999df2af8eb42d56 -> 
  custom:CustomObjectIndexerAttribute: 9a22284fe3817be447336de3de66b15e -> 
  custom:container-demuxer-webm: 4f35f7cbe854078d1ac9338744f61a02 -> 
  custom:audio-encoder-webm-vorbis: bf7c407c2cedff20999df2af8eb42d56 -> 
  custom:container-muxer-webm: aa71ff27fc2769a1b78a27578f13a17b -> 
========================================================================
Received Import Request.
  Time since last request: 1204035.423948 seconds.
  path: Assets/Plugins/Easy Save 3/Editor/HomeWindow.cs
  artifactKey: Guid(394cc2e77038849709526f44f7efdd22) Importer(2089858483,0ecaa5967403d082aa24f35e1b516d23)
Start importing Assets/Plugins/Easy Save 3/Editor/HomeWindow.cs using Guid(394cc2e77038849709526f44f7efdd22) Importer(2089858483,0ecaa5967403d082aa24f35e1b516d23)  -> (artifact id: '6337768a9129c3104030f8cc410983f9') in 0.104568 seconds
Number of updated asset objects reloaded before import = 0
Number of asset objects unloaded after import = 1
========================================================================
Received Import Request.
  Time since last request: 0.000024 seconds.
  path: Assets/JsonDotNet/JsonDotNet201Source.zip
  artifactKey: Guid(9a6f8c7c1ea72ce46831c5e1b6150d0c) Importer(2089858483,0ecaa5967403d082aa24f35e1b516d23)
Start importing Assets/JsonDotNet/JsonDotNet201Source.zip using Guid(9a6f8c7c1ea72ce46831c5e1b6150d0c) Importer(2089858483,0ecaa5967403d082aa24f35e1b516d23)  -> (artifact id: '4f5f0a3f0c634e398cad22ae1e3ae885') in 0.013048 seconds
Number of updated asset objects reloaded before import = 0
Number of asset objects unloaded after import = 1
========================================================================
Received Import Request.
  Time since last request: 0.000022 seconds.
  path: Assets/Plugins/Easy Save 3/Scripts/ES3Prefab.cs
  artifactKey: Guid(baff8732cd3074ef88b34f9cc487846d) Importer(2089858483,0ecaa5967403d082aa24f35e1b516d23)
Start importing Assets/Plugins/Easy Save 3/Scripts/ES3Prefab.cs using Guid(baff8732cd3074ef88b34f9cc487846d) Importer(2089858483,0ecaa5967403d082aa24f35e1b516d23)  -> (artifact id: '7bd2c0c11d4edd96da6a3dba91340af1') in 0.010320 seconds
Number of updated asset objects reloaded before import = 0
Number of asset objects unloaded after import = 1
========================================================================
Received Import Request.
  Time since last request: 0.000022 seconds.
  path: Assets/Editor/EnableRecorderGos.cs
  artifactKey: Guid(8694daf6ea755a347b830db4733c4b0f) Importer(2089858483,0ecaa5967403d082aa24f35e1b516d23)
Start importing Assets/Editor/EnableRecorderGos.cs using Guid(8694daf6ea755a347b830db4733c4b0f) Importer(2089858483,0ecaa5967403d082aa24f35e1b516d23)  -> (artifact id: 'db1fe204a7802fe7ede4d00ec5243655') in 0.011711 seconds
Number of updated asset objects reloaded before import = 0
Number of asset objects unloaded after import = 1
========================================================================
Received Import Request.
  Time since last request: 0.000037 seconds.
  path: Assets/Demigiant/DOTweenPro/DOTweenTextMeshPro.cs
  artifactKey: Guid(8fb0d65aa5b048649a3a785b82b8f8db) Importer(2089858483,0ecaa5967403d082aa24f35e1b516d23)
Start importing Assets/Demigiant/DOTweenPro/DOTweenTextMeshPro.cs using Guid(8fb0d65aa5b048649a3a785b82b8f8db) Importer(2089858483,0ecaa5967403d082aa24f35e1b516d23)  -> (artifact id: '5a9b38f03fabea78542c66335f7a2178') in 0.014860 seconds
Number of updated asset objects reloaded before import = 0
Number of asset objects unloaded after import = 1
========================================================================
Received Import Request.
  Time since last request: 0.000020 seconds.
  path: Assets/Demigiant/DOTweenPro/readme.txt
  artifactKey: Guid(aa8f07903bf128e44a7d0b91a63dedab) Importer(2089858483,0ecaa5967403d082aa24f35e1b516d23)
Start importing Assets/Demigiant/DOTweenPro/readme.txt using Guid(aa8f07903bf128e44a7d0b91a63dedab) Importer(2089858483,0ecaa5967403d082aa24f35e1b516d23)  -> (artifact id: '6d725064f05aab3184c83de32f7841bd') in 0.022173 seconds
Number of updated asset objects reloaded before import = 0
Number of asset objects unloaded after import = 1
========================================================================
Received Import Request.
  Time since last request: 0.000017 seconds.
  path: Assets/Plugins/Easy Save 3/Scripts/ES3File.cs
  artifactKey: Guid(2cd9723dc51904030be3c30362442d47) Importer(2089858483,0ecaa5967403d082aa24f35e1b516d23)
Start importing Assets/Plugins/Easy Save 3/Scripts/ES3File.cs using Guid(2cd9723dc51904030be3c30362442d47) Importer(2089858483,0ecaa5967403d082aa24f35e1b516d23)  -> (artifact id: '8e645092b291b5bfd1bb27dc4de96e9d') in 0.011671 seconds
Number of updated asset objects reloaded before import = 0
Number of asset objects unloaded after import = 1
========================================================================
Received Import Request.
  Time since last request: 0.000020 seconds.
  path: Assets/Plugins/Easy Save 3/Editor/ES3AutoSaveMgrEditor.cs
  artifactKey: Guid(f440317f3fd444daf83c27a3381af17c) Importer(2089858483,0ecaa5967403d082aa24f35e1b516d23)
Start importing Assets/Plugins/Easy Save 3/Editor/ES3AutoSaveMgrEditor.cs using Guid(f440317f3fd444daf83c27a3381af17c) Importer(2089858483,0ecaa5967403d082aa24f35e1b516d23)  -> (artifact id: '1d2da004e7fece407d90024bb390dffb') in 0.017169 seconds
Number of updated asset objects reloaded before import = 0
Number of asset objects unloaded after import = 1
========================================================================
Received Import Request.
  Time since last request: 0.000016 seconds.
  path: Assets/Plugins/Easy Save 3/Editor/es3Logo16x16.png
  artifactKey: Guid(4697547d67ec24040b678d7b35835286) Importer(2089858483,0ecaa5967403d082aa24f35e1b516d23)
Start importing Assets/Plugins/Easy Save 3/Editor/es3Logo16x16.png using Guid(4697547d67ec24040b678d7b35835286) Importer(2089858483,0ecaa5967403d082aa24f35e1b516d23)  -> (artifact id: '0c79685b09f599c26dff6cf97c9d5f0a') in 0.095098 seconds
Number of updated asset objects reloaded before import = 0
Number of asset objects unloaded after import = 1
========================================================================
Received Import Request.
  Time since last request: 0.000019 seconds.
  path: Assets/Demigiant/DOTweenPro/DOTweenPro.XML
  artifactKey: Guid(db7d7ef84c388bc4fbc3835d31a15306) Importer(2089858483,0ecaa5967403d082aa24f35e1b516d23)
Start importing Assets/Demigiant/DOTweenPro/DOTweenPro.XML using Guid(db7d7ef84c388bc4fbc3835d31a15306) Importer(2089858483,0ecaa5967403d082aa24f35e1b516d23)  -> (artifact id: '4e254ca26d0313ca8e7d7f542b8a1c86') in 0.027393 seconds
Number of updated asset objects reloaded before import = 0
Number of asset objects unloaded after import = 1
========================================================================
Received Import Request.
  Time since last request: 0.000025 seconds.
  path: Assets/Editor/AutoBuild.cs
  artifactKey: Guid(1256e538a657db24db9e76b8414e45ce) Importer(2089858483,0ecaa5967403d082aa24f35e1b516d23)
Start importing Assets/Editor/AutoBuild.cs using Guid(1256e538a657db24db9e76b8414e45ce) Importer(2089858483,0ecaa5967403d082aa24f35e1b516d23)  -> (artifact id: 'd1121e035c1a8f721cfd925860fcb8c6') in 0.017998 seconds
Number of updated asset objects reloaded before import = 0
Number of asset objects unloaded after import = 1
========================================================================
Received Import Request.
  Time since last request: 0.000046 seconds.
  path: Assets/Plugins/Easy Save 3/Scripts/ES3ReferenceMgrBase.cs
  artifactKey: Guid(f659e3ad478b6470d9744732042e7515) Importer(2089858483,0ecaa5967403d082aa24f35e1b516d23)
Start importing Assets/Plugins/Easy Save 3/Scripts/ES3ReferenceMgrBase.cs using Guid(f659e3ad478b6470d9744732042e7515) Importer(2089858483,0ecaa5967403d082aa24f35e1b516d23)  -> (artifact id: '6ac3e3d1a7a9e7f6bd330830a2eb0713') in 0.031824 seconds
Number of updated asset objects reloaded before import = 0
Number of asset objects unloaded after import = 1
========================================================================
Received Import Request.
  Time since last request: 0.000028 seconds.
  path: Assets/Scripts/FeatherFramework/EventCenter/EventCenter.cs
  artifactKey: Guid(2e6317e42883c0e4a9df946c444614b6) Importer(2089858483,0ecaa5967403d082aa24f35e1b516d23)
Start importing Assets/Scripts/FeatherFramework/EventCenter/EventCenter.cs using Guid(2e6317e42883c0e4a9df946c444614b6) Importer(2089858483,0ecaa5967403d082aa24f35e1b516d23)  -> (artifact id: '3846a7f1fa9b1298f2ff181e59ff45bf') in 0.033329 seconds
Number of updated asset objects reloaded before import = 0
Number of asset objects unloaded after import = 1
========================================================================
Received Import Request.
  Time since last request: 0.000023 seconds.
  path: Assets/Scripts/FeatherFramework/PoolMgr/PoolMgr.cs
  artifactKey: Guid(5ba7dcafbee4f544a80de49e25ce61a4) Importer(2089858483,0ecaa5967403d082aa24f35e1b516d23)
Start importing Assets/Scripts/FeatherFramework/PoolMgr/PoolMgr.cs using Guid(5ba7dcafbee4f544a80de49e25ce61a4) Importer(2089858483,0ecaa5967403d082aa24f35e1b516d23)  -> (artifact id: '76c38556055f00650c94894801f7d199') in 0.016307 seconds
Number of updated asset objects reloaded before import = 0
Number of asset objects unloaded after import = 1
========================================================================
Received Import Request.
  Time since last request: 0.000020 seconds.
  path: Assets/Scripts/FeatherFramework/DataMgr/SaveHandler.cs
  artifactKey: Guid(96cae25666d46d34ca0d0978abf2246b) Importer(2089858483,0ecaa5967403d082aa24f35e1b516d23)
Start importing Assets/Scripts/FeatherFramework/DataMgr/SaveHandler.cs using Guid(96cae25666d46d34ca0d0978abf2246b) Importer(2089858483,0ecaa5967403d082aa24f35e1b516d23)  -> (artifact id: 'b62b209a30c8f908766b86612b8a52e0') in 0.027834 seconds
Number of updated asset objects reloaded before import = 0
Number of asset objects unloaded after import = 1
========================================================================
Received Import Request.
  Time since last request: 0.001766 seconds.
  path: Assets/Scripts/FeatherFramework/DataMgr/IdHolder.cs
  artifactKey: Guid(2a61e1b87e8e76d43b03ae1d0ea0124a) Importer(2089858483,0ecaa5967403d082aa24f35e1b516d23)
Start importing Assets/Scripts/FeatherFramework/DataMgr/IdHolder.cs using Guid(2a61e1b87e8e76d43b03ae1d0ea0124a) Importer(2089858483,0ecaa5967403d082aa24f35e1b516d23)  -> (artifact id: 'd0b9363397c0b016d1073b822433540d') in 0.025424 seconds
Number of updated asset objects reloaded before import = 0
Number of asset objects unloaded after import = 1
========================================================================
Received Import Request.
  Time since last request: 0.000018 seconds.
  path: Assets/Demigiant/DemiLib/Core/DemiLib.xml
  artifactKey: Guid(9bf2564c9817bb34988453ae948954d2) Importer(2089858483,0ecaa5967403d082aa24f35e1b516d23)
Start importing Assets/Demigiant/DemiLib/Core/DemiLib.xml using Guid(9bf2564c9817bb34988453ae948954d2) Importer(2089858483,0ecaa5967403d082aa24f35e1b516d23)  -> (artifact id: '185b34dd125d87c10befc11315743421') in 0.031748 seconds
Number of updated asset objects reloaded before import = 0
Number of asset objects unloaded after import = 1
========================================================================
Received Import Request.
  Time since last request: 0.000019 seconds.
  path: Assets/Plugins/Easy Save 3/Editor/es3Logo16x16-bw.png
  artifactKey: Guid(3ae63f85ae558634d83caaf5a332d1ba) Importer(2089858483,0ecaa5967403d082aa24f35e1b516d23)
Start importing Assets/Plugins/Easy Save 3/Editor/es3Logo16x16-bw.png using Guid(3ae63f85ae558634d83caaf5a332d1ba) Importer(2089858483,0ecaa5967403d082aa24f35e1b516d23)  -> (artifact id: 'd98b792837c3973c106c92847ab45e8d') in 0.044733 seconds
Number of updated asset objects reloaded before import = 0
Number of asset objects unloaded after import = 1
========================================================================
Received Import Request.
  Time since last request: 0.000026 seconds.
  path: Assets/Scripts/FeatherFramework/LanguageMgr/MultiLanguageText.cs
  artifactKey: Guid(40b41567ae99f4a4e924e4143dcbb594) Importer(2089858483,0ecaa5967403d082aa24f35e1b516d23)
Start importing Assets/Scripts/FeatherFramework/LanguageMgr/MultiLanguageText.cs using Guid(40b41567ae99f4a4e924e4143dcbb594) Importer(2089858483,0ecaa5967403d082aa24f35e1b516d23)  -> (artifact id: '9625657beed3eaeea0196b2db34f3d03') in 0.015645 seconds
Number of updated asset objects reloaded before import = 0
Number of asset objects unloaded after import = 1
========================================================================
Received Import Request.
  Time since last request: 0.000036 seconds.
  path: Assets/Demigiant/DOTween/Editor/DOTweenEditor.XML
  artifactKey: Guid(2e2c6224d345d9249acfa6e8ef40bb2d) Importer(2089858483,0ecaa5967403d082aa24f35e1b516d23)
Start importing Assets/Demigiant/DOTween/Editor/DOTweenEditor.XML using Guid(2e2c6224d345d9249acfa6e8ef40bb2d) Importer(2089858483,0ecaa5967403d082aa24f35e1b516d23)  -> (artifact id: '794318b465682eab371a87b6d0c877d4') in 0.119309 seconds
Number of updated asset objects reloaded before import = 0
Number of asset objects unloaded after import = 1
========================================================================
Received Import Request.
  Time since last request: 0.000020 seconds.
  path: Assets/Scripts/FeatherFramework/GameManager.cs
  artifactKey: Guid(f36b763a6b6558b41b9eb37071c672e0) Importer(2089858483,0ecaa5967403d082aa24f35e1b516d23)
Start importing Assets/Scripts/FeatherFramework/GameManager.cs using Guid(f36b763a6b6558b41b9eb37071c672e0) Importer(2089858483,0ecaa5967403d082aa24f35e1b516d23)  -> (artifact id: '0aae166c211c4f35bcd5184b3e5d2386') in 0.034986 seconds
Number of updated asset objects reloaded before import = 0
Number of asset objects unloaded after import = 1
========================================================================
Received Import Request.
  Time since last request: 0.000021 seconds.
  path: Assets/Plugins/Easy Save 3/Change Log/Change Log.txt
  artifactKey: Guid(48fdb523e0bb47f479a18f9b236df644) Importer(2089858483,0ecaa5967403d082aa24f35e1b516d23)
Start importing Assets/Plugins/Easy Save 3/Change Log/Change Log.txt using Guid(48fdb523e0bb47f479a18f9b236df644) Importer(2089858483,0ecaa5967403d082aa24f35e1b516d23)  -> (artifact id: '30dd5248c58fa8aefdf3f476514ade13') in 0.052969 seconds
Number of updated asset objects reloaded before import = 0
Number of asset objects unloaded after import = 1
========================================================================
Received Import Request.
  Time since last request: 0.000024 seconds.
  path: Assets/Scripts/FeatherFramework/DataMgr/ActivationRecorder.cs
  artifactKey: Guid(a8d5065a90e0f0342a674404e41e4107) Importer(2089858483,0ecaa5967403d082aa24f35e1b516d23)
Start importing Assets/Scripts/FeatherFramework/DataMgr/ActivationRecorder.cs using Guid(a8d5065a90e0f0342a674404e41e4107) Importer(2089858483,0ecaa5967403d082aa24f35e1b516d23)  -> (artifact id: 'f8b13785e47bc087e5d74664e04490a3') in 0.023477 seconds
Number of updated asset objects reloaded before import = 0
Number of asset objects unloaded after import = 1
========================================================================
Received Import Request.
  Time since last request: 0.000034 seconds.
  path: Assets/Scripts/FeatherFramework/DataMgr/SQLIdHolder.cs
  artifactKey: Guid(47819bbce5370a54f952cf360879415c) Importer(2089858483,0ecaa5967403d082aa24f35e1b516d23)
Start importing Assets/Scripts/FeatherFramework/DataMgr/SQLIdHolder.cs using Guid(47819bbce5370a54f952cf360879415c) Importer(2089858483,0ecaa5967403d082aa24f35e1b516d23)  -> (artifact id: '1a9ed6848f8577536340198076a0b861') in 0.016191 seconds
Number of updated asset objects reloaded before import = 0
Number of asset objects unloaded after import = 1
========================================================================
Received Import Request.
  Time since last request: 0.000027 seconds.
  path: Assets/Plugins/Easy Save 3/Editor/ToolsWindow.cs
  artifactKey: Guid(0d6114c1d40624e9e8575e814c45ac1a) Importer(2089858483,0ecaa5967403d082aa24f35e1b516d23)
Start importing Assets/Plugins/Easy Save 3/Editor/ToolsWindow.cs using Guid(0d6114c1d40624e9e8575e814c45ac1a) Importer(2089858483,0ecaa5967403d082aa24f35e1b516d23)  -> (artifact id: 'd1e9c7ec862298c74fb4b8b0d0692aff') in 0.015243 seconds
Number of updated asset objects reloaded before import = 0
Number of asset objects unloaded after import = 1
========================================================================
Received Import Request.
  Time since last request: 0.000026 seconds.
  path: Assets/Demigiant/DemiLib/Core/DemiLib.dll
  artifactKey: Guid(54be29b67d0d29a478da2c6e5c62f091) Importer(2089858483,0ecaa5967403d082aa24f35e1b516d23)
Start importing Assets/Demigiant/DemiLib/Core/DemiLib.dll using Guid(54be29b67d0d29a478da2c6e5c62f091) Importer(2089858483,0ecaa5967403d082aa24f35e1b516d23)  -> (artifact id: '846b9ffb43054bb6e92a64ddb7296e48') in 0.021687 seconds
Number of updated asset objects reloaded before import = 0
Number of asset objects unloaded after import = 1
========================================================================
Received Import Request.
  Time since last request: 0.000023 seconds.
  path: Assets/Plugins/Easy Save 3/Scripts/Settings/ES3DefaultSettings.cs
  artifactKey: Guid(c6d233887d0c64d7e8f3ebcb39bc8c82) Importer(2089858483,0ecaa5967403d082aa24f35e1b516d23)
Start importing Assets/Plugins/Easy Save 3/Scripts/Settings/ES3DefaultSettings.cs using Guid(c6d233887d0c64d7e8f3ebcb39bc8c82) Importer(2089858483,0ecaa5967403d082aa24f35e1b516d23)  -> (artifact id: '6a58b75601b6bf8b1ecef431d9b02426') in 0.014196 seconds
Number of updated asset objects reloaded before import = 0
Number of asset objects unloaded after import = 1
========================================================================
Received Import Request.
  Time since last request: 0.000015 seconds.
  path: Assets/Plugins/Easy Save 3/Scripts/Streams/ES3Stream.cs
  artifactKey: Guid(b4ec91ea5d66749aca7d5555b767728a) Importer(2089858483,0ecaa5967403d082aa24f35e1b516d23)
Start importing Assets/Plugins/Easy Save 3/Scripts/Streams/ES3Stream.cs using Guid(b4ec91ea5d66749aca7d5555b767728a) Importer(2089858483,0ecaa5967403d082aa24f35e1b516d23)  -> (artifact id: 'd8c1c7ca3ab05d376cfae3b206d85de5') in 0.018157 seconds
Number of updated asset objects reloaded before import = 0
Number of asset objects unloaded after import = 1
========================================================================
Received Import Request.
  Time since last request: 0.000016 seconds.
  path: Assets/Scripts/FeatherFramework/Singleton/Singleton.cs
  artifactKey: Guid(f460c2e1b61639c428e5bf9f377d5028) Importer(2089858483,0ecaa5967403d082aa24f35e1b516d23)
Start importing Assets/Scripts/FeatherFramework/Singleton/Singleton.cs using Guid(f460c2e1b61639c428e5bf9f377d5028) Importer(2089858483,0ecaa5967403d082aa24f35e1b516d23)  -> (artifact id: '68b83606e64a23c8eb7c71206d5d9bfa') in 0.012601 seconds
Number of updated asset objects reloaded before import = 0
Number of asset objects unloaded after import = 1
========================================================================
Received Import Request.
  Time since last request: 0.000018 seconds.
  path: Assets/Scripts/FeatherFramework/Tools/UITool.cs
  artifactKey: Guid(0297fecd4d8b911448b93af67fc53c81) Importer(2089858483,0ecaa5967403d082aa24f35e1b516d23)
Start importing Assets/Scripts/FeatherFramework/Tools/UITool.cs using Guid(0297fecd4d8b911448b93af67fc53c81) Importer(2089858483,0ecaa5967403d082aa24f35e1b516d23)  -> (artifact id: '50bf0099a36503b4a74d50d5cac779d9') in 0.016296 seconds
Number of updated asset objects reloaded before import = 0
Number of asset objects unloaded after import = 1
========================================================================
Received Import Request.
  Time since last request: 0.000017 seconds.
  path: Assets/Plugins/Easy Save 3/Scripts/Referencing/ES3GlobalReferences.cs
  artifactKey: Guid(e6b16dc7c203450459bb86e24305f9ca) Importer(2089858483,0ecaa5967403d082aa24f35e1b516d23)
Start importing Assets/Plugins/Easy Save 3/Scripts/Referencing/ES3GlobalReferences.cs using Guid(e6b16dc7c203450459bb86e24305f9ca) Importer(2089858483,0ecaa5967403d082aa24f35e1b516d23)  -> (artifact id: 'a66a17e39b2052830d1d04377e2a35ba') in 0.014623 seconds
Number of updated asset objects reloaded before import = 0
Number of asset objects unloaded after import = 1
========================================================================
Received Import Request.
  Time since last request: 0.000015 seconds.
  path: Assets/Scripts/FeatherFramework/Singleton/SingletonMono.cs
  artifactKey: Guid(9ff61f2c3c87fff4595fc1eac4948dc2) Importer(2089858483,0ecaa5967403d082aa24f35e1b516d23)
Start importing Assets/Scripts/FeatherFramework/Singleton/SingletonMono.cs using Guid(9ff61f2c3c87fff4595fc1eac4948dc2) Importer(2089858483,0ecaa5967403d082aa24f35e1b516d23)  -> (artifact id: '83f88d6e8fc0e50c9876e2ec67b7f839') in 0.017197 seconds
Number of updated asset objects reloaded before import = 0
Number of asset objects unloaded after import = 1
========================================================================
Received Import Request.
  Time since last request: 0.000023 seconds.
  path: Assets/Plugins/Easy Save 3/Scripts/Attributes/ES3Attributes.cs
  artifactKey: Guid(e29c69181d1dff642b20c218819fe2e9) Importer(2089858483,0ecaa5967403d082aa24f35e1b516d23)
Start importing Assets/Plugins/Easy Save 3/Scripts/Attributes/ES3Attributes.cs using Guid(e29c69181d1dff642b20c218819fe2e9) Importer(2089858483,0ecaa5967403d082aa24f35e1b516d23)  -> (artifact id: '76b6252c6515ace39b79bc0210e433c4') in 0.017467 seconds
Number of updated asset objects reloaded before import = 0
Number of asset objects unloaded after import = 1
========================================================================
Received Import Request.
  Time since last request: 0.000018 seconds.
  path: Assets/Plugins/Easy Save 3/Scripts/Streams/ES3ResourcesStream.cs
  artifactKey: Guid(fe24380d3aca84a4d97e668349d86d37) Importer(2089858483,0ecaa5967403d082aa24f35e1b516d23)
Start importing Assets/Plugins/Easy Save 3/Scripts/Streams/ES3ResourcesStream.cs using Guid(fe24380d3aca84a4d97e668349d86d37) Importer(2089858483,0ecaa5967403d082aa24f35e1b516d23)  -> (artifact id: '00d1133d1aab9b27749065e81324c75e') in 0.014686 seconds
Number of updated asset objects reloaded before import = 0
Number of asset objects unloaded after import = 1
========================================================================
Received Import Request.
  Time since last request: 0.000019 seconds.
  path: Assets/Demigiant/DOTween/Editor/Imgs/Footer_dark.png
  artifactKey: Guid(519694efe2bb2914788b151fbd8c01f4) Importer(2089858483,0ecaa5967403d082aa24f35e1b516d23)
Start importing Assets/Demigiant/DOTween/Editor/Imgs/Footer_dark.png using Guid(519694efe2bb2914788b151fbd8c01f4) Importer(2089858483,0ecaa5967403d082aa24f35e1b516d23)  -> (artifact id: 'd4c9876f28b6d5387583a55cb6782c01') in 0.667219 seconds
Number of updated asset objects reloaded before import = 0
Number of asset objects unloaded after import = 1
========================================================================
Received Import Request.
  Time since last request: 0.000016 seconds.
  path: Assets/Plugins/Easy Save 3/Scripts/Types/ES3ComponentType.cs
  artifactKey: Guid(6d82e3d10b49c4028bca528611e53210) Importer(2089858483,0ecaa5967403d082aa24f35e1b516d23)
Start importing Assets/Plugins/Easy Save 3/Scripts/Types/ES3ComponentType.cs using Guid(6d82e3d10b49c4028bca528611e53210) Importer(2089858483,0ecaa5967403d082aa24f35e1b516d23)  -> (artifact id: '375ac6cac31606b6274a7ac30e616d0f') in 0.009951 seconds
Number of updated asset objects reloaded before import = 0
Number of asset objects unloaded after import = 1
========================================================================
Received Import Request.
  Time since last request: 0.000090 seconds.
  path: Assets/Plugins/Easy Save 3/Scripts/Types/ES3ObjectType.cs
  artifactKey: Guid(2becffd8c9d4e4e0db6031d9680eae48) Importer(2089858483,0ecaa5967403d082aa24f35e1b516d23)
Start importing Assets/Plugins/Easy Save 3/Scripts/Types/ES3ObjectType.cs using Guid(2becffd8c9d4e4e0db6031d9680eae48) Importer(2089858483,0ecaa5967403d082aa24f35e1b516d23)  -> (artifact id: 'f07f7de14f607960312a287c4f8a2098') in 0.007985 seconds
Number of updated asset objects reloaded before import = 0
Number of asset objects unloaded after import = 1
========================================================================
Received Import Request.
  Time since last request: 0.000015 seconds.
  path: Assets/Demigiant/DemiLib/Core/Editor/Imgs/blueSquare.png
  artifactKey: Guid(05cfe010378336646ad6c721f66543d1) Importer(2089858483,0ecaa5967403d082aa24f35e1b516d23)
Start importing Assets/Demigiant/DemiLib/Core/Editor/Imgs/blueSquare.png using Guid(05cfe010378336646ad6c721f66543d1) Importer(2089858483,0ecaa5967403d082aa24f35e1b516d23)  -> (artifact id: '17981ba2006b7534b28973916f9770c9') in 0.086392 seconds
Number of updated asset objects reloaded before import = 0
Number of asset objects unloaded after import = 1
========================================================================
Received Import Request.
  Time since last request: 0.000019 seconds.
  path: Assets/Demigiant/DemiLib/Core/Editor/Imgs/blackSquareAlpha50.png
  artifactKey: Guid(aa1d42dc6ff3e894da2208c6929d2165) Importer(2089858483,0ecaa5967403d082aa24f35e1b516d23)
Start importing Assets/Demigiant/DemiLib/Core/Editor/Imgs/blackSquareAlpha50.png using Guid(aa1d42dc6ff3e894da2208c6929d2165) Importer(2089858483,0ecaa5967403d082aa24f35e1b516d23)  -> (artifact id: 'de439a3eb86b731f75a7b6a73e83bf81') in 0.035791 seconds
Number of updated asset objects reloaded before import = 0
Number of asset objects unloaded after import = 1
========================================================================
Received Import Request.
  Time since last request: 0.000038 seconds.
  path: Assets/Scripts/FeatherFramework/SceneMgr/LoadScene.cs
  artifactKey: Guid(0c84ce609d1bfd14f8eceffbfcb981c8) Importer(2089858483,0ecaa5967403d082aa24f35e1b516d23)
Start importing Assets/Scripts/FeatherFramework/SceneMgr/LoadScene.cs using Guid(0c84ce609d1bfd14f8eceffbfcb981c8) Importer(2089858483,0ecaa5967403d082aa24f35e1b516d23)  -> (artifact id: '47ceed8f63d0d168d879e18c67ba6256') in 0.012069 seconds
Number of updated asset objects reloaded before import = 0
Number of asset objects unloaded after import = 1
========================================================================
Received Import Request.
  Time since last request: 0.000018 seconds.
  path: Assets/Scripts/Game/Base/GameSettings.cs
  artifactKey: Guid(f5764abde5aae3c4aa9e9002c8f51bf3) Importer(2089858483,0ecaa5967403d082aa24f35e1b516d23)
Start importing Assets/Scripts/Game/Base/GameSettings.cs using Guid(f5764abde5aae3c4aa9e9002c8f51bf3) Importer(2089858483,0ecaa5967403d082aa24f35e1b516d23)  -> (artifact id: '7b13ffab65a6c5767c38f6aa67fdd445') in 0.018414 seconds
Number of updated asset objects reloaded before import = 0
Number of asset objects unloaded after import = 1
========================================================================
Received Import Request.
  Time since last request: 0.000020 seconds.
  path: Assets/Plugins/Easy Save 3/PlayMaker/ES3PlayMaker.cs
  artifactKey: Guid(5989e48214df74e2b9cced724ec2e5c8) Importer(2089858483,0ecaa5967403d082aa24f35e1b516d23)
Start importing Assets/Plugins/Easy Save 3/PlayMaker/ES3PlayMaker.cs using Guid(5989e48214df74e2b9cced724ec2e5c8) Importer(2089858483,0ecaa5967403d082aa24f35e1b516d23)  -> (artifact id: '7f3ea23e720361ecc6b794a5c8fd252c') in 0.015286 seconds
Number of updated asset objects reloaded before import = 0
Number of asset objects unloaded after import = 1
========================================================================
Received Import Request.
  Time since last request: 0.000022 seconds.
  path: Assets/Plugins/Easy Save 3/Scripts/Streams/ES3PlayerPrefsStream.cs
  artifactKey: Guid(df45161eabf2549c28f00352d4f970dc) Importer(2089858483,0ecaa5967403d082aa24f35e1b516d23)
Start importing Assets/Plugins/Easy Save 3/Scripts/Streams/ES3PlayerPrefsStream.cs using Guid(df45161eabf2549c28f00352d4f970dc) Importer(2089858483,0ecaa5967403d082aa24f35e1b516d23)  -> (artifact id: 'edeaa813d21d27100c1940264c3d845c') in 0.014464 seconds
Number of updated asset objects reloaded before import = 0
Number of asset objects unloaded after import = 1
========================================================================
Received Import Request.
  Time since last request: 0.000019 seconds.
  path: Assets/Demigiant/DemiLib/Core/Editor/Imgs/ico_alignHC.png
  artifactKey: Guid(b9e0e5a8836018e4c810fbceba55a1b4) Importer(2089858483,0ecaa5967403d082aa24f35e1b516d23)
Start importing Assets/Demigiant/DemiLib/Core/Editor/Imgs/ico_alignHC.png using Guid(b9e0e5a8836018e4c810fbceba55a1b4) Importer(2089858483,0ecaa5967403d082aa24f35e1b516d23)  -> (artifact id: '2afaa6605e37a95a2b24a89a86d21fbd') in 0.123727 seconds
Number of updated asset objects reloaded before import = 0
Number of asset objects unloaded after import = 1
========================================================================
Received Import Request.
  Time since last request: 0.000022 seconds.
  path: Assets/Demigiant/DemiLib/Core/Editor/Imgs/ico_alignCC.png
  artifactKey: Guid(8f0cb66458819764b94b93250bae94b6) Importer(2089858483,0ecaa5967403d082aa24f35e1b516d23)
Start importing Assets/Demigiant/DemiLib/Core/Editor/Imgs/ico_alignCC.png using Guid(8f0cb66458819764b94b93250bae94b6) Importer(2089858483,0ecaa5967403d082aa24f35e1b516d23)  -> (artifact id: '2b4fe64b70a3be9ba1e3e9b176cc24bc') in 0.149421 seconds
Number of updated asset objects reloaded before import = 0
Number of asset objects unloaded after import = 1
========================================================================
Received Import Request.
  Time since last request: 0.000022 seconds.
  path: Assets/Demigiant/DemiLib/Core/Editor/Imgs/ico_alignR.png
  artifactKey: Guid(727ba41e4cc95fe4a98b07301e3ebfc8) Importer(2089858483,0ecaa5967403d082aa24f35e1b516d23)
Start importing Assets/Demigiant/DemiLib/Core/Editor/Imgs/ico_alignR.png using Guid(727ba41e4cc95fe4a98b07301e3ebfc8) Importer(2089858483,0ecaa5967403d082aa24f35e1b516d23)  -> (artifact id: 'ef460051b2bf85d65a8148b55b6ba214') in 0.047391 seconds
Number of updated asset objects reloaded before import = 0
Number of asset objects unloaded after import = 1
========================================================================
Received Import Request.
  Time since last request: 0.000016 seconds.
  path: Assets/Demigiant/DemiLib/Core/Editor/Imgs/ico_alignBC.png
  artifactKey: Guid(2cdc0bc527f7a434496c6be9236e636f) Importer(2089858483,0ecaa5967403d082aa24f35e1b516d23)
Start importing Assets/Demigiant/DemiLib/Core/Editor/Imgs/ico_alignBC.png using Guid(2cdc0bc527f7a434496c6be9236e636f) Importer(2089858483,0ecaa5967403d082aa24f35e1b516d23)  -> (artifact id: '69f9e3efc87288d3349e53a7ce15f776') in 0.080138 seconds
Number of updated asset objects reloaded before import = 0
Number of asset objects unloaded after import = 1
========================================================================
Received Import Request.
  Time since last request: 0.000014 seconds.
  path: Assets/Demigiant/DemiLib/Core/Editor/Imgs/ico_alignCR.png
  artifactKey: Guid(6f504a3fa8848264bb4fb9bb7d582dd5) Importer(2089858483,0ecaa5967403d082aa24f35e1b516d23)
Start importing Assets/Demigiant/DemiLib/Core/Editor/Imgs/ico_alignCR.png using Guid(6f504a3fa8848264bb4fb9bb7d582dd5) Importer(2089858483,0ecaa5967403d082aa24f35e1b516d23)  -> (artifact id: 'bf99262cac9bb623ca34fe8b18933700') in 0.027485 seconds
Number of updated asset objects reloaded before import = 0
Number of asset objects unloaded after import = 1
========================================================================
Received Import Request.
  Time since last request: 0.000014 seconds.
  path: Assets/Demigiant/DemiLib/Core/Editor/DemiEditor.xml
  artifactKey: Guid(d4a42b2e4e6f64d4ba01d35c5a3dafed) Importer(2089858483,0ecaa5967403d082aa24f35e1b516d23)
Start importing Assets/Demigiant/DemiLib/Core/Editor/DemiEditor.xml using Guid(d4a42b2e4e6f64d4ba01d35c5a3dafed) Importer(2089858483,0ecaa5967403d082aa24f35e1b516d23)  -> (artifact id: '5ecc3910aaca3b4aa7eca84307f4e0cb') in 0.078760 seconds
Number of updated asset objects reloaded before import = 0
Number of asset objects unloaded after import = 1
========================================================================
Received Import Request.
  Time since last request: 0.000044 seconds.
  path: Assets/Demigiant/DemiLib/Core/Editor/Imgs/ico_ok.png
  artifactKey: Guid(34f39b5a760ddbb4d8b8749852868335) Importer(2089858483,0ecaa5967403d082aa24f35e1b516d23)
Start importing Assets/Demigiant/DemiLib/Core/Editor/Imgs/ico_ok.png using Guid(34f39b5a760ddbb4d8b8749852868335) Importer(2089858483,0ecaa5967403d082aa24f35e1b516d23)  -> (artifact id: 'd4ef401554f5e9f374e494d354d89c39') in 0.593297 seconds
Number of updated asset objects reloaded before import = 0
Number of asset objects unloaded after import = 1
========================================================================
Received Import Request.
  Time since last request: 0.000017 seconds.
  path: Assets/Demigiant/DemiLib/Core/Editor/Imgs/purpleSquare.png
  artifactKey: Guid(dc0ca9b32ae9fd049911671cf1a480bf) Importer(2089858483,0ecaa5967403d082aa24f35e1b516d23)
Start importing Assets/Demigiant/DemiLib/Core/Editor/Imgs/purpleSquare.png using Guid(dc0ca9b32ae9fd049911671cf1a480bf) Importer(2089858483,0ecaa5967403d082aa24f35e1b516d23)  -> (artifact id: 'ffcc2ea6ae85b94ce3f69fc188c7277f') in 0.081321 seconds
Number of updated asset objects reloaded before import = 0
Number of asset objects unloaded after import = 1
========================================================================
Received Import Request.
  Time since last request: 0.000026 seconds.
  path: Assets/Demigiant/DemiLib/Core/Editor/Imgs/ico_end.png
  artifactKey: Guid(a248c8288afb9184f953d9aa07a696b0) Importer(2089858483,0ecaa5967403d082aa24f35e1b516d23)
Start importing Assets/Demigiant/DemiLib/Core/Editor/Imgs/ico_end.png using Guid(a248c8288afb9184f953d9aa07a696b0) Importer(2089858483,0ecaa5967403d082aa24f35e1b516d23)  -> (artifact id: 'cae13bdb8dc4861843f688d41c28cec2') in 0.108403 seconds
Number of updated asset objects reloaded before import = 0
Number of asset objects unloaded after import = 1
========================================================================
Received Import Request.
  Time since last request: 0.000013 seconds.
  path: Assets/Demigiant/DemiLib/Core/Editor/Imgs/ico_foldout_closed.png
  artifactKey: Guid(301c130dbb4bbba4e87072804939c861) Importer(2089858483,0ecaa5967403d082aa24f35e1b516d23)
Start importing Assets/Demigiant/DemiLib/Core/Editor/Imgs/ico_foldout_closed.png using Guid(301c130dbb4bbba4e87072804939c861) Importer(2089858483,0ecaa5967403d082aa24f35e1b516d23)  -> (artifact id: 'db6a990aa0be8b49d7e4268b74cf01c8') in 0.065829 seconds
Number of updated asset objects reloaded before import = 0
Number of asset objects unloaded after import = 1
========================================================================
Received Import Request.
  Time since last request: 0.000013 seconds.
  path: Assets/Demigiant/DemiLib/Core/Editor/Imgs/orangeSquare.png
  artifactKey: Guid(3e730492361eb6e45be5c5fdafac23be) Importer(2089858483,0ecaa5967403d082aa24f35e1b516d23)
Start importing Assets/Demigiant/DemiLib/Core/Editor/Imgs/orangeSquare.png using Guid(3e730492361eb6e45be5c5fdafac23be) Importer(2089858483,0ecaa5967403d082aa24f35e1b516d23)  -> (artifact id: '8bc93e7964661cbc3364ba281e6890d5') in 0.032684 seconds
Number of updated asset objects reloaded before import = 0
Number of asset objects unloaded after import = 1
========================================================================
Received Import Request.
  Time since last request: 0.000023 seconds.
  path: Assets/Demigiant/DemiLib/Core/Editor/Imgs/ico_heart_border.png
  artifactKey: Guid(669c487f3c9c5fe4abb6459f9c2628f0) Importer(2089858483,0ecaa5967403d082aa24f35e1b516d23)
Start importing Assets/Demigiant/DemiLib/Core/Editor/Imgs/ico_heart_border.png using Guid(669c487f3c9c5fe4abb6459f9c2628f0) Importer(2089858483,0ecaa5967403d082aa24f35e1b516d23)  -> (artifact id: '8a2c34bb43cb9f912184d33ae67ee0aa') in 0.037634 seconds
Number of updated asset objects reloaded before import = 0
Number of asset objects unloaded after import = 1
========================================================================
Received Import Request.
  Time since last request: 0.000022 seconds.
  path: Assets/Scripts/FeatherFramework/Tools/BezierCurveTool.cs
  artifactKey: Guid(fb7f5b92b4c29cb4b99f06b572e17e16) Importer(2089858483,0ecaa5967403d082aa24f35e1b516d23)
Start importing Assets/Scripts/FeatherFramework/Tools/BezierCurveTool.cs using Guid(fb7f5b92b4c29cb4b99f06b572e17e16) Importer(2089858483,0ecaa5967403d082aa24f35e1b516d23)  -> (artifact id: '1e6ccc17e57058efd756ff7e585b2d38') in 0.013829 seconds
Number of updated asset objects reloaded before import = 0
Number of asset objects unloaded after import = 1
========================================================================
Received Import Request.
  Time since last request: 0.000019 seconds.
  path: Assets/Sprites/controller.png
  artifactKey: Guid(711af7c7f96ad374a88f5a0d773cbc06) Importer(2089858483,0ecaa5967403d082aa24f35e1b516d23)
Start importing Assets/Sprites/controller.png using Guid(711af7c7f96ad374a88f5a0d773cbc06) Importer(2089858483,0ecaa5967403d082aa24f35e1b516d23)  -> (artifact id: '4438669cdbbbece299d98483ffc7ccf0') in 0.044964 seconds
Number of updated asset objects reloaded before import = 0
Number of asset objects unloaded after import = 3
========================================================================
Received Import Request.
  Time since last request: 0.000014 seconds.
  path: Assets/Demigiant/DemiLib/Core/Editor/Imgs/ico_cog.png
  artifactKey: Guid(7c83a08052c9e2f49b47897a637994de) Importer(2089858483,0ecaa5967403d082aa24f35e1b516d23)
Start importing Assets/Demigiant/DemiLib/Core/Editor/Imgs/ico_cog.png using Guid(7c83a08052c9e2f49b47897a637994de) Importer(2089858483,0ecaa5967403d082aa24f35e1b516d23)  -> (artifact id: 'ef72eabedabf18d24d0edd8e8bed3c2b') in 0.147301 seconds
Number of updated asset objects reloaded before import = 0
Number of asset objects unloaded after import = 1
========================================================================
Received Import Request.
  Time since last request: 0.000017 seconds.
  path: Assets/Demigiant/DemiLib/Core/Editor/Imgs/transparentSquare.png
  artifactKey: Guid(4d338c631fa36f345b72a36f1c91ff9a) Importer(2089858483,0ecaa5967403d082aa24f35e1b516d23)
Start importing Assets/Demigiant/DemiLib/Core/Editor/Imgs/transparentSquare.png using Guid(4d338c631fa36f345b72a36f1c91ff9a) Importer(2089858483,0ecaa5967403d082aa24f35e1b516d23)  -> (artifact id: 'b1592fd228321f1b26e18045ad6fd701') in 0.050361 seconds
Number of updated asset objects reloaded before import = 0
Number of asset objects unloaded after import = 1
========================================================================
Received Import Request.
  Time since last request: 0.000023 seconds.
  path: Assets/Demigiant/DemiLib/Core/Editor/Imgs/tileBars_empty.png
  artifactKey: Guid(d1278357b25e10442b6ca6c24edc9781) Importer(2089858483,0ecaa5967403d082aa24f35e1b516d23)
Start importing Assets/Demigiant/DemiLib/Core/Editor/Imgs/tileBars_empty.png using Guid(d1278357b25e10442b6ca6c24edc9781) Importer(2089858483,0ecaa5967403d082aa24f35e1b516d23)  -> (artifact id: 'f150f70b74ccd5b3fd270efe0e6a9afc') in 0.089376 seconds
Number of updated asset objects reloaded before import = 0
Number of asset objects unloaded after import = 1
========================================================================
Received Import Request.
  Time since last request: 0.000021 seconds.
  path: Assets/Demigiant/DemiLib/Core/Editor/Imgs/squareBorderCurved02.png
  artifactKey: Guid(ff88be84254fb1f4b9a81a27ae0b2e81) Importer(2089858483,0ecaa5967403d082aa24f35e1b516d23)
Start importing Assets/Demigiant/DemiLib/Core/Editor/Imgs/squareBorderCurved02.png using Guid(ff88be84254fb1f4b9a81a27ae0b2e81) Importer(2089858483,0ecaa5967403d082aa24f35e1b516d23)  -> (artifact id: 'e3cfbe5b28df8bed09c5da8eb893bb04') in 0.028546 seconds
Number of updated asset objects reloaded before import = 0
Number of asset objects unloaded after import = 1
========================================================================
Received Import Request.
  Time since last request: 0.000034 seconds.
  path: Assets/Demigiant/DemiLib/Core/Editor/Imgs/squareBorderEmpty02.png
  artifactKey: Guid(29b0e8156f6fb774faf129c83bc9ee33) Importer(2089858483,0ecaa5967403d082aa24f35e1b516d23)
Start importing Assets/Demigiant/DemiLib/Core/Editor/Imgs/squareBorderEmpty02.png using Guid(29b0e8156f6fb774faf129c83bc9ee33) Importer(2089858483,0ecaa5967403d082aa24f35e1b516d23)  -> (artifact id: '2d613efec7b4741d0346fc898ba5b061') in 0.044341 seconds
Number of updated asset objects reloaded before import = 0
Number of asset objects unloaded after import = 1
========================================================================
Received Import Request.
  Time since last request: 0.000016 seconds.
  path: Assets/Demigiant/DemiLib/Core/Editor/Imgs/squareBorderCurved02_darkBorders.png
  artifactKey: Guid(e3ae01f12865ad54ba365963bda55759) Importer(2089858483,0ecaa5967403d082aa24f35e1b516d23)
Start importing Assets/Demigiant/DemiLib/Core/Editor/Imgs/squareBorderCurved02_darkBorders.png using Guid(e3ae01f12865ad54ba365963bda55759) Importer(2089858483,0ecaa5967403d082aa24f35e1b516d23)  -> (artifact id: '205c538db401512f685a4aae9c2cd790') in 0.058404 seconds
Number of updated asset objects reloaded before import = 0
Number of asset objects unloaded after import = 1
========================================================================
Received Import Request.
  Time since last request: 0.000017 seconds.
  path: Assets/Demigiant/DemiLib/Core/Editor/Imgs/squareBorderCurvedEmptyThick.png
  artifactKey: Guid(fc3b86627d5fe1c4d865b80627e2e37c) Importer(2089858483,0ecaa5967403d082aa24f35e1b516d23)
Start importing Assets/Demigiant/DemiLib/Core/Editor/Imgs/squareBorderCurvedEmptyThick.png using Guid(fc3b86627d5fe1c4d865b80627e2e37c) Importer(2089858483,0ecaa5967403d082aa24f35e1b516d23)  -> (artifact id: '82bc28530112273b775002ed4ae4d46a') in 0.395829 seconds
Number of updated asset objects reloaded before import = 0
Number of asset objects unloaded after import = 1
========================================================================
Received Import Request.
  Time since last request: 0.000074 seconds.
  path: Assets/Plugins/Easy Save 3/Scripts/Types/Collection Types/ES3ListType.cs
  artifactKey: Guid(3502f1923072c49498bb91827fae42eb) Importer(2089858483,0ecaa5967403d082aa24f35e1b516d23)
Start importing Assets/Plugins/Easy Save 3/Scripts/Types/Collection Types/ES3ListType.cs using Guid(3502f1923072c49498bb91827fae42eb) Importer(2089858483,0ecaa5967403d082aa24f35e1b516d23)  -> (artifact id: 'f65a456692c619ea54b738a71a59ce5c') in 0.007445 seconds
Number of updated asset objects reloaded before import = 0
Number of asset objects unloaded after import = 1
========================================================================
Received Import Request.
  Time since last request: 0.000022 seconds.
  path: Assets/Plugins/Easy Save 3/Scripts/Types/Primitive Types/ES3Type_byte.cs
  artifactKey: Guid(0c6f8718240d84f40a9d4b3ac41b3398) Importer(2089858483,0ecaa5967403d082aa24f35e1b516d23)
Start importing Assets/Plugins/Easy Save 3/Scripts/Types/Primitive Types/ES3Type_byte.cs using Guid(0c6f8718240d84f40a9d4b3ac41b3398) Importer(2089858483,0ecaa5967403d082aa24f35e1b516d23)  -> (artifact id: 'd0fd432daa2cdc1680c0af91d0851f98') in 0.008393 seconds
Number of updated asset objects reloaded before import = 0
Number of asset objects unloaded after import = 1
========================================================================
Received Import Request.
  Time since last request: 0.000016 seconds.
  path: Assets/Demigiant/DemiLib/Core/Editor/Imgs/whiteSquareAlpha80.png
  artifactKey: Guid(11848dd30e516d846a02cd302634d317) Importer(2089858483,0ecaa5967403d082aa24f35e1b516d23)
Start importing Assets/Demigiant/DemiLib/Core/Editor/Imgs/whiteSquareAlpha80.png using Guid(11848dd30e516d846a02cd302634d317) Importer(2089858483,0ecaa5967403d082aa24f35e1b516d23)  -> (artifact id: 'b25d47c1961aa9d80d451253478e40cf') in 0.040031 seconds
Number of updated asset objects reloaded before import = 0
Number of asset objects unloaded after import = 1
========================================================================
Received Import Request.
  Time since last request: 0.000099 seconds.
  path: Assets/Plugins/Easy Save 3/Scripts/Types/Collection Types/ES3HashSetType.cs
  artifactKey: Guid(e2a5f03b11de242bf9f3c6766875188b) Importer(2089858483,0ecaa5967403d082aa24f35e1b516d23)
Start importing Assets/Plugins/Easy Save 3/Scripts/Types/Collection Types/ES3HashSetType.cs using Guid(e2a5f03b11de242bf9f3c6766875188b) Importer(2089858483,0ecaa5967403d082aa24f35e1b516d23)  -> (artifact id: '59a90167b13d2cb83b2a868ed082b111') in 0.008394 seconds
Number of updated asset objects reloaded before import = 0
Number of asset objects unloaded after import = 1
========================================================================
Received Import Request.
  Time since last request: 0.000014 seconds.
  path: Assets/Demigiant/DemiLib/Core/Editor/Imgs/whiteSquareAlpha25.png
  artifactKey: Guid(511f6b24c50557a40a09633b12b8b8ef) Importer(2089858483,0ecaa5967403d082aa24f35e1b516d23)
Start importing Assets/Demigiant/DemiLib/Core/Editor/Imgs/whiteSquareAlpha25.png using Guid(511f6b24c50557a40a09633b12b8b8ef) Importer(2089858483,0ecaa5967403d082aa24f35e1b516d23)  -> (artifact id: 'bfeb827d28fef5c8ef49ac011848c3bf') in 0.024589 seconds
Number of updated asset objects reloaded before import = 0
Number of asset objects unloaded after import = 1
========================================================================
Received Import Request.
  Time since last request: 0.000017 seconds.
  path: Assets/Plugins/Easy Save 3/Scripts/Types/Collection Types/ES3DictionaryType.cs
  artifactKey: Guid(2bc573810521e44bea185a4fa7c415e9) Importer(2089858483,0ecaa5967403d082aa24f35e1b516d23)
Start importing Assets/Plugins/Easy Save 3/Scripts/Types/Collection Types/ES3DictionaryType.cs using Guid(2bc573810521e44bea185a4fa7c415e9) Importer(2089858483,0ecaa5967403d082aa24f35e1b516d23)  -> (artifact id: '01735cf1fa4dce23839f45f541b55a9a') in 0.009568 seconds
Number of updated asset objects reloaded before import = 0
Number of asset objects unloaded after import = 1
========================================================================
Received Import Request.
  Time since last request: 0.000022 seconds.
  path: Assets/Demigiant/DOTween/Editor/DOTweenEditor.dll.mdb
  artifactKey: Guid(8f46310a8b0a8f04a92993c37c713243) Importer(2089858483,0ecaa5967403d082aa24f35e1b516d23)
Start importing Assets/Demigiant/DOTween/Editor/DOTweenEditor.dll.mdb using Guid(8f46310a8b0a8f04a92993c37c713243) Importer(2089858483,0ecaa5967403d082aa24f35e1b516d23)  -> (artifact id: '80e83f64413aca331861f7ac31902023') in 0.015272 seconds
Number of updated asset objects reloaded before import = 0
Number of asset objects unloaded after import = 1
========================================================================
Received Import Request.
  Time since last request: 0.000017 seconds.
  path: Assets/Plugins/Easy Save 3/Scripts/ES3Crypto.cs
  artifactKey: Guid(d2b3b6335276042569261b3e6bed694e) Importer(2089858483,0ecaa5967403d082aa24f35e1b516d23)
Start importing Assets/Plugins/Easy Save 3/Scripts/ES3Crypto.cs using Guid(d2b3b6335276042569261b3e6bed694e) Importer(2089858483,0ecaa5967403d082aa24f35e1b516d23)  -> (artifact id: '4058508fdcd651343d0978660da6e637') in 0.013765 seconds
Number of updated asset objects reloaded before import = 0
Number of asset objects unloaded after import = 1
========================================================================
Received Import Request.
  Time since last request: 0.000017 seconds.
  path: Assets/Scripts/FeatherFramework/LanguageMgr/MLT_TextApplier.cs
  artifactKey: Guid(e8dc74ee3b2887749bef49cb04642f06) Importer(2089858483,0ecaa5967403d082aa24f35e1b516d23)
Start importing Assets/Scripts/FeatherFramework/LanguageMgr/MLT_TextApplier.cs using Guid(e8dc74ee3b2887749bef49cb04642f06) Importer(2089858483,0ecaa5967403d082aa24f35e1b516d23)  -> (artifact id: '52001e754c14f85f770008ada4e7f745') in 0.018791 seconds
Number of updated asset objects reloaded before import = 0
Number of asset objects unloaded after import = 1
========================================================================
Received Import Request.
  Time since last request: 0.000020 seconds.
  path: Assets/Demigiant/DOTweenPro/Editor/DOTweenProEditor.dll
  artifactKey: Guid(a6402d4311c862b4eb1325590d6466af) Importer(2089858483,0ecaa5967403d082aa24f35e1b516d23)
Start importing Assets/Demigiant/DOTweenPro/Editor/DOTweenProEditor.dll using Guid(a6402d4311c862b4eb1325590d6466af) Importer(2089858483,0ecaa5967403d082aa24f35e1b516d23)  -> (artifact id: '2f9c991ef0a1e0b3630f6430163efff7') in 0.030061 seconds
Number of updated asset objects reloaded before import = 0
Number of asset objects unloaded after import = 1
========================================================================
Received Import Request.
  Time since last request: 0.000020 seconds.
  path: Assets/Demigiant/DOTweenPro/DOTweenAnimation.cs
  artifactKey: Guid(4d0390bd8b8ffd640b34fe25065ff1df) Importer(2089858483,0ecaa5967403d082aa24f35e1b516d23)
Start importing Assets/Demigiant/DOTweenPro/DOTweenAnimation.cs using Guid(4d0390bd8b8ffd640b34fe25065ff1df) Importer(2089858483,0ecaa5967403d082aa24f35e1b516d23)  -> (artifact id: '5423f1a399073f19d385297b0e3acebe') in 0.020270 seconds
Number of updated asset objects reloaded before import = 0
Number of asset objects unloaded after import = 1
========================================================================
Received Import Request.
  Time since last request: 0.000099 seconds.
  path: Assets/Scripts/FeatherFramework/MonoMgr/MonoMgr.cs
  artifactKey: Guid(b0ced7682c41e624892789b502ffb844) Importer(2089858483,0ecaa5967403d082aa24f35e1b516d23)
Start importing Assets/Scripts/FeatherFramework/MonoMgr/MonoMgr.cs using Guid(b0ced7682c41e624892789b502ffb844) Importer(2089858483,0ecaa5967403d082aa24f35e1b516d23)  -> (artifact id: '3ebf19c3eb9cc02735f5748314afeb84') in 0.020000 seconds
Number of updated asset objects reloaded before import = 0
Number of asset objects unloaded after import = 1
========================================================================
Received Import Request.
  Time since last request: 0.000030 seconds.
  path: Assets/Plugins/Easy Save 3/Scripts/Types/Unity Types/ES3Type_BoneWeight.cs
  artifactKey: Guid(570ee00d71c7c43a5a7e6a68e2c9d96f) Importer(2089858483,0ecaa5967403d082aa24f35e1b516d23)
Start importing Assets/Plugins/Easy Save 3/Scripts/Types/Unity Types/ES3Type_BoneWeight.cs using Guid(570ee00d71c7c43a5a7e6a68e2c9d96f) Importer(2089858483,0ecaa5967403d082aa24f35e1b516d23)  -> (artifact id: '644a8a7449e64715df498c28e5b06545') in 0.018225 seconds
Number of updated asset objects reloaded before import = 0
Number of asset objects unloaded after import = 1
========================================================================
Received Import Request.
  Time since last request: 0.000032 seconds.
  path: Assets/Plugins/Easy Save 3/Scripts/Types/Primitive Types/ES3Type_ulong.cs
  artifactKey: Guid(f25dca3f336094cababceb772c7e390b) Importer(2089858483,0ecaa5967403d082aa24f35e1b516d23)
Start importing Assets/Plugins/Easy Save 3/Scripts/Types/Primitive Types/ES3Type_ulong.cs using Guid(f25dca3f336094cababceb772c7e390b) Importer(2089858483,0ecaa5967403d082aa24f35e1b516d23)  -> (artifact id: 'cd836d10a203706bd8273067b7aeff38') in 0.015823 seconds
Number of updated asset objects reloaded before import = 0
Number of asset objects unloaded after import = 1
========================================================================
Received Import Request.
  Time since last request: 0.000025 seconds.
  path: Assets/Plugins/Easy Save 3/Scripts/Types/Unity Types/ES3Type_Flare.cs
  artifactKey: Guid(32592ed571b254a1ebc1cda3cc03f861) Importer(2089858483,0ecaa5967403d082aa24f35e1b516d23)
Start importing Assets/Plugins/Easy Save 3/Scripts/Types/Unity Types/ES3Type_Flare.cs using Guid(32592ed571b254a1ebc1cda3cc03f861) Importer(2089858483,0ecaa5967403d082aa24f35e1b516d23)  -> (artifact id: '579f0bc9fcf51b93c846dfb4bf12001d') in 0.022923 seconds
Number of updated asset objects reloaded before import = 0
Number of asset objects unloaded after import = 1
========================================================================
Received Import Request.
  Time since last request: 0.000201 seconds.
  path: Assets/Plugins/Easy Save 3/Scripts/Types/Unity Types/ES3Type_ColorBySpeedModule.cs
  artifactKey: Guid(fb109d087368d4849b6e1222c912ec72) Importer(2089858483,0ecaa5967403d082aa24f35e1b516d23)
Start importing Assets/Plugins/Easy Save 3/Scripts/Types/Unity Types/ES3Type_ColorBySpeedModule.cs using Guid(fb109d087368d4849b6e1222c912ec72) Importer(2089858483,0ecaa5967403d082aa24f35e1b516d23)  -> (artifact id: 'f675777ebf0f0fa6780b9d83af4912c3') in 0.023347 seconds
Number of updated asset objects reloaded before import = 0
Number of asset objects unloaded after import = 1
========================================================================
Received Import Request.
  Time since last request: 0.000024 seconds.
  path: Assets/Plugins/Easy Save 3/Scripts/Types/Primitive Types/ES3Type_float.cs
  artifactKey: Guid(f40643b43129b41ff9143c8a23741391) Importer(2089858483,0ecaa5967403d082aa24f35e1b516d23)
Start importing Assets/Plugins/Easy Save 3/Scripts/Types/Primitive Types/ES3Type_float.cs using Guid(f40643b43129b41ff9143c8a23741391) Importer(2089858483,0ecaa5967403d082aa24f35e1b516d23)  -> (artifact id: '725e7fd85c08f27435c268f9010cc32c') in 0.046468 seconds
Number of updated asset objects reloaded before import = 0
Number of asset objects unloaded after import = 1
========================================================================
Received Import Request.
  Time since last request: 0.000035 seconds.
  path: Assets/Plugins/Easy Save 3/Scripts/Types/Unity Types/ES3Type_Color.cs
  artifactKey: Guid(b97411847937943ab859b0ab7acfb872) Importer(2089858483,0ecaa5967403d082aa24f35e1b516d23)
Start importing Assets/Plugins/Easy Save 3/Scripts/Types/Unity Types/ES3Type_Color.cs using Guid(b97411847937943ab859b0ab7acfb872) Importer(2089858483,0ecaa5967403d082aa24f35e1b516d23)  -> (artifact id: '268713e8b2dc2a09b54a989718ed6553') in 0.026201 seconds
Number of updated asset objects reloaded before import = 0
Number of asset objects unloaded after import = 1
========================================================================
Received Import Request.
  Time since last request: 0.000023 seconds.
  path: Assets/Plugins/Easy Save 3/Scripts/Types/Primitive Types/ES3Type_int.cs
  artifactKey: Guid(13efdffd9de75437f8eb6d09e595e70d) Importer(2089858483,0ecaa5967403d082aa24f35e1b516d23)
Start importing Assets/Plugins/Easy Save 3/Scripts/Types/Primitive Types/ES3Type_int.cs using Guid(13efdffd9de75437f8eb6d09e595e70d) Importer(2089858483,0ecaa5967403d082aa24f35e1b516d23)  -> (artifact id: 'b27a3277c159703737de87afd98e935b') in 0.025296 seconds
Number of updated asset objects reloaded before import = 0
Number of asset objects unloaded after import = 1
========================================================================
Received Import Request.
  Time since last request: 0.000045 seconds.
  path: Assets/Plugins/Easy Save 3/Scripts/Types/Unity Types/ES3Type_Font.cs
  artifactKey: Guid(b779410f33269447a8410aa5c60a3366) Importer(2089858483,0ecaa5967403d082aa24f35e1b516d23)
Start importing Assets/Plugins/Easy Save 3/Scripts/Types/Unity Types/ES3Type_Font.cs using Guid(b779410f33269447a8410aa5c60a3366) Importer(2089858483,0ecaa5967403d082aa24f35e1b516d23)  -> (artifact id: '463a27e0ebc627fcb659efcdb7b7bfa5') in 0.021418 seconds
Number of updated asset objects reloaded before import = 0
Number of asset objects unloaded after import = 1
========================================================================
Received Import Request.
  Time since last request: 0.000026 seconds.
  path: Assets/Plugins/Easy Save 3/Scripts/Types/Primitive Types/ES3Type_ES3Ref.cs
  artifactKey: Guid(ab1dd0b4209f2c144ad424236e639426) Importer(2089858483,0ecaa5967403d082aa24f35e1b516d23)
Start importing Assets/Plugins/Easy Save 3/Scripts/Types/Primitive Types/ES3Type_ES3Ref.cs using Guid(ab1dd0b4209f2c144ad424236e639426) Importer(2089858483,0ecaa5967403d082aa24f35e1b516d23)  -> (artifact id: '2d6ad40df7d47c1a9166aa7d02c9a1f8') in 0.018942 seconds
Number of updated asset objects reloaded before import = 0
Number of asset objects unloaded after import = 1
========================================================================
Received Import Request.
  Time since last request: 0.000029 seconds.
  path: Assets/Plugins/Easy Save 3/Scripts/Types/Primitive Types/ES3Type_uint.cs
  artifactKey: Guid(2c39c4f1168884e94b9e7e6087affd2d) Importer(2089858483,0ecaa5967403d082aa24f35e1b516d23)
Start importing Assets/Plugins/Easy Save 3/Scripts/Types/Primitive Types/ES3Type_uint.cs using Guid(2c39c4f1168884e94b9e7e6087affd2d) Importer(2089858483,0ecaa5967403d082aa24f35e1b516d23)  -> (artifact id: 'b83ab86f96b7e0b7542c8ab73f108a8e') in 0.017994 seconds
Number of updated asset objects reloaded before import = 0
Number of asset objects unloaded after import = 1
========================================================================
Received Import Request.
  Time since last request: 0.000023 seconds.
  path: Assets/Plugins/Easy Save 3/Scripts/Types/Primitive Types/ES3Type_sbyte.cs
  artifactKey: Guid(5aaea33736cb64165b06b21ccffb4dde) Importer(2089858483,0ecaa5967403d082aa24f35e1b516d23)
Start importing Assets/Plugins/Easy Save 3/Scripts/Types/Primitive Types/ES3Type_sbyte.cs using Guid(5aaea33736cb64165b06b21ccffb4dde) Importer(2089858483,0ecaa5967403d082aa24f35e1b516d23)  -> (artifact id: '9d648da2671ceb915021b5cbd0630165') in 0.020451 seconds
Number of updated asset objects reloaded before import = 0
Number of asset objects unloaded after import = 1
========================================================================
Received Import Request.
  Time since last request: 0.000031 seconds.
  path: Assets/Plugins/Easy Save 3/Scripts/Types/Primitive Types/ES3Type_decimal.cs
  artifactKey: Guid(030f062403dc345f78476442992e3c9c) Importer(2089858483,0ecaa5967403d082aa24f35e1b516d23)
Start importing Assets/Plugins/Easy Save 3/Scripts/Types/Primitive Types/ES3Type_decimal.cs using Guid(030f062403dc345f78476442992e3c9c) Importer(2089858483,0ecaa5967403d082aa24f35e1b516d23)  -> (artifact id: '27deabc0a90cd7bc9fd61b279895be60') in 0.157395 seconds
Number of updated asset objects reloaded before import = 0
Number of asset objects unloaded after import = 1
========================================================================
Received Import Request.
  Time since last request: 0.000021 seconds.
  path: Assets/Demigiant/DemiLib/Core/Editor/Imgs/ico_demigiant.png
  artifactKey: Guid(229d0d11465a822449f78a50dbf7104d) Importer(2089858483,0ecaa5967403d082aa24f35e1b516d23)
Start importing Assets/Demigiant/DemiLib/Core/Editor/Imgs/ico_demigiant.png using Guid(229d0d11465a822449f78a50dbf7104d) Importer(2089858483,0ecaa5967403d082aa24f35e1b516d23)  -> (artifact id: 'bbc45f357ae9884a97761e1c417240a6') in 0.048954 seconds
Number of updated asset objects reloaded before import = 0
Number of asset objects unloaded after import = 1
========================================================================
Received Import Request.
  Time since last request: 0.000128 seconds.
  path: Assets/Demigiant/DemiLib/Core/Editor/Imgs/circle.png
  artifactKey: Guid(af28470bd0e2e9543a6dfa9a1a4b348d) Importer(2089858483,0ecaa5967403d082aa24f35e1b516d23)
Start importing Assets/Demigiant/DemiLib/Core/Editor/Imgs/circle.png using Guid(af28470bd0e2e9543a6dfa9a1a4b348d) Importer(2089858483,0ecaa5967403d082aa24f35e1b516d23)  -> (artifact id: '6b4bfe8e767bcd1fc62427c65f7cde38') in 0.031588 seconds
Number of updated asset objects reloaded before import = 0
Number of asset objects unloaded after import = 1
========================================================================
Received Import Request.
  Time since last request: 0.000018 seconds.
  path: Assets/Demigiant/DemiLib/Core/Editor/Imgs/ico_alignBL.png
  artifactKey: Guid(abf8a615f379ef44b9ac872a13b7712f) Importer(2089858483,0ecaa5967403d082aa24f35e1b516d23)
Start importing Assets/Demigiant/DemiLib/Core/Editor/Imgs/ico_alignBL.png using Guid(abf8a615f379ef44b9ac872a13b7712f) Importer(2089858483,0ecaa5967403d082aa24f35e1b516d23)  -> (artifact id: '0532585f558a0b33586a124e7a058568') in 0.037627 seconds
Number of updated asset objects reloaded before import = 0
Number of asset objects unloaded after import = 1
========================================================================
Received Import Request.
  Time since last request: 0.000014 seconds.
  path: Assets/Plugins/Easy Save 3/Scripts/Types/Unity Types/ES3Type_PhysicsMaterial2D.cs
  artifactKey: Guid(456568556c632458bb73fffbb1be0c84) Importer(2089858483,0ecaa5967403d082aa24f35e1b516d23)
Start importing Assets/Plugins/Easy Save 3/Scripts/Types/Unity Types/ES3Type_PhysicsMaterial2D.cs using Guid(456568556c632458bb73fffbb1be0c84) Importer(2089858483,0ecaa5967403d082aa24f35e1b516d23)  -> (artifact id: 'c2016470ba24f845470a3ee0ac65db25') in 0.014046 seconds
Number of updated asset objects reloaded before import = 0
Number of asset objects unloaded after import = 1
========================================================================
Received Import Request.
  Time since last request: 0.000013 seconds.
  path: Assets/Demigiant/DemiLib/Core/Editor/Imgs/ico_ui.png
  artifactKey: Guid(cb46e1d925af22d43a6f8bf0e1d459e6) Importer(2089858483,0ecaa5967403d082aa24f35e1b516d23)
Start importing Assets/Demigiant/DemiLib/Core/Editor/Imgs/ico_ui.png using Guid(cb46e1d925af22d43a6f8bf0e1d459e6) Importer(2089858483,0ecaa5967403d082aa24f35e1b516d23)  -> (artifact id: 'd8fc0f1507b3d95afbbf5ecf66c1ccb3') in 0.020479 seconds
Number of updated asset objects reloaded before import = 0
Number of asset objects unloaded after import = 1
========================================================================
Received Import Request.
  Time since last request: 0.000013 seconds.
  path: Assets/Plugins/Easy Save 3/Scripts/Types/Unity Types/ES3Type_RotationOverLifetimeModule.cs
  artifactKey: Guid(e54d1e36b07864bc2b7f33a6182d124b) Importer(2089858483,0ecaa5967403d082aa24f35e1b516d23)
Start importing Assets/Plugins/Easy Save 3/Scripts/Types/Unity Types/ES3Type_RotationOverLifetimeModule.cs using Guid(e54d1e36b07864bc2b7f33a6182d124b) Importer(2089858483,0ecaa5967403d082aa24f35e1b516d23)  -> (artifact id: '5a5861725e482fc2c82f1e747f960bee') in 0.011341 seconds
Number of updated asset objects reloaded before import = 0
Number of asset objects unloaded after import = 1
========================================================================
Received Import Request.
  Time since last request: 0.000021 seconds.
  path: Assets/Plugins/Easy Save 3/Scripts/Types/Unity Types/ES3Type_SkinnedMeshRenderer.cs
  artifactKey: Guid(c60a9d4280a1740059c9784d75d00ad9) Importer(2089858483,0ecaa5967403d082aa24f35e1b516d23)
Start importing Assets/Plugins/Easy Save 3/Scripts/Types/Unity Types/ES3Type_SkinnedMeshRenderer.cs using Guid(c60a9d4280a1740059c9784d75d00ad9) Importer(2089858483,0ecaa5967403d082aa24f35e1b516d23)  -> (artifact id: '56e23b9b62650eef7f3fe8ebc5648e34') in 0.015036 seconds
Number of updated asset objects reloaded before import = 0
Number of asset objects unloaded after import = 1
========================================================================
Received Import Request.
  Time since last request: 0.000013 seconds.
  path: Assets/Plugins/Easy Save 3/Scripts/Types/Unity Types/ES3Type_LightsModule.cs
  artifactKey: Guid(ca49590603e164a87a49d3c66013bede) Importer(2089858483,0ecaa5967403d082aa24f35e1b516d23)
Start importing Assets/Plugins/Easy Save 3/Scripts/Types/Unity Types/ES3Type_LightsModule.cs using Guid(ca49590603e164a87a49d3c66013bede) Importer(2089858483,0ecaa5967403d082aa24f35e1b516d23)  -> (artifact id: '76b284f4c1a63db892975c552b488c03') in 0.013567 seconds
Number of updated asset objects reloaded before import = 0
Number of asset objects unloaded after import = 1
========================================================================
Received Import Request.
  Time since last request: 0.000013 seconds.
  path: Assets/Plugins/Easy Save 3/Scripts/Types/Unity Types/ES3Type_LimitVelocityOverLifetimeModule.cs
  artifactKey: Guid(1b26d58c373b9474591275b8c3b33514) Importer(2089858483,0ecaa5967403d082aa24f35e1b516d23)
Start importing Assets/Plugins/Easy Save 3/Scripts/Types/Unity Types/ES3Type_LimitVelocityOverLifetimeModule.cs using Guid(1b26d58c373b9474591275b8c3b33514) Importer(2089858483,0ecaa5967403d082aa24f35e1b516d23)  -> (artifact id: '6d22a50382ec37c3c9f9cc49c2ca4e39') in 0.012000 seconds
Number of updated asset objects reloaded before import = 0
Number of asset objects unloaded after import = 1
========================================================================
Received Import Request.
  Time since last request: 0.000017 seconds.
  path: Assets/Plugins/Easy Save 3/Scripts/Types/Unity Types/ES3Type_TextureSheetAnimationModule.cs
  artifactKey: Guid(059be233c84494c01be9f48a8be8e89e) Importer(2089858483,0ecaa5967403d082aa24f35e1b516d23)
Start importing Assets/Plugins/Easy Save 3/Scripts/Types/Unity Types/ES3Type_TextureSheetAnimationModule.cs using Guid(059be233c84494c01be9f48a8be8e89e) Importer(2089858483,0ecaa5967403d082aa24f35e1b516d23)  -> (artifact id: 'd22f3cee9c697026d23404ea8ae5cced') in 0.013057 seconds
Number of updated asset objects reloaded before import = 0
Number of asset objects unloaded after import = 1
========================================================================
Received Import Request.
  Time since last request: 0.000028 seconds.
  path: Assets/Plugins/Easy Save 3/Scripts/Types/Unity Types/ES3Type_MainModule.cs
  artifactKey: Guid(55fa2d96d06d64809ad226f1874be169) Importer(2089858483,0ecaa5967403d082aa24f35e1b516d23)
Start importing Assets/Plugins/Easy Save 3/Scripts/Types/Unity Types/ES3Type_MainModule.cs using Guid(55fa2d96d06d64809ad226f1874be169) Importer(2089858483,0ecaa5967403d082aa24f35e1b516d23)  -> (artifact id: 'cec3aa1ffa56ba919bb93f0b3282221b') in 0.025522 seconds
Number of updated asset objects reloaded before import = 0
Number of asset objects unloaded after import = 1
========================================================================
Received Import Request.
  Time since last request: 0.000023 seconds.
  path: Assets/Plugins/Easy Save 3/Scripts/Types/Unity Types/ES3Type_ForceOverLifetimeModule.cs
  artifactKey: Guid(fd5844fc025754c5399be113ca40fc39) Importer(2089858483,0ecaa5967403d082aa24f35e1b516d23)
Start importing Assets/Plugins/Easy Save 3/Scripts/Types/Unity Types/ES3Type_ForceOverLifetimeModule.cs using Guid(fd5844fc025754c5399be113ca40fc39) Importer(2089858483,0ecaa5967403d082aa24f35e1b516d23)  -> (artifact id: '8acab97bb9d507766d874b3717cf3a3a') in 0.013250 seconds
Number of updated asset objects reloaded before import = 0
Number of asset objects unloaded after import = 1
========================================================================
Received Import Request.
  Time since last request: 0.000019 seconds.
  path: Assets/Plugins/Easy Save 3/Scripts/Types/Unity Types/ES3Type_PhysicMaterial.cs
  artifactKey: Guid(f4b8d9e47b0dc49f48c834a160b6fe55) Importer(2089858483,0ecaa5967403d082aa24f35e1b516d23)
Start importing Assets/Plugins/Easy Save 3/Scripts/Types/Unity Types/ES3Type_PhysicMaterial.cs using Guid(f4b8d9e47b0dc49f48c834a160b6fe55) Importer(2089858483,0ecaa5967403d082aa24f35e1b516d23)  -> (artifact id: '98cdf239bb39b5160509919b8fea2d9d') in 0.009661 seconds
Number of updated asset objects reloaded before import = 0
Number of asset objects unloaded after import = 1
========================================================================
Received Import Request.
  Time since last request: 0.000030 seconds.
  path: Assets/Plugins/Easy Save 3/Scripts/Types/Unity Types/ES3Type_Vector3.cs
  artifactKey: Guid(65ba0614942de49678702985ca4ca357) Importer(2089858483,0ecaa5967403d082aa24f35e1b516d23)
Start importing Assets/Plugins/Easy Save 3/Scripts/Types/Unity Types/ES3Type_Vector3.cs using Guid(65ba0614942de49678702985ca4ca357) Importer(2089858483,0ecaa5967403d082aa24f35e1b516d23)  -> (artifact id: 'eb495425e73d6a4e4b202a60e45bd3cd') in 0.014154 seconds
Number of updated asset objects reloaded before import = 0
Number of asset objects unloaded after import = 1
========================================================================
Received Import Request.
  Time since last request: 0.000017 seconds.
  path: Assets/Plugins/Easy Save 3/Scripts/Types/Unity Types/ES3Type_SizeOverLifetimeModule.cs
  artifactKey: Guid(414f41e320e5f4be0a7aa4b39344c5e4) Importer(2089858483,0ecaa5967403d082aa24f35e1b516d23)
Start importing Assets/Plugins/Easy Save 3/Scripts/Types/Unity Types/ES3Type_SizeOverLifetimeModule.cs using Guid(414f41e320e5f4be0a7aa4b39344c5e4) Importer(2089858483,0ecaa5967403d082aa24f35e1b516d23)  -> (artifact id: '15d6c445dd6b3bd01507a7a06553dc6e') in 0.015247 seconds
Number of updated asset objects reloaded before import = 0
Number of asset objects unloaded after import = 1
========================================================================
Received Import Request.
  Time since last request: 0.000023 seconds.
  path: Assets/Plugins/Easy Save 3/Scripts/Types/Unity Types/ES3Type_Vector4.cs
  artifactKey: Guid(970684b89a8e24102a42f02a5ed59a66) Importer(2089858483,0ecaa5967403d082aa24f35e1b516d23)
Start importing Assets/Plugins/Easy Save 3/Scripts/Types/Unity Types/ES3Type_Vector4.cs using Guid(970684b89a8e24102a42f02a5ed59a66) Importer(2089858483,0ecaa5967403d082aa24f35e1b516d23)  -> (artifact id: '88536d6084831142a74edcf21fd07313') in 0.014487 seconds
Number of updated asset objects reloaded before import = 0
Number of asset objects unloaded after import = 1
========================================================================
Received Import Request.
  Time since last request: 0.000020 seconds.
  path: Assets/Plugins/Easy Save 3/Scripts/Types/Unity Types/ES3Type_Sprite.cs
  artifactKey: Guid(dd9947bd586c04b26ae52e608a032be9) Importer(2089858483,0ecaa5967403d082aa24f35e1b516d23)
Start importing Assets/Plugins/Easy Save 3/Scripts/Types/Unity Types/ES3Type_Sprite.cs using Guid(dd9947bd586c04b26ae52e608a032be9) Importer(2089858483,0ecaa5967403d082aa24f35e1b516d23)  -> (artifact id: '0b41b669536c82f39748529faea4033d') in 0.020142 seconds
Number of updated asset objects reloaded before import = 0
Number of asset objects unloaded after import = 1
========================================================================
Received Import Request.
  Time since last request: 0.000023 seconds.
  path: Assets/Plugins/Easy Save 3/Scripts/Types/Unity Types/ES3Type_RotationBySpeedModule.cs
  artifactKey: Guid(0a7279e70f63d4a2787489257b5e3ea9) Importer(2089858483,0ecaa5967403d082aa24f35e1b516d23)
Start importing Assets/Plugins/Easy Save 3/Scripts/Types/Unity Types/ES3Type_RotationBySpeedModule.cs using Guid(0a7279e70f63d4a2787489257b5e3ea9) Importer(2089858483,0ecaa5967403d082aa24f35e1b516d23)  -> (artifact id: '2293118d1d0cd584d4d5d3cd1fa1e777') in 0.015837 seconds
Number of updated asset objects reloaded before import = 0
Number of asset objects unloaded after import = 1
========================================================================
Received Import Request.
  Time since last request: 0.000028 seconds.
  path: Assets/Plugins/Easy Save 3/Scripts/Types/Unity Types/ES3Type_Rect.cs
  artifactKey: Guid(d9b9aa6e5759a4a3e857f90a2de74e5f) Importer(2089858483,0ecaa5967403d082aa24f35e1b516d23)
Start importing Assets/Plugins/Easy Save 3/Scripts/Types/Unity Types/ES3Type_Rect.cs using Guid(d9b9aa6e5759a4a3e857f90a2de74e5f) Importer(2089858483,0ecaa5967403d082aa24f35e1b516d23)  -> (artifact id: '3d834f26569dbaac7dadd3661db5d1d6') in 0.012978 seconds
Number of updated asset objects reloaded before import = 0
Number of asset objects unloaded after import = 1
========================================================================
Received Import Request.
  Time since last request: 0.000019 seconds.
  path: Assets/Plugins/Easy Save 3/Scripts/Types/Unity Types/ES3Type_ShapeModule.cs
  artifactKey: Guid(238b82f3d73ce4b4ebeb3a5c22eff5e9) Importer(2089858483,0ecaa5967403d082aa24f35e1b516d23)
Start importing Assets/Plugins/Easy Save 3/Scripts/Types/Unity Types/ES3Type_ShapeModule.cs using Guid(238b82f3d73ce4b4ebeb3a5c22eff5e9) Importer(2089858483,0ecaa5967403d082aa24f35e1b516d23)  -> (artifact id: 'ea69a8779531c279bd7405c89bf10644') in 0.016061 seconds
Number of updated asset objects reloaded before import = 0
Number of asset objects unloaded after import = 1
========================================================================
Received Import Request.
  Time since last request: 0.000022 seconds.
  path: Assets/Plugins/Easy Save 3/Scripts/Types/Unity Types/ES3Type_Shader.cs
  artifactKey: Guid(9d42e849fe2364f1b92d805b3fa7f874) Importer(2089858483,0ecaa5967403d082aa24f35e1b516d23)
Start importing Assets/Plugins/Easy Save 3/Scripts/Types/Unity Types/ES3Type_Shader.cs using Guid(9d42e849fe2364f1b92d805b3fa7f874) Importer(2089858483,0ecaa5967403d082aa24f35e1b516d23)  -> (artifact id: '62e2ad162d1af8ca39f9b620c61d572d') in 0.013011 seconds
Number of updated asset objects reloaded before import = 0
Number of asset objects unloaded after import = 1
========================================================================
Received Import Request.
  Time since last request: 0.000018 seconds.
  path: Assets/Plugins/Easy Save 3/Scripts/Types/Unity Types/ES3Type_NoiseModule.cs
  artifactKey: Guid(95fd95820c7c942ef96f463a52c3d4ae) Importer(2089858483,0ecaa5967403d082aa24f35e1b516d23)
Start importing Assets/Plugins/Easy Save 3/Scripts/Types/Unity Types/ES3Type_NoiseModule.cs using Guid(95fd95820c7c942ef96f463a52c3d4ae) Importer(2089858483,0ecaa5967403d082aa24f35e1b516d23)  -> (artifact id: 'e2cae6b6122c05811d50252b6e3d4843') in 0.013697 seconds
Number of updated asset objects reloaded before import = 0
Number of asset objects unloaded after import = 1
========================================================================
Received Import Request.
  Time since last request: 0.000024 seconds.
  path: Assets/Plugins/Easy Save 3/Scripts/Types/Unity Types/ES3Type_VelocityOverLifetimeModule.cs
  artifactKey: Guid(a4884364ae36a4916a8bc2bd6e5e9683) Importer(2089858483,0ecaa5967403d082aa24f35e1b516d23)
Start importing Assets/Plugins/Easy Save 3/Scripts/Types/Unity Types/ES3Type_VelocityOverLifetimeModule.cs using Guid(a4884364ae36a4916a8bc2bd6e5e9683) Importer(2089858483,0ecaa5967403d082aa24f35e1b516d23)  -> (artifact id: '31dff7b94d3fc182b66d34117e8f0e13') in 0.021274 seconds
Number of updated asset objects reloaded before import = 0
Number of asset objects unloaded after import = 1
========================================================================
Received Import Request.
  Time since last request: 0.000018 seconds.
  path: Assets/Plugins/Easy Save 3/Scripts/Types/Unity Types/ES3Type_Vector3Int.cs
  artifactKey: Guid(7e3a1d8e6e8144f71a61562fc86b2b2c) Importer(2089858483,0ecaa5967403d082aa24f35e1b516d23)
Start importing Assets/Plugins/Easy Save 3/Scripts/Types/Unity Types/ES3Type_Vector3Int.cs using Guid(7e3a1d8e6e8144f71a61562fc86b2b2c) Importer(2089858483,0ecaa5967403d082aa24f35e1b516d23)  -> (artifact id: '52beb9bafce862e328f8ff628381323d') in 0.013296 seconds
Number of updated asset objects reloaded before import = 0
Number of asset objects unloaded after import = 1
========================================================================
Received Import Request.
  Time since last request: 0.000016 seconds.
  path: Assets/Plugins/Easy Save 3/Scripts/Types/Unity Types/ES3Type_LayerMask.cs
  artifactKey: Guid(ad28544641a3c495b8ebbf10c51bf359) Importer(2089858483,0ecaa5967403d082aa24f35e1b516d23)
Start importing Assets/Plugins/Easy Save 3/Scripts/Types/Unity Types/ES3Type_LayerMask.cs using Guid(ad28544641a3c495b8ebbf10c51bf359) Importer(2089858483,0ecaa5967403d082aa24f35e1b516d23)  -> (artifact id: 'a18f37173f51feb1f1b4b3ae214c2abf') in 0.012698 seconds
Number of updated asset objects reloaded before import = 0
Number of asset objects unloaded after import = 1
========================================================================
Received Import Request.
  Time since last request: 0.000018 seconds.
  path: Assets/Plugins/Easy Save 3/Scripts/Types/Unity Types/ES3Type_SizeBySpeedModule.cs
  artifactKey: Guid(553dbccc70c984444a8e1e4fb140acaa) Importer(2089858483,0ecaa5967403d082aa24f35e1b516d23)
Start importing Assets/Plugins/Easy Save 3/Scripts/Types/Unity Types/ES3Type_SizeBySpeedModule.cs using Guid(553dbccc70c984444a8e1e4fb140acaa) Importer(2089858483,0ecaa5967403d082aa24f35e1b516d23)  -> (artifact id: 'd09b997ee195423f080d0a91d09f5422') in 0.017875 seconds
Number of updated asset objects reloaded before import = 0
Number of asset objects unloaded after import = 1
========================================================================
Received Import Request.
  Time since last request: 0.000022 seconds.
  path: Assets/Plugins/Easy Save 3/Scripts/Types/Unity Types/ES3Type_RectTransform.cs
  artifactKey: Guid(2f7556a7c1bb04cf5979c7e6e65c5e51) Importer(2089858483,0ecaa5967403d082aa24f35e1b516d23)
Start importing Assets/Plugins/Easy Save 3/Scripts/Types/Unity Types/ES3Type_RectTransform.cs using Guid(2f7556a7c1bb04cf5979c7e6e65c5e51) Importer(2089858483,0ecaa5967403d082aa24f35e1b516d23)  -> (artifact id: '55ec531d61ac9d8abab3eedfdaa277c5') in 0.015423 seconds
Number of updated asset objects reloaded before import = 0
Number of asset objects unloaded after import = 1
========================================================================
Received Import Request.
  Time since last request: 0.000092 seconds.
  path: Assets/Plugins/Easy Save 3/Scripts/Types/Unity Types/ES3Type_Matrix4x4.cs
  artifactKey: Guid(b08ac351ee185470bb1ccb5150c4082f) Importer(2089858483,0ecaa5967403d082aa24f35e1b516d23)
Start importing Assets/Plugins/Easy Save 3/Scripts/Types/Unity Types/ES3Type_Matrix4x4.cs using Guid(b08ac351ee185470bb1ccb5150c4082f) Importer(2089858483,0ecaa5967403d082aa24f35e1b516d23)  -> (artifact id: 'd099e341634e6e54ea657c8cb1bd5c04') in 0.026890 seconds
Number of updated asset objects reloaded before import = 0
Number of asset objects unloaded after import = 1
========================================================================
Received Import Request.
  Time since last request: 0.000033 seconds.
  path: Assets/Plugins/Easy Save 3/Scripts/Types/Unity Types/ES3Type_TrailModule.cs
  artifactKey: Guid(56ad47761f46a452b84d1efde61de80c) Importer(2089858483,0ecaa5967403d082aa24f35e1b516d23)
Start importing Assets/Plugins/Easy Save 3/Scripts/Types/Unity Types/ES3Type_TrailModule.cs using Guid(56ad47761f46a452b84d1efde61de80c) Importer(2089858483,0ecaa5967403d082aa24f35e1b516d23)  -> (artifact id: 'aabaf12619a8ed5650c1a2cc6011d981') in 0.015334 seconds
Number of updated asset objects reloaded before import = 0
Number of asset objects unloaded after import = 1
========================================================================
Received Import Request.
  Time since last request: 0.000023 seconds.
  path: Assets/Plugins/Easy Save 3/Scripts/Types/Unity Types/ES3Type_Light.cs
  artifactKey: Guid(ed020448eba3f489fafcf36e1bf3b7e0) Importer(2089858483,0ecaa5967403d082aa24f35e1b516d23)
Start importing Assets/Plugins/Easy Save 3/Scripts/Types/Unity Types/ES3Type_Light.cs using Guid(ed020448eba3f489fafcf36e1bf3b7e0) Importer(2089858483,0ecaa5967403d082aa24f35e1b516d23)  -> (artifact id: 'feaa657db2b49d9be6ddd7e382dc39ed') in 0.018196 seconds
Number of updated asset objects reloaded before import = 0
Number of asset objects unloaded after import = 1
========================================================================
Received Import Request.
  Time since last request: 0.000098 seconds.
  path: Assets/Plugins/Easy Save 3/Scripts/Types/Unity Types/ES3Type_TriggerModule.cs
  artifactKey: Guid(7cf3d6f533d04498fb0601796570f998) Importer(2089858483,0ecaa5967403d082aa24f35e1b516d23)
Start importing Assets/Plugins/Easy Save 3/Scripts/Types/Unity Types/ES3Type_TriggerModule.cs using Guid(7cf3d6f533d04498fb0601796570f998) Importer(2089858483,0ecaa5967403d082aa24f35e1b516d23)  -> (artifact id: '9020ad5fd13a4c8a4fbcde14d215bf7a') in 0.014931 seconds
Number of updated asset objects reloaded before import = 0
Number of asset objects unloaded after import = 1
========================================================================
Received Import Request.
  Time since last request: 0.000067 seconds.
  path: Assets/Demigiant/DemiLib/Core/Editor/Imgs/squareBorderCurved.png
  artifactKey: Guid(4896b5aa9d63dec498136c21ffce735b) Importer(2089858483,0ecaa5967403d082aa24f35e1b516d23)
Start importing Assets/Demigiant/DemiLib/Core/Editor/Imgs/squareBorderCurved.png using Guid(4896b5aa9d63dec498136c21ffce735b) Importer(2089858483,0ecaa5967403d082aa24f35e1b516d23)  -> (artifact id: '85a57b5b0d60edcaa62fdb3bb0a2ee69') in 0.630796 seconds
Number of updated asset objects reloaded before import = 0
Number of asset objects unloaded after import = 1
========================================================================
Received Import Request.
  Time since last request: 0.000035 seconds.
  path: Assets/Demigiant/DemiLib/Core/Editor/Imgs/project/ico_atlas.png
  artifactKey: Guid(e2279677842a8064fbae0bc889fb85ab) Importer(2089858483,0ecaa5967403d082aa24f35e1b516d23)
Start importing Assets/Demigiant/DemiLib/Core/Editor/Imgs/project/ico_atlas.png using Guid(e2279677842a8064fbae0bc889fb85ab) Importer(2089858483,0ecaa5967403d082aa24f35e1b516d23)  -> (artifact id: '2b539d8d6dbcf20e00a82c79665eaad3') in 0.170285 seconds
Number of updated asset objects reloaded before import = 0
Number of asset objects unloaded after import = 1
========================================================================
Received Import Request.
  Time since last request: 0.000021 seconds.
  path: Assets/Plugins/Easy Save 3/Scripts/Types/Unity Types/Component Types/ES3Type_CapsuleCollider.cs
  artifactKey: Guid(c523bafd506f04c85b160320b0b6d9dd) Importer(2089858483,0ecaa5967403d082aa24f35e1b516d23)
Start importing Assets/Plugins/Easy Save 3/Scripts/Types/Unity Types/Component Types/ES3Type_CapsuleCollider.cs using Guid(c523bafd506f04c85b160320b0b6d9dd) Importer(2089858483,0ecaa5967403d082aa24f35e1b516d23)  -> (artifact id: '1d1a1f18b94a6eefbf9f4148133c907f') in 0.010508 seconds
Number of updated asset objects reloaded before import = 0
Number of asset objects unloaded after import = 1
========================================================================
Received Import Request.
  Time since last request: 0.000017 seconds.
  path: Assets/Demigiant/DemiLib/Core/Editor/Imgs/project/ico_play.png
  artifactKey: Guid(d8306b1e159c72c4ebc9a4fc31debe60) Importer(2089858483,0ecaa5967403d082aa24f35e1b516d23)
Start importing Assets/Demigiant/DemiLib/Core/Editor/Imgs/project/ico_play.png using Guid(d8306b1e159c72c4ebc9a4fc31debe60) Importer(2089858483,0ecaa5967403d082aa24f35e1b516d23)  -> (artifact id: '2a59b1f954ce63e18a8cc1dedcb433b3') in 0.161582 seconds
Number of updated asset objects reloaded before import = 0
Number of asset objects unloaded after import = 1
========================================================================
Received Import Request.
  Time since last request: 0.000050 seconds.
  path: Assets/Plugins/Easy Save 3/Scripts/Types/Unity Types/Component Types/ES3Type_EventSystem.cs
  artifactKey: Guid(02df167b6b77741308bfc8110dae71dd) Importer(2089858483,0ecaa5967403d082aa24f35e1b516d23)
Start importing Assets/Plugins/Easy Save 3/Scripts/Types/Unity Types/Component Types/ES3Type_EventSystem.cs using Guid(02df167b6b77741308bfc8110dae71dd) Importer(2089858483,0ecaa5967403d082aa24f35e1b516d23)  -> (artifact id: '9519bc6e4f9b2e3da35836ba235bc806') in 0.015406 seconds
Number of updated asset objects reloaded before import = 0
Number of asset objects unloaded after import = 1
========================================================================
Received Import Request.
  Time since last request: 0.000032 seconds.
  path: Assets/Plugins/Easy Save 3/Scripts/Types/Unity Types/Component Types/ES3Type_ParticleSystem.cs
  artifactKey: Guid(9484f3e3b46ec4871977550c93381f25) Importer(2089858483,0ecaa5967403d082aa24f35e1b516d23)
Start importing Assets/Plugins/Easy Save 3/Scripts/Types/Unity Types/Component Types/ES3Type_ParticleSystem.cs using Guid(9484f3e3b46ec4871977550c93381f25) Importer(2089858483,0ecaa5967403d082aa24f35e1b516d23)  -> (artifact id: '881e5d0d7b24fc81a90a83c63adc58e2') in 0.012123 seconds
Number of updated asset objects reloaded before import = 0
Number of asset objects unloaded after import = 1
========================================================================
Received Import Request.
  Time since last request: 0.000034 seconds.
  path: Assets/Plugins/Easy Save 3/Scripts/Types/Unity Types/Component Types/ES3Type_MeshFilter.cs
  artifactKey: Guid(00364532a712841328836c36da833503) Importer(2089858483,0ecaa5967403d082aa24f35e1b516d23)
Start importing Assets/Plugins/Easy Save 3/Scripts/Types/Unity Types/Component Types/ES3Type_MeshFilter.cs using Guid(00364532a712841328836c36da833503) Importer(2089858483,0ecaa5967403d082aa24f35e1b516d23)  -> (artifact id: '4fbdab0cc8ea418b0be22ad5cd567f31') in 0.014625 seconds
Number of updated asset objects reloaded before import = 0
Number of asset objects unloaded after import = 1
========================================================================
Received Import Request.
  Time since last request: 0.000016 seconds.
  path: Assets/Plugins/Easy Save 3/Scripts/Types/Unity Types/Component Types/ES3Type_Text.cs
  artifactKey: Guid(69268592921476a42b9819cd66b6ea4a) Importer(2089858483,0ecaa5967403d082aa24f35e1b516d23)
Start importing Assets/Plugins/Easy Save 3/Scripts/Types/Unity Types/Component Types/ES3Type_Text.cs using Guid(69268592921476a42b9819cd66b6ea4a) Importer(2089858483,0ecaa5967403d082aa24f35e1b516d23)  -> (artifact id: '787026a198805fd1c902464a056420d4') in 0.011707 seconds
Number of updated asset objects reloaded before import = 0
Number of asset objects unloaded after import = 1
========================================================================
Received Import Request.
  Time since last request: 0.000029 seconds.
  path: Assets/Demigiant/DemiLib/Core/Editor/Imgs/project/ico_textures.png
  artifactKey: Guid(3e6b96a975eba1c43b2bad66fb7f8b4a) Importer(2089858483,0ecaa5967403d082aa24f35e1b516d23)
Start importing Assets/Demigiant/DemiLib/Core/Editor/Imgs/project/ico_textures.png using Guid(3e6b96a975eba1c43b2bad66fb7f8b4a) Importer(2089858483,0ecaa5967403d082aa24f35e1b516d23)  -> (artifact id: '2e1562d8d35e6b8a5d28c03a34f73303') in 0.182585 seconds
Number of updated asset objects reloaded before import = 0
Number of asset objects unloaded after import = 1
========================================================================
Received Import Request.
  Time since last request: 0.000013 seconds.
  path: Assets/Plugins/Easy Save 3/Scripts/Types/Unity Types/Component Types/ES3Type_SphereCollider.cs
  artifactKey: Guid(bb19da8937a274e63ada528bb6215c6d) Importer(2089858483,0ecaa5967403d082aa24f35e1b516d23)
Start importing Assets/Plugins/Easy Save 3/Scripts/Types/Unity Types/Component Types/ES3Type_SphereCollider.cs using Guid(bb19da8937a274e63ada528bb6215c6d) Importer(2089858483,0ecaa5967403d082aa24f35e1b516d23)  -> (artifact id: 'd6c8d849c7f57dc5e9b5eedbe2b80ae6') in 0.016857 seconds
Number of updated asset objects reloaded before import = 0
Number of asset objects unloaded after import = 1
========================================================================
Received Import Request.
  Time since last request: 0.000042 seconds.
  path: Assets/Plugins/Easy Save 3/Scripts/Types/Unity Types/Component Types/ES3Type_Image.cs
  artifactKey: Guid(044e538602955694c90bc8b86d487ac5) Importer(2089858483,0ecaa5967403d082aa24f35e1b516d23)
Start importing Assets/Plugins/Easy Save 3/Scripts/Types/Unity Types/Component Types/ES3Type_Image.cs using Guid(044e538602955694c90bc8b86d487ac5) Importer(2089858483,0ecaa5967403d082aa24f35e1b516d23)  -> (artifact id: 'ad3e5cd477e7c196272cc653ff13bec4') in 0.015904 seconds
Number of updated asset objects reloaded before import = 0
Number of asset objects unloaded after import = 1
========================================================================
Received Import Request.
  Time since last request: 0.000020 seconds.
  path: Assets/Demigiant/DemiLib/Core/Editor/Imgs/project/ico_star.png
  artifactKey: Guid(21820ec6fc9dd0b4fbf42a3b93fdad4e) Importer(2089858483,0ecaa5967403d082aa24f35e1b516d23)
Start importing Assets/Demigiant/DemiLib/Core/Editor/Imgs/project/ico_star.png using Guid(21820ec6fc9dd0b4fbf42a3b93fdad4e) Importer(2089858483,0ecaa5967403d082aa24f35e1b516d23)  -> (artifact id: 'fcb5b45a17cd2cca218d782c42ddc56e') in 0.701743 seconds
Number of updated asset objects reloaded before import = 0
Number of asset objects unloaded after import = 1
========================================================================
Received Import Request.
  Time since last request: 0.000028 seconds.
  path: Assets/Demigiant/DemiLib/Core/Editor/Imgs/project/ico_models.png
  artifactKey: Guid(09a0cde07b4d75f49b4c817932791b81) Importer(2089858483,0ecaa5967403d082aa24f35e1b516d23)
Start importing Assets/Demigiant/DemiLib/Core/Editor/Imgs/project/ico_models.png using Guid(09a0cde07b4d75f49b4c817932791b81) Importer(2089858483,0ecaa5967403d082aa24f35e1b516d23)  -> (artifact id: 'a78671cdd3ec53be58b8ccc5d45ddf54') in 0.035720 seconds
Number of updated asset objects reloaded before import = 0
Number of asset objects unloaded after import = 1
========================================================================
Received Import Request.
  Time since last request: 0.000036 seconds.
  path: Assets/Plugins/Easy Save 3/Scripts/Types/Unity Types/Component Types/ES3Type_MeshCollider.cs
  artifactKey: Guid(b7825b483b5804bcb95a1a47cb287500) Importer(2089858483,0ecaa5967403d082aa24f35e1b516d23)
Start importing Assets/Plugins/Easy Save 3/Scripts/Types/Unity Types/Component Types/ES3Type_MeshCollider.cs using Guid(b7825b483b5804bcb95a1a47cb287500) Importer(2089858483,0ecaa5967403d082aa24f35e1b516d23)  -> (artifact id: '609a9888aa840a1572dc99429eb846ca') in 0.012347 seconds
Number of updated asset objects reloaded before import = 0
Number of asset objects unloaded after import = 1
========================================================================
Received Import Request.
  Time since last request: 0.000069 seconds.
  path: Assets/Demigiant/DemiLib/Core/Editor/Imgs/project/ico_bundle.png
  artifactKey: Guid(58676a985ae875646b7be748cf4499fd) Importer(2089858483,0ecaa5967403d082aa24f35e1b516d23)
Start importing Assets/Demigiant/DemiLib/Core/Editor/Imgs/project/ico_bundle.png using Guid(58676a985ae875646b7be748cf4499fd) Importer(2089858483,0ecaa5967403d082aa24f35e1b516d23)  -> (artifact id: 'e318539a955207784c6e9111333113cf') in 0.218177 seconds
Number of updated asset objects reloaded before import = 0
Number of asset objects unloaded after import = 1
========================================================================
Received Import Request.
  Time since last request: 0.000019 seconds.
  path: Assets/Demigiant/DemiLib/Core/Editor/Imgs/blackSquareAlpha25.png
  artifactKey: Guid(f7ff421f40d548444864a01cd7f47112) Importer(2089858483,0ecaa5967403d082aa24f35e1b516d23)
Start importing Assets/Demigiant/DemiLib/Core/Editor/Imgs/blackSquareAlpha25.png using Guid(f7ff421f40d548444864a01cd7f47112) Importer(2089858483,0ecaa5967403d082aa24f35e1b516d23)  -> (artifact id: '04d3f0dc86550e299485fbdb831e94c1') in 0.039703 seconds
Number of updated asset objects reloaded before import = 0
Number of asset objects unloaded after import = 1
========================================================================
Received Import Request.
  Time since last request: 0.000021 seconds.
  path: Assets/Demigiant/readme_DOTweenPro.txt
  artifactKey: Guid(24123b2fcdc15c943bed44e0c6beeec7) Importer(2089858483,0ecaa5967403d082aa24f35e1b516d23)
Start importing Assets/Demigiant/readme_DOTweenPro.txt using Guid(24123b2fcdc15c943bed44e0c6beeec7) Importer(2089858483,0ecaa5967403d082aa24f35e1b516d23)  -> (artifact id: '740b34863ed688dce7946e14ba8ade3a') in 0.019106 seconds
Number of updated asset objects reloaded before import = 0
Number of asset objects unloaded after import = 1
========================================================================
Received Import Request.
  Time since last request: 0.000019 seconds.
  path: Assets/Scripts/FeatherFramework/DataMgr/MonoBehaviourWithID.cs
  artifactKey: Guid(767a8409d64e22348bbfdfd130deb170) Importer(2089858483,0ecaa5967403d082aa24f35e1b516d23)
Start importing Assets/Scripts/FeatherFramework/DataMgr/MonoBehaviourWithID.cs using Guid(767a8409d64e22348bbfdfd130deb170) Importer(2089858483,0ecaa5967403d082aa24f35e1b516d23)  -> (artifact id: '52dc9944d4719286f1a50dcaaf4b6ebe') in 0.012588 seconds
Number of updated asset objects reloaded before import = 0
Number of asset objects unloaded after import = 1
========================================================================
Received Import Request.
  Time since last request: 0.000015 seconds.
  path: Assets/Plugins/Easy Save 3/Scripts/Auto Save/ES3AutoSave.cs
  artifactKey: Guid(9cfcc9ceea0bf419cb3bcaf548c2600d) Importer(2089858483,0ecaa5967403d082aa24f35e1b516d23)
Start importing Assets/Plugins/Easy Save 3/Scripts/Auto Save/ES3AutoSave.cs using Guid(9cfcc9ceea0bf419cb3bcaf548c2600d) Importer(2089858483,0ecaa5967403d082aa24f35e1b516d23)  -> (artifact id: '5e58d0d06d4c8c4c0c138bc3b2e6961a') in 0.014158 seconds
Number of updated asset objects reloaded before import = 0
Number of asset objects unloaded after import = 1
========================================================================
Received Import Request.
  Time since last request: 0.000020 seconds.
  path: Assets/Scripts/Game/Base/ResourceHandler.cs
  artifactKey: Guid(32f459abd2550274ca9ad524ebbb89e0) Importer(2089858483,0ecaa5967403d082aa24f35e1b516d23)
Start importing Assets/Scripts/Game/Base/ResourceHandler.cs using Guid(32f459abd2550274ca9ad524ebbb89e0) Importer(2089858483,0ecaa5967403d082aa24f35e1b516d23)  -> (artifact id: 'b375d619cc9658c14893fb5a7cc19870') in 0.011988 seconds
Number of updated asset objects reloaded before import = 0
Number of asset objects unloaded after import = 1
========================================================================
Received Import Request.
  Time since last request: 0.000015 seconds.
  path: Assets/Plugins/Easy Save 3/Editor/ES3PlayMakerEditor.cs
  artifactKey: Guid(61838eb75b8164d699b0f54416e0f0bc) Importer(2089858483,0ecaa5967403d082aa24f35e1b516d23)
Start importing Assets/Plugins/Easy Save 3/Editor/ES3PlayMakerEditor.cs using Guid(61838eb75b8164d699b0f54416e0f0bc) Importer(2089858483,0ecaa5967403d082aa24f35e1b516d23)  -> (artifact id: '6655bad268a7b6af9e2c21d4d2fe4166') in 0.012989 seconds
Number of updated asset objects reloaded before import = 0
Number of asset objects unloaded after import = 1
========================================================================
Received Import Request.
  Time since last request: 0.000019 seconds.
  path: Assets/Scripts/FeatherFramework/LanguageMgr/GameLanguageManager.cs
  artifactKey: Guid(6384e38cd80fe8d488c6c397f16bfe0a) Importer(2089858483,0ecaa5967403d082aa24f35e1b516d23)
Start importing Assets/Scripts/FeatherFramework/LanguageMgr/GameLanguageManager.cs using Guid(6384e38cd80fe8d488c6c397f16bfe0a) Importer(2089858483,0ecaa5967403d082aa24f35e1b516d23)  -> (artifact id: '4ad67bc53c770a1f97951605bfc87b27') in 0.011018 seconds
Number of updated asset objects reloaded before import = 0
Number of asset objects unloaded after import = 1
========================================================================
Received Import Request.
  Time since last request: 0.000016 seconds.
  path: Assets/Demigiant/DemiLib/Core/Editor/DemiEditor.dll
  artifactKey: Guid(202f9ddaf2c1a8a429504f7f3cd7b84f) Importer(2089858483,0ecaa5967403d082aa24f35e1b516d23)
Start importing Assets/Demigiant/DemiLib/Core/Editor/DemiEditor.dll using Guid(202f9ddaf2c1a8a429504f7f3cd7b84f) Importer(2089858483,0ecaa5967403d082aa24f35e1b516d23)  -> (artifact id: '13f2ae836ee4957cfad689704c302ae7') in 0.018315 seconds
Number of updated asset objects reloaded before import = 0
Number of asset objects unloaded after import = 1
========================================================================
Received Import Request.
  Time since last request: 0.000019 seconds.
  path: Assets/Plugins/Easy Save 3/Scripts/Types/ES3ScriptableObjectType.cs
  artifactKey: Guid(a26529496f04146959460074ab1a9b3f) Importer(2089858483,0ecaa5967403d082aa24f35e1b516d23)
Start importing Assets/Plugins/Easy Save 3/Scripts/Types/ES3ScriptableObjectType.cs using Guid(a26529496f04146959460074ab1a9b3f) Importer(2089858483,0ecaa5967403d082aa24f35e1b516d23)  -> (artifact id: '3a5b91c5418a293be8dd149c57dc86a3') in 0.011386 seconds
Number of updated asset objects reloaded before import = 0
Number of asset objects unloaded after import = 1
========================================================================
Received Import Request.
  Time since last request: 0.000022 seconds.
  path: Assets/Demigiant/DemiLib/Core/Editor/Imgs/ico_visibility.png
  artifactKey: Guid(55c2b426022dac44f9b25f0cba28aa45) Importer(2089858483,0ecaa5967403d082aa24f35e1b516d23)
Start importing Assets/Demigiant/DemiLib/Core/Editor/Imgs/ico_visibility.png using Guid(55c2b426022dac44f9b25f0cba28aa45) Importer(2089858483,0ecaa5967403d082aa24f35e1b516d23)  -> (artifact id: '0293c1369fc569eb59410185a3dae895') in 0.027819 seconds
Number of updated asset objects reloaded before import = 0
Number of asset objects unloaded after import = 1
========================================================================
Received Import Request.
  Time since last request: 0.000019 seconds.
  path: Assets/Demigiant/DOTweenPro Examples/DOTweenAnimation_Advanced.unity
  artifactKey: Guid(a5f7a56d339da84449899ecf95fbe33d) Importer(2089858483,0ecaa5967403d082aa24f35e1b516d23)
Start importing Assets/Demigiant/DOTweenPro Examples/DOTweenAnimation_Advanced.unity using Guid(a5f7a56d339da84449899ecf95fbe33d) Importer(2089858483,0ecaa5967403d082aa24f35e1b516d23)  -> (artifact id: '76513a032c0d41c2fc8d799e5b91a069') in 0.009378 seconds
Number of updated asset objects reloaded before import = 0
Number of asset objects unloaded after import = 1
========================================================================
Received Import Request.
  Time since last request: 0.000018 seconds.
  path: Assets/Demigiant/DOTween/Modules/DOTweenModuleUI.cs
  artifactKey: Guid(a060394c03331a64392db53a10e7f2d1) Importer(2089858483,0ecaa5967403d082aa24f35e1b516d23)
Start importing Assets/Demigiant/DOTween/Modules/DOTweenModuleUI.cs using Guid(a060394c03331a64392db53a10e7f2d1) Importer(2089858483,0ecaa5967403d082aa24f35e1b516d23)  -> (artifact id: '824f15a1cf07d7d5d606a5d90779b2ff') in 0.013504 seconds
Number of updated asset objects reloaded before import = 0
Number of asset objects unloaded after import = 1
========================================================================
Received Import Request.
  Time since last request: 0.000019 seconds.
  path: Assets/Demigiant/DemiLib/Core/Editor/Imgs/whiteDot_whiteBorderAlpha.png
  artifactKey: Guid(039dc89c76661c344b7776f8a47cc5a4) Importer(2089858483,0ecaa5967403d082aa24f35e1b516d23)
Start importing Assets/Demigiant/DemiLib/Core/Editor/Imgs/whiteDot_whiteBorderAlpha.png using Guid(039dc89c76661c344b7776f8a47cc5a4) Importer(2089858483,0ecaa5967403d082aa24f35e1b516d23)  -> (artifact id: '5f091689db9e6fef49c1c767e175bff2') in 0.089432 seconds
Number of updated asset objects reloaded before import = 0
Number of asset objects unloaded after import = 1
========================================================================
Received Import Request.
  Time since last request: 0.000058 seconds.
  path: Assets/Demigiant/DemiLib/Core/Editor/Imgs/squareBorderCurved_darkBordersAlpha.png
  artifactKey: Guid(f536c51d3da3f2e4ca93ac8773ec2ad8) Importer(2089858483,0ecaa5967403d082aa24f35e1b516d23)
Start importing Assets/Demigiant/DemiLib/Core/Editor/Imgs/squareBorderCurved_darkBordersAlpha.png using Guid(f536c51d3da3f2e4ca93ac8773ec2ad8) Importer(2089858483,0ecaa5967403d082aa24f35e1b516d23)  -> (artifact id: '2dee1e9e0e57452374a0bd12ee322a11') in 0.055556 seconds
Number of updated asset objects reloaded before import = 0
Number of asset objects unloaded after import = 1
========================================================================
Received Import Request.
  Time since last request: 0.000060 seconds.
  path: Assets/Demigiant/DOTween/Editor/DOTweenEditor.dll
  artifactKey: Guid(45d5034162d6cf04dbe46da84fc7d074) Importer(2089858483,0ecaa5967403d082aa24f35e1b516d23)
Start importing Assets/Demigiant/DOTween/Editor/DOTweenEditor.dll using Guid(45d5034162d6cf04dbe46da84fc7d074) Importer(2089858483,0ecaa5967403d082aa24f35e1b516d23)  -> (artifact id: 'a93432ac4e6c415df3d0af8ac13c4471') in 0.019114 seconds
Number of updated asset objects reloaded before import = 0
Number of asset objects unloaded after import = 1
========================================================================
Received Import Request.
  Time since last request: 0.000017 seconds.
  path: Assets/Demigiant/DemiLib/Core/Editor/Imgs/blackSquareAlpha15.png
  artifactKey: Guid(53d696c01f6ca524383f11fcc34dd13c) Importer(2089858483,0ecaa5967403d082aa24f35e1b516d23)
Start importing Assets/Demigiant/DemiLib/Core/Editor/Imgs/blackSquareAlpha15.png using Guid(53d696c01f6ca524383f11fcc34dd13c) Importer(2089858483,0ecaa5967403d082aa24f35e1b516d23)  -> (artifact id: 'b46460ebbc464e69c150741b232f98e5') in 0.129951 seconds
Number of updated asset objects reloaded before import = 0
Number of asset objects unloaded after import = 1
========================================================================
Received Import Request.
  Time since last request: 0.000020 seconds.
  path: Assets/Plugins/Easy Save 3/Editor/ES3ClassTypeTemplate.txt
  artifactKey: Guid(cc3cada215f0d417a8fa879651f22f84) Importer(2089858483,0ecaa5967403d082aa24f35e1b516d23)
Start importing Assets/Plugins/Easy Save 3/Editor/ES3ClassTypeTemplate.txt using Guid(cc3cada215f0d417a8fa879651f22f84) Importer(2089858483,0ecaa5967403d082aa24f35e1b516d23)  -> (artifact id: '98a093c2c0e6de472247467654c4351c') in 0.081352 seconds
Number of updated asset objects reloaded before import = 0
Number of asset objects unloaded after import = 1
========================================================================
Received Import Request.
  Time since last request: 0.000016 seconds.
  path: Assets/Demigiant/DOTween/Modules/DOTweenModulePhysics.cs
  artifactKey: Guid(dae9aa560b4242648a3affa2bfabc365) Importer(2089858483,0ecaa5967403d082aa24f35e1b516d23)
Start importing Assets/Demigiant/DOTween/Modules/DOTweenModulePhysics.cs using Guid(dae9aa560b4242648a3affa2bfabc365) Importer(2089858483,0ecaa5967403d082aa24f35e1b516d23)  -> (artifact id: 'b37fcb323ab256be026f72c22b3e532e') in 0.011501 seconds
Number of updated asset objects reloaded before import = 0
Number of asset objects unloaded after import = 1
========================================================================
Received Import Request.
  Time since last request: 0.000023 seconds.
  path: Assets/Demigiant/DOTween/DOTween.dll
  artifactKey: Guid(a811bde74b26b53498b4f6d872b09b6d) Importer(2089858483,0ecaa5967403d082aa24f35e1b516d23)
Start importing Assets/Demigiant/DOTween/DOTween.dll using Guid(a811bde74b26b53498b4f6d872b09b6d) Importer(2089858483,0ecaa5967403d082aa24f35e1b516d23)  -> (artifact id: 'ded2453cea684b4a2f9de329d9266926') in 0.016964 seconds
Number of updated asset objects reloaded before import = 0
Number of asset objects unloaded after import = 1
========================================================================
Received Import Request.
  Time since last request: 0.000060 seconds.
  path: Assets/Demigiant/DemiLib/Core/Editor/Imgs/ico_alert.png
  artifactKey: Guid(39cacc93c6c183f44992bf2421362f78) Importer(2089858483,0ecaa5967403d082aa24f35e1b516d23)
Start importing Assets/Demigiant/DemiLib/Core/Editor/Imgs/ico_alert.png using Guid(39cacc93c6c183f44992bf2421362f78) Importer(2089858483,0ecaa5967403d082aa24f35e1b516d23)  -> (artifact id: '6d12521e3be9c6fd3d212997d120ca6c') in 0.610140 seconds
Number of updated asset objects reloaded before import = 0
Number of asset objects unloaded after import = 1
========================================================================
Received Prepare
Begin MonoManager ReloadAssembly
Duplicate assembly 'Newtonsoft.Json.dll' with different versions detected, using 'Packages/com.unity.nuget.newtonsoft-json/Runtime/Newtonsoft.Json.dll, AssemblyName=Newtonsoft.Json, Version=13.0.0.0, Culture=neutral, PublicKeyToken=30ad4fe6b2a6aeed' and ignoring 'Assets/JsonDotNet/Assemblies/Standalone/Newtonsoft.Json.dll, AssemblyName=Newtonsoft.Json, Version=8.0.0.0, Culture=neutral, PublicKeyToken=null'.Symbol file LoadedFromMemory is not a mono symbol file
- Loaded All Assemblies, in  0.464 seconds
Refreshing native plugins compatible for Editor in 5.06 ms, found 2 plugins.
Native extension for WindowsStandalone target not found
[Package Manager] Server::EnsureServerProcessIsRunning -- launch failed, reason: Unity was launched with the -noUpm command-line argument
[Package Manager] UpmClient::Send -- Unable to send message (not connected to UPM process).
[Package Manager] Cannot connect to Unity Package Manager local server
Mono: successfully reloaded assembly
- Finished resetting the current domain, in  0.826 seconds
Domain Reload Profiling: 1289ms
	BeginReloadAssembly (173ms)
		ExecutionOrderSort (0ms)
		DisableScriptedObjects (8ms)
		BackupInstance (0ms)
		ReleaseScriptingObjects (0ms)
		CreateAndSetChildDomain (48ms)
	RebuildCommonClasses (35ms)
	RebuildNativeTypeToScriptingClass (20ms)
	initialDomainReloadingComplete (30ms)
	LoadAllAssembliesAndSetupDomain (206ms)
		LoadAssemblies (261ms)
		RebuildTransferFunctionScriptingTraits (0ms)
		AnalyzeDomain (27ms)
			TypeCache.Refresh (14ms)
				TypeCache.ScanAssembly (4ms)
			ScanForSourceGeneratedMonoScriptInfo (8ms)
			ResolveRequiredComponents (4ms)
	FinalizeReload (826ms)
		ReleaseScriptCaches (0ms)
		RebuildScriptCaches (0ms)
		SetupLoadedEditorAssemblies (540ms)
			LogAssemblyErrors (0ms)
			InitializePlatformSupportModulesInManaged (6ms)
			SetLoadedEditorAssemblies (5ms)
			RefreshPlugins (0ms)
			BeforeProcessingInitializeOnLoad (58ms)
			ProcessInitializeOnLoadAttributes (291ms)
			ProcessInitializeOnLoadMethodAttributes (178ms)
			AfterProcessingInitializeOnLoad (2ms)
			EditorAssembliesLoaded (0ms)
		ExecutionOrderSort2 (0ms)
		AwakeInstancesAfterBackupRestoration (7ms)
Refreshing native plugins compatible for Editor in 5.49 ms, found 2 plugins.
Preloading 0 native plugins for Editor in 0.00 ms.
Unloading 2743 Unused Serialized files (Serialized files now loaded: 0)
Unloading 62 unused Assets / (47.2 KB). Loaded Objects now: 3200.
Memory consumption went from 114.8 MB to 114.8 MB.
Total: 5.450100 ms (FindLiveObjects: 0.213500 ms CreateObjectMapping: 0.203600 ms MarkObjects: 4.964600 ms  DeleteObjects: 0.067600 ms)

Prepare: number of updated asset objects reloaded= 0
AssetImportParameters requested are different than current active one (requested -> active):
  custom:video-decoder-webm-vp8: 9c59270c3fd7afecdb556c50c9e8de78 -> 
  custom:SearchIndexIgnoredProperties: e643bd26f0fe6173181afceb89e7c659 -> 
  custom:container-demuxer-ogg: 62fdf1f143b41e24485cea50d1cbac27 -> 
  custom:AudioImporter_EditorPlatform: d09bf68614088b80899f8185d706f6e7 -> 
  custom:video-codec-MediaFoundation-h265: 746d11721c4dcdbdad8f713fa42b33f4 -> 
  custom:video-decoder-ogg-theora: a1e56fd34408186e4bbccfd4996cb3dc -> 
  custom:framework-win-MediaFoundation: 216162199b28c13a410421893ffa2e32 -> 
  custom:video-encoder-webm-vp8: eb34c28f22e8b96e1ab97ce403110664 -> 
  custom:audio-decoder-ogg-vorbis: bf7c407c2cedff20999df2af8eb42d56 -> 
  custom:CustomObjectIndexerAttribute: 9a22284fe3817be447336de3de66b15e -> 
  custom:container-demuxer-webm: 4f35f7cbe854078d1ac9338744f61a02 -> 
  custom:audio-encoder-webm-vorbis: bf7c407c2cedff20999df2af8eb42d56 -> 
  custom:container-muxer-webm: aa71ff27fc2769a1b78a27578f13a17b -> 
========================================================================
Received Import Request.
  Time since last request: 446.387703 seconds.
  path: Assets/Plugins/Luban
  artifactKey: Guid(c2449897c5ac6e746a4ec5d523b4cfa9) Importer(815301076,1909f56bfc062723c751e8b465ee728b)
Start importing Assets/Plugins/Luban using Guid(c2449897c5ac6e746a4ec5d523b4cfa9) Importer(815301076,1909f56bfc062723c751e8b465ee728b)  -> (artifact id: 'b216cac06e4a1195ba7b66808414cd23') in 0.002519 seconds
Number of updated asset objects reloaded before import = 0
Number of asset objects unloaded after import = 0
========================================================================
Received Import Request.
  Time since last request: 119.384624 seconds.
  path: Assets/Plugins/Luban/Editor/Luban.Editor.asmdef
  artifactKey: Guid(5796a4f593192714cbff2c4360722388) Importer(815301076,1909f56bfc062723c751e8b465ee728b)
Start importing Assets/Plugins/Luban/Editor/Luban.Editor.asmdef using Guid(5796a4f593192714cbff2c4360722388) Importer(815301076,1909f56bfc062723c751e8b465ee728b)  -> (artifact id: '49eeabbcbbcb91f635dbfe5ae1716c41') in 0.000521 seconds
Number of updated asset objects reloaded before import = 0
Number of asset objects unloaded after import = 0
========================================================================
Received Import Request.
  Time since last request: 30.154334 seconds.
  path: Assets/Plugins/Luban/Editor 1/Luban.Editor.asmdef
  artifactKey: Guid(ebcb2fc9c221cec47947734e66b7f773) Importer(815301076,1909f56bfc062723c751e8b465ee728b)
Start importing Assets/Plugins/Luban/Editor 1/Luban.Editor.asmdef using Guid(ebcb2fc9c221cec47947734e66b7f773) Importer(815301076,1909f56bfc062723c751e8b465ee728b)  -> (artifact id: '1e42e3ee5e2e1cac6c1ed54122e5a9bf') in 0.000361 seconds
Number of updated asset objects reloaded before import = 0
Number of asset objects unloaded after import = 0
========================================================================
Received Import Request.
  Time since last request: 0.000312 seconds.
  path: Assets/Plugins/Luban/Runtime 1/Luban.Runtime.asmdef
  artifactKey: Guid(ab47ac59a0b36f040b8a739d1a8502c3) Importer(815301076,1909f56bfc062723c751e8b465ee728b)
Start importing Assets/Plugins/Luban/Runtime 1/Luban.Runtime.asmdef using Guid(ab47ac59a0b36f040b8a739d1a8502c3) Importer(815301076,1909f56bfc062723c751e8b465ee728b)  -> (artifact id: '27a0ee61a1060e2af76d83f2907eb2ef') in 0.000289 seconds
Number of updated asset objects reloaded before import = 0
Number of asset objects unloaded after import = 0
========================================================================
Received Import Request.
  Time since last request: 5.686489 seconds.
  path: Assets/Plugins/Luban/Editor 1
  artifactKey: Guid(cbb233af3a168154396d405182e9993d) Importer(815301076,1909f56bfc062723c751e8b465ee728b)
Start importing Assets/Plugins/Luban/Editor 1 using Guid(cbb233af3a168154396d405182e9993d) Importer(815301076,1909f56bfc062723c751e8b465ee728b)  -> (artifact id: '71a863bc1cdbba8e4dcd0cb9ac75fd1a') in 0.000464 seconds
Number of updated asset objects reloaded before import = 0
Number of asset objects unloaded after import = 0
========================================================================
Received Prepare
Begin MonoManager ReloadAssembly
Duplicate assembly 'Newtonsoft.Json.dll' with different versions detected, using 'Packages/com.unity.nuget.newtonsoft-json/Runtime/Newtonsoft.Json.dll, AssemblyName=Newtonsoft.Json, Version=13.0.0.0, Culture=neutral, PublicKeyToken=30ad4fe6b2a6aeed' and ignoring 'Assets/JsonDotNet/Assemblies/Standalone/Newtonsoft.Json.dll, AssemblyName=Newtonsoft.Json, Version=8.0.0.0, Culture=neutral, PublicKeyToken=null'.Symbol file LoadedFromMemory is not a mono symbol file
- Loaded All Assemblies, in  0.427 seconds
Refreshing native plugins compatible for Editor in 8.14 ms, found 2 plugins.
Native extension for WindowsStandalone target not found
[Package Manager] Server::EnsureServerProcessIsRunning -- launch failed, reason: Unity was launched with the -noUpm command-line argument
[Package Manager] UpmClient::Send -- Unable to send message (not connected to UPM process).
[Package Manager] Cannot connect to Unity Package Manager local server
Mono: successfully reloaded assembly
- Finished resetting the current domain, in  0.860 seconds
Domain Reload Profiling: 1287ms
	BeginReloadAssembly (138ms)
		ExecutionOrderSort (0ms)
		DisableScriptedObjects (6ms)
		BackupInstance (0ms)
		ReleaseScriptingObjects (0ms)
		CreateAndSetChildDomain (34ms)
	RebuildCommonClasses (39ms)
	RebuildNativeTypeToScriptingClass (13ms)
	initialDomainReloadingComplete (25ms)
	LoadAllAssembliesAndSetupDomain (211ms)
		LoadAssemblies (267ms)
		RebuildTransferFunctionScriptingTraits (0ms)
		AnalyzeDomain (15ms)
			TypeCache.Refresh (7ms)
				TypeCache.ScanAssembly (0ms)
			ScanForSourceGeneratedMonoScriptInfo (0ms)
			ResolveRequiredComponents (6ms)
	FinalizeReload (861ms)
		ReleaseScriptCaches (0ms)
		RebuildScriptCaches (0ms)
		SetupLoadedEditorAssemblies (510ms)
			LogAssemblyErrors (0ms)
			InitializePlatformSupportModulesInManaged (6ms)
			SetLoadedEditorAssemblies (4ms)
			RefreshPlugins (0ms)
			BeforeProcessingInitializeOnLoad (67ms)
			ProcessInitializeOnLoadAttributes (267ms)
			ProcessInitializeOnLoadMethodAttributes (164ms)
			AfterProcessingInitializeOnLoad (2ms)
			EditorAssembliesLoaded (0ms)
		ExecutionOrderSort2 (0ms)
		AwakeInstancesAfterBackupRestoration (7ms)
Refreshing native plugins compatible for Editor in 5.20 ms, found 2 plugins.
Preloading 0 native plugins for Editor in 0.00 ms.
Unloading 2743 Unused Serialized files (Serialized files now loaded: 0)
Unloading 62 unused Assets / (47.3 KB). Loaded Objects now: 3203.
Memory consumption went from 114.8 MB to 114.8 MB.
Total: 5.793700 ms (FindLiveObjects: 0.230900 ms CreateObjectMapping: 0.179500 ms MarkObjects: 5.309700 ms  DeleteObjects: 0.072700 ms)

Prepare: number of updated asset objects reloaded= 0
AssetImportParameters requested are different than current active one (requested -> active):
  custom:video-decoder-webm-vp8: 9c59270c3fd7afecdb556c50c9e8de78 -> 
  custom:SearchIndexIgnoredProperties: e643bd26f0fe6173181afceb89e7c659 -> 
  custom:container-demuxer-ogg: 62fdf1f143b41e24485cea50d1cbac27 -> 
  custom:AudioImporter_EditorPlatform: d09bf68614088b80899f8185d706f6e7 -> 
  custom:video-codec-MediaFoundation-h265: 746d11721c4dcdbdad8f713fa42b33f4 -> 
  custom:video-decoder-ogg-theora: a1e56fd34408186e4bbccfd4996cb3dc -> 
  custom:framework-win-MediaFoundation: 216162199b28c13a410421893ffa2e32 -> 
  custom:video-encoder-webm-vp8: eb34c28f22e8b96e1ab97ce403110664 -> 
  custom:audio-decoder-ogg-vorbis: bf7c407c2cedff20999df2af8eb42d56 -> 
  custom:CustomObjectIndexerAttribute: 9a22284fe3817be447336de3de66b15e -> 
  custom:container-demuxer-webm: 4f35f7cbe854078d1ac9338744f61a02 -> 
  custom:audio-encoder-webm-vorbis: bf7c407c2cedff20999df2af8eb42d56 -> 
  custom:container-muxer-webm: aa71ff27fc2769a1b78a27578f13a17b -> 
========================================================================
Received Import Request.
  Time since last request: 20.342247 seconds.
  path: Assets/Plugins/Luban/docs
  artifactKey: Guid(635b11779b767c54bbbe70f474292aeb) Importer(815301076,1909f56bfc062723c751e8b465ee728b)
Start importing Assets/Plugins/Luban/docs using Guid(635b11779b767c54bbbe70f474292aeb) Importer(815301076,1909f56bfc062723c751e8b465ee728b)  -> (artifact id: '3c5c7ee54d8fd29ef07fbd70f23512f7') in 0.001903 seconds
Number of updated asset objects reloaded before import = 0
Number of asset objects unloaded after import = 0
========================================================================
Received Import Request.
  Time since last request: 6.998340 seconds.
  path: Assets/Plugins/Luban/Editor 1/Luban.Editor.asmdef
  artifactKey: Guid(825ab342d7c39094a91b5379c7fcd064) Importer(815301076,1909f56bfc062723c751e8b465ee728b)
Start importing Assets/Plugins/Luban/Editor 1/Luban.Editor.asmdef using Guid(825ab342d7c39094a91b5379c7fcd064) Importer(815301076,1909f56bfc062723c751e8b465ee728b)  -> (artifact id: 'e64af87884239669be910a962ccd3ee9') in 0.000530 seconds
Number of updated asset objects reloaded before import = 0
Number of asset objects unloaded after import = 0
========================================================================
Received Prepare
Begin MonoManager ReloadAssembly
Duplicate assembly 'Newtonsoft.Json.dll' with different versions detected, using 'Packages/com.unity.nuget.newtonsoft-json/Runtime/Newtonsoft.Json.dll, AssemblyName=Newtonsoft.Json, Version=13.0.0.0, Culture=neutral, PublicKeyToken=30ad4fe6b2a6aeed' and ignoring 'Assets/JsonDotNet/Assemblies/Standalone/Newtonsoft.Json.dll, AssemblyName=Newtonsoft.Json, Version=8.0.0.0, Culture=neutral, PublicKeyToken=null'.Symbol file LoadedFromMemory is not a mono symbol file
- Loaded All Assemblies, in  0.429 seconds
Refreshing native plugins compatible for Editor in 5.41 ms, found 2 plugins.
Native extension for WindowsStandalone target not found
[Package Manager] Server::EnsureServerProcessIsRunning -- launch failed, reason: Unity was launched with the -noUpm command-line argument
[Package Manager] UpmClient::Send -- Unable to send message (not connected to UPM process).
[Package Manager] Cannot connect to Unity Package Manager local server
Mono: successfully reloaded assembly
- Finished resetting the current domain, in  0.891 seconds
Domain Reload Profiling: 1319ms
	BeginReloadAssembly (168ms)
		ExecutionOrderSort (0ms)
		DisableScriptedObjects (5ms)
		BackupInstance (0ms)
		ReleaseScriptingObjects (0ms)
		CreateAndSetChildDomain (41ms)
	RebuildCommonClasses (38ms)
	RebuildNativeTypeToScriptingClass (11ms)
	initialDomainReloadingComplete (29ms)
	LoadAllAssembliesAndSetupDomain (181ms)
		LoadAssemblies (264ms)
		RebuildTransferFunctionScriptingTraits (0ms)
		AnalyzeDomain (12ms)
			TypeCache.Refresh (5ms)
				TypeCache.ScanAssembly (0ms)
			ScanForSourceGeneratedMonoScriptInfo (0ms)
			ResolveRequiredComponents (5ms)
	FinalizeReload (891ms)
		ReleaseScriptCaches (0ms)
		RebuildScriptCaches (0ms)
		SetupLoadedEditorAssemblies (530ms)
			LogAssemblyErrors (0ms)
			InitializePlatformSupportModulesInManaged (7ms)
			SetLoadedEditorAssemblies (4ms)
			RefreshPlugins (0ms)
			BeforeProcessingInitializeOnLoad (60ms)
			ProcessInitializeOnLoadAttributes (284ms)
			ProcessInitializeOnLoadMethodAttributes (173ms)
			AfterProcessingInitializeOnLoad (2ms)
			EditorAssembliesLoaded (0ms)
		ExecutionOrderSort2 (0ms)
		AwakeInstancesAfterBackupRestoration (7ms)
Refreshing native plugins compatible for Editor in 5.23 ms, found 2 plugins.
Preloading 0 native plugins for Editor in 0.00 ms.
Unloading 2743 Unused Serialized files (Serialized files now loaded: 0)
Unloading 62 unused Assets / (47.3 KB). Loaded Objects now: 3206.
Memory consumption went from 114.8 MB to 114.8 MB.
Total: 5.529900 ms (FindLiveObjects: 0.208300 ms CreateObjectMapping: 0.157300 ms MarkObjects: 5.087500 ms  DeleteObjects: 0.075800 ms)

Prepare: number of updated asset objects reloaded= 0
AssetImportParameters requested are different than current active one (requested -> active):
  custom:video-decoder-webm-vp8: 9c59270c3fd7afecdb556c50c9e8de78 -> 
  custom:SearchIndexIgnoredProperties: e643bd26f0fe6173181afceb89e7c659 -> 
  custom:container-demuxer-ogg: 62fdf1f143b41e24485cea50d1cbac27 -> 
  custom:AudioImporter_EditorPlatform: d09bf68614088b80899f8185d706f6e7 -> 
  custom:video-codec-MediaFoundation-h265: 746d11721c4dcdbdad8f713fa42b33f4 -> 
  custom:video-decoder-ogg-theora: a1e56fd34408186e4bbccfd4996cb3dc -> 
  custom:framework-win-MediaFoundation: 216162199b28c13a410421893ffa2e32 -> 
  custom:video-encoder-webm-vp8: eb34c28f22e8b96e1ab97ce403110664 -> 
  custom:audio-decoder-ogg-vorbis: bf7c407c2cedff20999df2af8eb42d56 -> 
  custom:CustomObjectIndexerAttribute: 9a22284fe3817be447336de3de66b15e -> 
  custom:container-demuxer-webm: 4f35f7cbe854078d1ac9338744f61a02 -> 
  custom:audio-encoder-webm-vorbis: bf7c407c2cedff20999df2af8eb42d56 -> 
  custom:container-muxer-webm: aa71ff27fc2769a1b78a27578f13a17b -> 
========================================================================
Received Import Request.
  Time since last request: 67.949393 seconds.
  path: Assets/Plugins/Luban/LICENSE
  artifactKey: Guid(078e48d5b430a7d4db6745b56c27f8d5) Importer(815301076,1909f56bfc062723c751e8b465ee728b)
Start importing Assets/Plugins/Luban/LICENSE using Guid(078e48d5b430a7d4db6745b56c27f8d5) Importer(815301076,1909f56bfc062723c751e8b465ee728b)  -> (artifact id: '1e4ff1981b574b9aa4bc2c9d79bdc25e') in 0.012446 seconds
Number of updated asset objects reloaded before import = 0
Number of asset objects unloaded after import = 1
========================================================================
Received Prepare
Begin MonoManager ReloadAssembly
Duplicate assembly 'Newtonsoft.Json.dll' with different versions detected, using 'Packages/com.unity.nuget.newtonsoft-json/Runtime/Newtonsoft.Json.dll, AssemblyName=Newtonsoft.Json, Version=13.0.0.0, Culture=neutral, PublicKeyToken=30ad4fe6b2a6aeed' and ignoring 'Assets/JsonDotNet/Assemblies/Standalone/Newtonsoft.Json.dll, AssemblyName=Newtonsoft.Json, Version=8.0.0.0, Culture=neutral, PublicKeyToken=null'.Symbol file LoadedFromMemory is not a mono symbol file
- Loaded All Assemblies, in  0.443 seconds
Refreshing native plugins compatible for Editor in 7.90 ms, found 2 plugins.
Native extension for WindowsStandalone target not found
[Package Manager] Server::EnsureServerProcessIsRunning -- launch failed, reason: Unity was launched with the -noUpm command-line argument
[Package Manager] UpmClient::Send -- Unable to send message (not connected to UPM process).
[Package Manager] Cannot connect to Unity Package Manager local server
Mono: successfully reloaded assembly
- Finished resetting the current domain, in  0.839 seconds
Domain Reload Profiling: 1282ms
	BeginReloadAssembly (156ms)
		ExecutionOrderSort (0ms)
		DisableScriptedObjects (6ms)
		BackupInstance (0ms)
		ReleaseScriptingObjects (0ms)
		CreateAndSetChildDomain (40ms)
	RebuildCommonClasses (45ms)
	RebuildNativeTypeToScriptingClass (16ms)
	initialDomainReloadingComplete (35ms)
	LoadAllAssembliesAndSetupDomain (190ms)
		LoadAssemblies (247ms)
		RebuildTransferFunctionScriptingTraits (0ms)
		AnalyzeDomain (25ms)
			TypeCache.Refresh (11ms)
				TypeCache.ScanAssembly (4ms)
			ScanForSourceGeneratedMonoScriptInfo (7ms)
			ResolveRequiredComponents (5ms)
	FinalizeReload (840ms)
		ReleaseScriptCaches (0ms)
		RebuildScriptCaches (0ms)
		SetupLoadedEditorAssemblies (563ms)
			LogAssemblyErrors (0ms)
			InitializePlatformSupportModulesInManaged (4ms)
			SetLoadedEditorAssemblies (3ms)
			RefreshPlugins (0ms)
			BeforeProcessingInitializeOnLoad (53ms)
			ProcessInitializeOnLoadAttributes (350ms)
			ProcessInitializeOnLoadMethodAttributes (151ms)
			AfterProcessingInitializeOnLoad (2ms)
			EditorAssembliesLoaded (0ms)
		ExecutionOrderSort2 (0ms)
		AwakeInstancesAfterBackupRestoration (7ms)
Refreshing native plugins compatible for Editor in 4.82 ms, found 2 plugins.
Preloading 0 native plugins for Editor in 0.00 ms.
Unloading 2752 Unused Serialized files (Serialized files now loaded: 0)
Unloading 62 unused Assets / (47.1 KB). Loaded Objects now: 3219.
Memory consumption went from 115.0 MB to 115.0 MB.
Total: 5.365700 ms (FindLiveObjects: 0.199000 ms CreateObjectMapping: 0.112600 ms MarkObjects: 4.989400 ms  DeleteObjects: 0.064100 ms)

Prepare: number of updated asset objects reloaded= 0
AssetImportParameters requested are different than current active one (requested -> active):
  custom:video-decoder-webm-vp8: 9c59270c3fd7afecdb556c50c9e8de78 -> 
  custom:SearchIndexIgnoredProperties: e643bd26f0fe6173181afceb89e7c659 -> 
  custom:container-demuxer-ogg: 62fdf1f143b41e24485cea50d1cbac27 -> 
  custom:AudioImporter_EditorPlatform: d09bf68614088b80899f8185d706f6e7 -> 
  custom:video-codec-MediaFoundation-h265: 746d11721c4dcdbdad8f713fa42b33f4 -> 
  custom:video-decoder-ogg-theora: a1e56fd34408186e4bbccfd4996cb3dc -> 
  custom:framework-win-MediaFoundation: 216162199b28c13a410421893ffa2e32 -> 
  custom:video-encoder-webm-vp8: eb34c28f22e8b96e1ab97ce403110664 -> 
  custom:audio-decoder-ogg-vorbis: bf7c407c2cedff20999df2af8eb42d56 -> 
  custom:CustomObjectIndexerAttribute: 9a22284fe3817be447336de3de66b15e -> 
  custom:container-demuxer-webm: 4f35f7cbe854078d1ac9338744f61a02 -> 
  custom:audio-encoder-webm-vorbis: bf7c407c2cedff20999df2af8eb42d56 -> 
  custom:container-muxer-webm: aa71ff27fc2769a1b78a27578f13a17b -> 
========================================================================
Received Prepare
Begin MonoManager ReloadAssembly
Duplicate assembly 'Newtonsoft.Json.dll' with different versions detected, using 'Packages/com.unity.nuget.newtonsoft-json/Runtime/Newtonsoft.Json.dll, AssemblyName=Newtonsoft.Json, Version=13.0.0.0, Culture=neutral, PublicKeyToken=30ad4fe6b2a6aeed' and ignoring 'Assets/JsonDotNet/Assemblies/Standalone/Newtonsoft.Json.dll, AssemblyName=Newtonsoft.Json, Version=8.0.0.0, Culture=neutral, PublicKeyToken=null'.Symbol file LoadedFromMemory is not a mono symbol file
- Loaded All Assemblies, in  0.417 seconds
Refreshing native plugins compatible for Editor in 5.60 ms, found 2 plugins.
Native extension for WindowsStandalone target not found
[Package Manager] Server::EnsureServerProcessIsRunning -- launch failed, reason: Unity was launched with the -noUpm command-line argument
[Package Manager] UpmClient::Send -- Unable to send message (not connected to UPM process).
[Package Manager] Cannot connect to Unity Package Manager local server
Mono: successfully reloaded assembly
- Finished resetting the current domain, in  0.849 seconds
Domain Reload Profiling: 1265ms
	BeginReloadAssembly (149ms)
		ExecutionOrderSort (0ms)
		DisableScriptedObjects (6ms)
		BackupInstance (0ms)
		ReleaseScriptingObjects (0ms)
		CreateAndSetChildDomain (37ms)
	RebuildCommonClasses (36ms)
	RebuildNativeTypeToScriptingClass (12ms)
	initialDomainReloadingComplete (23ms)
	LoadAllAssembliesAndSetupDomain (196ms)
		LoadAssemblies (245ms)
		RebuildTransferFunctionScriptingTraits (0ms)
		AnalyzeDomain (29ms)
			TypeCache.Refresh (17ms)
				TypeCache.ScanAssembly (7ms)
			ScanForSourceGeneratedMonoScriptInfo (8ms)
			ResolveRequiredComponents (4ms)
	FinalizeReload (849ms)
		ReleaseScriptCaches (0ms)
		RebuildScriptCaches (0ms)
		SetupLoadedEditorAssemblies (509ms)
			LogAssemblyErrors (0ms)
			InitializePlatformSupportModulesInManaged (7ms)
			SetLoadedEditorAssemblies (4ms)
			RefreshPlugins (0ms)
			BeforeProcessingInitializeOnLoad (68ms)
			ProcessInitializeOnLoadAttributes (268ms)
			ProcessInitializeOnLoadMethodAttributes (161ms)
			AfterProcessingInitializeOnLoad (2ms)
			EditorAssembliesLoaded (0ms)
		ExecutionOrderSort2 (0ms)
		AwakeInstancesAfterBackupRestoration (7ms)
Refreshing native plugins compatible for Editor in 4.90 ms, found 2 plugins.
Preloading 0 native plugins for Editor in 0.00 ms.
Unloading 2744 Unused Serialized files (Serialized files now loaded: 0)
Unloading 69 unused Assets / (50.7 KB). Loaded Objects now: 3215.
Memory consumption went from 115.1 MB to 115.1 MB.
Total: 5.988300 ms (FindLiveObjects: 0.204600 ms CreateObjectMapping: 0.135300 ms MarkObjects: 5.564700 ms  DeleteObjects: 0.082800 ms)

Prepare: number of updated asset objects reloaded= 0
AssetImportParameters requested are different than current active one (requested -> active):
  custom:video-decoder-webm-vp8: 9c59270c3fd7afecdb556c50c9e8de78 -> 
  custom:SearchIndexIgnoredProperties: e643bd26f0fe6173181afceb89e7c659 -> 
  custom:container-demuxer-ogg: 62fdf1f143b41e24485cea50d1cbac27 -> 
  custom:AudioImporter_EditorPlatform: d09bf68614088b80899f8185d706f6e7 -> 
  custom:video-codec-MediaFoundation-h265: 746d11721c4dcdbdad8f713fa42b33f4 -> 
  custom:video-decoder-ogg-theora: a1e56fd34408186e4bbccfd4996cb3dc -> 
  custom:framework-win-MediaFoundation: 216162199b28c13a410421893ffa2e32 -> 
  custom:video-encoder-webm-vp8: eb34c28f22e8b96e1ab97ce403110664 -> 
  custom:audio-decoder-ogg-vorbis: bf7c407c2cedff20999df2af8eb42d56 -> 
  custom:CustomObjectIndexerAttribute: 9a22284fe3817be447336de3de66b15e -> 
  custom:container-demuxer-webm: 4f35f7cbe854078d1ac9338744f61a02 -> 
  custom:audio-encoder-webm-vorbis: bf7c407c2cedff20999df2af8eb42d56 -> 
  custom:container-muxer-webm: aa71ff27fc2769a1b78a27578f13a17b -> 
========================================================================
Received Prepare
Assembly with name 'Luban.Runtime' already exists (Assets/Plugins/Luban/Runtime/Luban.Runtime.asmdef)
Assembly with name 'Luban.Runtime' already exists (Packages/com.code-philosophy.luban/Runtime/Luban.Runtime.asmdef)
Assembly with name 'Luban.Editor' already exists (Packages/com.code-philosophy.luban/Editor/Luban.Editor.asmdef)
Assembly with name 'Luban.Editor' already exists (Assets/Plugins/Luban/Editor/Luban.Editor.asmdef)
Assembly with name 'Luban.Runtime' already exists (Assets/Plugins/Luban/Runtime/Luban.Runtime.asmdef)
Assembly with name 'Luban.Runtime' already exists (Packages/com.code-philosophy.luban/Runtime/Luban.Runtime.asmdef)
Assembly with name 'Luban.Editor' already exists (Packages/com.code-philosophy.luban/Editor/Luban.Editor.asmdef)
Assembly with name 'Luban.Editor' already exists (Assets/Plugins/Luban/Editor/Luban.Editor.asmdef)
Begin MonoManager ReloadAssembly
Duplicate assembly 'Newtonsoft.Json.dll' with different versions detected, using 'Packages/com.unity.nuget.newtonsoft-json/Runtime/Newtonsoft.Json.dll, AssemblyName=Newtonsoft.Json, Version=13.0.0.0, Culture=neutral, PublicKeyToken=30ad4fe6b2a6aeed' and ignoring 'Assets/JsonDotNet/Assemblies/Standalone/Newtonsoft.Json.dll, AssemblyName=Newtonsoft.Json, Version=8.0.0.0, Culture=neutral, PublicKeyToken=null'.Symbol file LoadedFromMemory is not a mono symbol file
- Loaded All Assemblies, in  0.416 seconds
Refreshing native plugins compatible for Editor in 5.15 ms, found 2 plugins.
Native extension for WindowsStandalone target not found
Assembly with name 'Luban.Runtime' already exists (Assets/Plugins/Luban/Runtime/Luban.Runtime.asmdef)
Assembly with name 'Luban.Runtime' already exists (Packages/com.code-philosophy.luban/Runtime/Luban.Runtime.asmdef)
Assembly with name 'Luban.Editor' already exists (Packages/com.code-philosophy.luban/Editor/Luban.Editor.asmdef)
Assembly with name 'Luban.Editor' already exists (Assets/Plugins/Luban/Editor/Luban.Editor.asmdef)
[Package Manager] Server::EnsureServerProcessIsRunning -- launch failed, reason: Unity was launched with the -noUpm command-line argument
[Package Manager] UpmClient::Send -- Unable to send message (not connected to UPM process).
[Package Manager] Cannot connect to Unity Package Manager local server
Mono: successfully reloaded assembly
- Finished resetting the current domain, in  0.865 seconds
Domain Reload Profiling: 1281ms
	BeginReloadAssembly (157ms)
		ExecutionOrderSort (0ms)
		DisableScriptedObjects (8ms)
		BackupInstance (0ms)
		ReleaseScriptingObjects (0ms)
		CreateAndSetChildDomain (43ms)
	RebuildCommonClasses (32ms)
	RebuildNativeTypeToScriptingClass (14ms)
	initialDomainReloadingComplete (25ms)
	LoadAllAssembliesAndSetupDomain (187ms)
		LoadAssemblies (239ms)
		RebuildTransferFunctionScriptingTraits (0ms)
		AnalyzeDomain (26ms)
			TypeCache.Refresh (13ms)
				TypeCache.ScanAssembly (4ms)
			ScanForSourceGeneratedMonoScriptInfo (8ms)
			ResolveRequiredComponents (4ms)
	FinalizeReload (866ms)
		ReleaseScriptCaches (0ms)
		RebuildScriptCaches (0ms)
		SetupLoadedEditorAssemblies (579ms)
			LogAssemblyErrors (0ms)
			InitializePlatformSupportModulesInManaged (4ms)
			SetLoadedEditorAssemblies (4ms)
			RefreshPlugins (0ms)
			BeforeProcessingInitializeOnLoad (84ms)
			ProcessInitializeOnLoadAttributes (318ms)
			ProcessInitializeOnLoadMethodAttributes (167ms)
			AfterProcessingInitializeOnLoad (2ms)
			EditorAssembliesLoaded (0ms)
		ExecutionOrderSort2 (0ms)
		AwakeInstancesAfterBackupRestoration (6ms)
Refreshing native plugins compatible for Editor in 5.56 ms, found 2 plugins.
Preloading 0 native plugins for Editor in 0.00 ms.
Unloading 2753 Unused Serialized files (Serialized files now loaded: 0)
Unloading 62 unused Assets / (47.1 KB). Loaded Objects now: 3225.
Memory consumption went from 115.3 MB to 115.3 MB.
Total: 5.573300 ms (FindLiveObjects: 0.274700 ms CreateObjectMapping: 0.210400 ms MarkObjects: 5.016300 ms  DeleteObjects: 0.070900 ms)

Prepare: number of updated asset objects reloaded= 2
AssetImportParameters requested are different than current active one (requested -> active):
  custom:video-decoder-webm-vp8: 9c59270c3fd7afecdb556c50c9e8de78 -> 
  custom:SearchIndexIgnoredProperties: e643bd26f0fe6173181afceb89e7c659 -> 
  custom:container-demuxer-ogg: 62fdf1f143b41e24485cea50d1cbac27 -> 
  custom:AudioImporter_EditorPlatform: d09bf68614088b80899f8185d706f6e7 -> 
  custom:video-codec-MediaFoundation-h265: 746d11721c4dcdbdad8f713fa42b33f4 -> 
  custom:video-decoder-ogg-theora: a1e56fd34408186e4bbccfd4996cb3dc -> 
  custom:framework-win-MediaFoundation: 216162199b28c13a410421893ffa2e32 -> 
  custom:video-encoder-webm-vp8: eb34c28f22e8b96e1ab97ce403110664 -> 
  custom:audio-decoder-ogg-vorbis: bf7c407c2cedff20999df2af8eb42d56 -> 
  custom:CustomObjectIndexerAttribute: 9a22284fe3817be447336de3de66b15e -> 
  custom:container-demuxer-webm: 4f35f7cbe854078d1ac9338744f61a02 -> 
  custom:audio-encoder-webm-vorbis: bf7c407c2cedff20999df2af8eb42d56 -> 
  custom:container-muxer-webm: aa71ff27fc2769a1b78a27578f13a17b -> 
========================================================================
Received Import Request.
  Time since last request: 1799.966501 seconds.
  path: Packages/com.code-philosophy.luban/package.json
  artifactKey: Guid(ff12bd64e92ccc647b703701cc341095) Importer(815301076,1909f56bfc062723c751e8b465ee728b)
Start importing Packages/com.code-philosophy.luban/package.json using Guid(ff12bd64e92ccc647b703701cc341095) Importer(815301076,1909f56bfc062723c751e8b465ee728b)  -> (artifact id: '00000000000000000000000000000000') in 0.009026 seconds
Import Error Code:(4)
Message: Build asset version error: packages/com.code-philosophy.luban/package.json in SourceAssetDB has modification time of '2024-06-06T09:11:14.4160437Z' while content on disk has modification time of '2024-06-06T09:11:32.0466182Z'
  ERROR: Build asset version error: packages/com.code-philosophy.luban/package.json in SourceAssetDB has modification time of '2024-06-06T09:11:14.4160437Z' while content on disk has modification time of '2024-06-06T09:11:32.0466182Z'
Number of updated asset objects reloaded before import = 0
Number of asset objects unloaded after import = 0
========================================================================
Received Import Request.
  Time since last request: 0.002091 seconds.
  path: Packages/com.code-philosophy.luban/package.json
  artifactKey: Guid(ff12bd64e92ccc647b703701cc341095) Importer(815301076,1909f56bfc062723c751e8b465ee728b)
Start importing Packages/com.code-philosophy.luban/package.json using Guid(ff12bd64e92ccc647b703701cc341095) Importer(815301076,1909f56bfc062723c751e8b465ee728b)  -> (artifact id: '00000000000000000000000000000000') in 0.000757 seconds
Import Error Code:(4)
Message: Build asset version error: packages/com.code-philosophy.luban/package.json in SourceAssetDB has modification time of '2024-06-06T09:11:14.4160437Z' while content on disk has modification time of '2024-06-06T09:11:32.0466182Z'
  ERROR: Build asset version error: packages/com.code-philosophy.luban/package.json in SourceAssetDB has modification time of '2024-06-06T09:11:14.4160437Z' while content on disk has modification time of '2024-06-06T09:11:32.0466182Z'
Number of updated asset objects reloaded before import = 0
Number of asset objects unloaded after import = 0
========================================================================
Received Import Request.
  Time since last request: 0.006143 seconds.
  path: Packages/com.code-philosophy.luban/package.json
  artifactKey: Guid(ff12bd64e92ccc647b703701cc341095) Importer(815301076,1909f56bfc062723c751e8b465ee728b)
Start importing Packages/com.code-philosophy.luban/package.json using Guid(ff12bd64e92ccc647b703701cc341095) Importer(815301076,1909f56bfc062723c751e8b465ee728b)  -> (artifact id: '00000000000000000000000000000000') in 0.000718 seconds
Import Error Code:(4)
Message: Build asset version error: packages/com.code-philosophy.luban/package.json in SourceAssetDB has modification time of '2024-06-06T09:11:14.4160437Z' while content on disk has modification time of '2024-06-06T09:11:32.0466182Z'
  ERROR: Build asset version error: packages/com.code-philosophy.luban/package.json in SourceAssetDB has modification time of '2024-06-06T09:11:14.4160437Z' while content on disk has modification time of '2024-06-06T09:11:32.0466182Z'
Number of updated asset objects reloaded before import = 0
Number of asset objects unloaded after import = 0
========================================================================
Received Import Request.
  Time since last request: 0.007728 seconds.
  path: Packages/com.code-philosophy.luban/package.json
  artifactKey: Guid(ff12bd64e92ccc647b703701cc341095) Importer(815301076,1909f56bfc062723c751e8b465ee728b)
Start importing Packages/com.code-philosophy.luban/package.json using Guid(ff12bd64e92ccc647b703701cc341095) Importer(815301076,1909f56bfc062723c751e8b465ee728b)  -> (artifact id: '00000000000000000000000000000000') in 0.000789 seconds
Import Error Code:(4)
Message: Build asset version error: packages/com.code-philosophy.luban/package.json in SourceAssetDB has modification time of '2024-06-06T09:11:14.4160437Z' while content on disk has modification time of '2024-06-06T09:11:32.0466182Z'
  ERROR: Build asset version error: packages/com.code-philosophy.luban/package.json in SourceAssetDB has modification time of '2024-06-06T09:11:14.4160437Z' while content on disk has modification time of '2024-06-06T09:11:32.0466182Z'
Number of updated asset objects reloaded before import = 0
Number of asset objects unloaded after import = 0
========================================================================
Received Import Request.
  Time since last request: 0.009056 seconds.
  path: Packages/com.code-philosophy.luban/package.json
  artifactKey: Guid(ff12bd64e92ccc647b703701cc341095) Importer(815301076,1909f56bfc062723c751e8b465ee728b)
Start importing Packages/com.code-philosophy.luban/package.json using Guid(ff12bd64e92ccc647b703701cc341095) Importer(815301076,1909f56bfc062723c751e8b465ee728b)  -> (artifact id: '00000000000000000000000000000000') in 0.000732 seconds
Import Error Code:(4)
Message: Build asset version error: packages/com.code-philosophy.luban/package.json in SourceAssetDB has modification time of '2024-06-06T09:11:14.4160437Z' while content on disk has modification time of '2024-06-06T09:11:32.0466182Z'
  ERROR: Build asset version error: packages/com.code-philosophy.luban/package.json in SourceAssetDB has modification time of '2024-06-06T09:11:14.4160437Z' while content on disk has modification time of '2024-06-06T09:11:32.0466182Z'
Number of updated asset objects reloaded before import = 0
Number of asset objects unloaded after import = 0
========================================================================
Received Import Request.
  Time since last request: 0.007306 seconds.
  path: Packages/com.code-philosophy.luban/package.json
  artifactKey: Guid(ff12bd64e92ccc647b703701cc341095) Importer(815301076,1909f56bfc062723c751e8b465ee728b)
Start importing Packages/com.code-philosophy.luban/package.json using Guid(ff12bd64e92ccc647b703701cc341095) Importer(815301076,1909f56bfc062723c751e8b465ee728b)  -> (artifact id: '00000000000000000000000000000000') in 0.000856 seconds
Import Error Code:(4)
Message: Build asset version error: packages/com.code-philosophy.luban/package.json in SourceAssetDB has modification time of '2024-06-06T09:11:14.4160437Z' while content on disk has modification time of '2024-06-06T09:11:32.0466182Z'
  ERROR: Build asset version error: packages/com.code-philosophy.luban/package.json in SourceAssetDB has modification time of '2024-06-06T09:11:14.4160437Z' while content on disk has modification time of '2024-06-06T09:11:32.0466182Z'
Number of updated asset objects reloaded before import = 0
Number of asset objects unloaded after import = 0
========================================================================
Received Import Request.
  Time since last request: 0.007207 seconds.
  path: Packages/com.code-philosophy.luban/package.json
  artifactKey: Guid(ff12bd64e92ccc647b703701cc341095) Importer(815301076,1909f56bfc062723c751e8b465ee728b)
Start importing Packages/com.code-philosophy.luban/package.json using Guid(ff12bd64e92ccc647b703701cc341095) Importer(815301076,1909f56bfc062723c751e8b465ee728b)  -> (artifact id: '00000000000000000000000000000000') in 0.000710 seconds
Import Error Code:(4)
Message: Build asset version error: packages/com.code-philosophy.luban/package.json in SourceAssetDB has modification time of '2024-06-06T09:11:14.4160437Z' while content on disk has modification time of '2024-06-06T09:11:32.0466182Z'
  ERROR: Build asset version error: packages/com.code-philosophy.luban/package.json in SourceAssetDB has modification time of '2024-06-06T09:11:14.4160437Z' while content on disk has modification time of '2024-06-06T09:11:32.0466182Z'
Number of updated asset objects reloaded before import = 0
Number of asset objects unloaded after import = 0
========================================================================
Received Import Request.
  Time since last request: 0.007326 seconds.
  path: Packages/com.code-philosophy.luban/package.json
  artifactKey: Guid(ff12bd64e92ccc647b703701cc341095) Importer(815301076,1909f56bfc062723c751e8b465ee728b)
Start importing Packages/com.code-philosophy.luban/package.json using Guid(ff12bd64e92ccc647b703701cc341095) Importer(815301076,1909f56bfc062723c751e8b465ee728b)  -> (artifact id: '00000000000000000000000000000000') in 0.000947 seconds
Import Error Code:(4)
Message: Build asset version error: packages/com.code-philosophy.luban/package.json in SourceAssetDB has modification time of '2024-06-06T09:11:14.4160437Z' while content on disk has modification time of '2024-06-06T09:11:32.0466182Z'
  ERROR: Build asset version error: packages/com.code-philosophy.luban/package.json in SourceAssetDB has modification time of '2024-06-06T09:11:14.4160437Z' while content on disk has modification time of '2024-06-06T09:11:32.0466182Z'
Number of updated asset objects reloaded before import = 0
Number of asset objects unloaded after import = 0
========================================================================
Received Import Request.
  Time since last request: 0.007418 seconds.
  path: Packages/com.code-philosophy.luban/package.json
  artifactKey: Guid(ff12bd64e92ccc647b703701cc341095) Importer(815301076,1909f56bfc062723c751e8b465ee728b)
Start importing Packages/com.code-philosophy.luban/package.json using Guid(ff12bd64e92ccc647b703701cc341095) Importer(815301076,1909f56bfc062723c751e8b465ee728b)  -> (artifact id: '00000000000000000000000000000000') in 0.000715 seconds
Import Error Code:(4)
Message: Build asset version error: packages/com.code-philosophy.luban/package.json in SourceAssetDB has modification time of '2024-06-06T09:11:14.4160437Z' while content on disk has modification time of '2024-06-06T09:11:32.0466182Z'
  ERROR: Build asset version error: packages/com.code-philosophy.luban/package.json in SourceAssetDB has modification time of '2024-06-06T09:11:14.4160437Z' while content on disk has modification time of '2024-06-06T09:11:32.0466182Z'
Number of updated asset objects reloaded before import = 0
Number of asset objects unloaded after import = 0
========================================================================
Received Import Request.
  Time since last request: 0.007521 seconds.
  path: Packages/com.code-philosophy.luban/package.json
  artifactKey: Guid(ff12bd64e92ccc647b703701cc341095) Importer(815301076,1909f56bfc062723c751e8b465ee728b)
Start importing Packages/com.code-philosophy.luban/package.json using Guid(ff12bd64e92ccc647b703701cc341095) Importer(815301076,1909f56bfc062723c751e8b465ee728b)  -> (artifact id: '00000000000000000000000000000000') in 0.000926 seconds
Import Error Code:(4)
Message: Build asset version error: packages/com.code-philosophy.luban/package.json in SourceAssetDB has modification time of '2024-06-06T09:11:14.4160437Z' while content on disk has modification time of '2024-06-06T09:11:32.0466182Z'
  ERROR: Build asset version error: packages/com.code-philosophy.luban/package.json in SourceAssetDB has modification time of '2024-06-06T09:11:14.4160437Z' while content on disk has modification time of '2024-06-06T09:11:32.0466182Z'
Number of updated asset objects reloaded before import = 0
Number of asset objects unloaded after import = 0
========================================================================
Received Import Request.
  Time since last request: 0.007295 seconds.
  path: Packages/com.code-philosophy.luban/package.json
  artifactKey: Guid(ff12bd64e92ccc647b703701cc341095) Importer(815301076,1909f56bfc062723c751e8b465ee728b)
Start importing Packages/com.code-philosophy.luban/package.json using Guid(ff12bd64e92ccc647b703701cc341095) Importer(815301076,1909f56bfc062723c751e8b465ee728b)  -> (artifact id: '00000000000000000000000000000000') in 0.000728 seconds
Import Error Code:(4)
Message: Build asset version error: packages/com.code-philosophy.luban/package.json in SourceAssetDB has modification time of '2024-06-06T09:11:14.4160437Z' while content on disk has modification time of '2024-06-06T09:11:32.0466182Z'
  ERROR: Build asset version error: packages/com.code-philosophy.luban/package.json in SourceAssetDB has modification time of '2024-06-06T09:11:14.4160437Z' while content on disk has modification time of '2024-06-06T09:11:32.0466182Z'
Number of updated asset objects reloaded before import = 0
Number of asset objects unloaded after import = 0
========================================================================
Received Import Request.
  Time since last request: 0.008560 seconds.
  path: Packages/com.code-philosophy.luban/package.json
  artifactKey: Guid(ff12bd64e92ccc647b703701cc341095) Importer(815301076,1909f56bfc062723c751e8b465ee728b)
Start importing Packages/com.code-philosophy.luban/package.json using Guid(ff12bd64e92ccc647b703701cc341095) Importer(815301076,1909f56bfc062723c751e8b465ee728b)  -> (artifact id: '00000000000000000000000000000000') in 0.000916 seconds
Import Error Code:(4)
Message: Build asset version error: packages/com.code-philosophy.luban/package.json in SourceAssetDB has modification time of '2024-06-06T09:11:14.4160437Z' while content on disk has modification time of '2024-06-06T09:11:32.0466182Z'
  ERROR: Build asset version error: packages/com.code-philosophy.luban/package.json in SourceAssetDB has modification time of '2024-06-06T09:11:14.4160437Z' while content on disk has modification time of '2024-06-06T09:11:32.0466182Z'
Number of updated asset objects reloaded before import = 0
Number of asset objects unloaded after import = 0
========================================================================
Received Import Request.
  Time since last request: 0.006637 seconds.
  path: Packages/com.code-philosophy.luban/package.json
  artifactKey: Guid(ff12bd64e92ccc647b703701cc341095) Importer(815301076,1909f56bfc062723c751e8b465ee728b)
Start importing Packages/com.code-philosophy.luban/package.json using Guid(ff12bd64e92ccc647b703701cc341095) Importer(815301076,1909f56bfc062723c751e8b465ee728b)  -> (artifact id: '00000000000000000000000000000000') in 0.000730 seconds
Import Error Code:(4)
Message: Build asset version error: packages/com.code-philosophy.luban/package.json in SourceAssetDB has modification time of '2024-06-06T09:11:14.4160437Z' while content on disk has modification time of '2024-06-06T09:11:32.0466182Z'
  ERROR: Build asset version error: packages/com.code-philosophy.luban/package.json in SourceAssetDB has modification time of '2024-06-06T09:11:14.4160437Z' while content on disk has modification time of '2024-06-06T09:11:32.0466182Z'
Number of updated asset objects reloaded before import = 0
Number of asset objects unloaded after import = 0
========================================================================
Received Import Request.
  Time since last request: 0.006875 seconds.
  path: Packages/com.code-philosophy.luban/package.json
  artifactKey: Guid(ff12bd64e92ccc647b703701cc341095) Importer(815301076,1909f56bfc062723c751e8b465ee728b)
Start importing Packages/com.code-philosophy.luban/package.json using Guid(ff12bd64e92ccc647b703701cc341095) Importer(815301076,1909f56bfc062723c751e8b465ee728b)  -> (artifact id: '00000000000000000000000000000000') in 0.000889 seconds
Import Error Code:(4)
Message: Build asset version error: packages/com.code-philosophy.luban/package.json in SourceAssetDB has modification time of '2024-06-06T09:11:14.4160437Z' while content on disk has modification time of '2024-06-06T09:11:32.0466182Z'
  ERROR: Build asset version error: packages/com.code-philosophy.luban/package.json in SourceAssetDB has modification time of '2024-06-06T09:11:14.4160437Z' while content on disk has modification time of '2024-06-06T09:11:32.0466182Z'
Number of updated asset objects reloaded before import = 0
Number of asset objects unloaded after import = 0
========================================================================
Received Import Request.
  Time since last request: 0.006594 seconds.
  path: Packages/com.code-philosophy.luban/package.json
  artifactKey: Guid(ff12bd64e92ccc647b703701cc341095) Importer(815301076,1909f56bfc062723c751e8b465ee728b)
Start importing Packages/com.code-philosophy.luban/package.json using Guid(ff12bd64e92ccc647b703701cc341095) Importer(815301076,1909f56bfc062723c751e8b465ee728b)  -> (artifact id: '00000000000000000000000000000000') in 0.000726 seconds
Import Error Code:(4)
Message: Build asset version error: packages/com.code-philosophy.luban/package.json in SourceAssetDB has modification time of '2024-06-06T09:11:14.4160437Z' while content on disk has modification time of '2024-06-06T09:11:32.0466182Z'
  ERROR: Build asset version error: packages/com.code-philosophy.luban/package.json in SourceAssetDB has modification time of '2024-06-06T09:11:14.4160437Z' while content on disk has modification time of '2024-06-06T09:11:32.0466182Z'
Number of updated asset objects reloaded before import = 0
Number of asset objects unloaded after import = 0
========================================================================
Received Import Request.
  Time since last request: 0.006832 seconds.
  path: Packages/com.code-philosophy.luban/package.json
  artifactKey: Guid(ff12bd64e92ccc647b703701cc341095) Importer(815301076,1909f56bfc062723c751e8b465ee728b)
Start importing Packages/com.code-philosophy.luban/package.json using Guid(ff12bd64e92ccc647b703701cc341095) Importer(815301076,1909f56bfc062723c751e8b465ee728b)  -> (artifact id: '00000000000000000000000000000000') in 0.001083 seconds
Import Error Code:(4)
Message: Build asset version error: packages/com.code-philosophy.luban/package.json in SourceAssetDB has modification time of '2024-06-06T09:11:14.4160437Z' while content on disk has modification time of '2024-06-06T09:11:32.0466182Z'
  ERROR: Build asset version error: packages/com.code-philosophy.luban/package.json in SourceAssetDB has modification time of '2024-06-06T09:11:14.4160437Z' while content on disk has modification time of '2024-06-06T09:11:32.0466182Z'
Number of updated asset objects reloaded before import = 0
Number of asset objects unloaded after import = 0
========================================================================
Received Import Request.
  Time since last request: 0.007574 seconds.
  path: Packages/com.code-philosophy.luban/package.json
  artifactKey: Guid(ff12bd64e92ccc647b703701cc341095) Importer(815301076,1909f56bfc062723c751e8b465ee728b)
Start importing Packages/com.code-philosophy.luban/package.json using Guid(ff12bd64e92ccc647b703701cc341095) Importer(815301076,1909f56bfc062723c751e8b465ee728b)  -> (artifact id: '00000000000000000000000000000000') in 0.000811 seconds
Import Error Code:(4)
Message: Build asset version error: packages/com.code-philosophy.luban/package.json in SourceAssetDB has modification time of '2024-06-06T09:11:14.4160437Z' while content on disk has modification time of '2024-06-06T09:11:32.0466182Z'
  ERROR: Build asset version error: packages/com.code-philosophy.luban/package.json in SourceAssetDB has modification time of '2024-06-06T09:11:14.4160437Z' while content on disk has modification time of '2024-06-06T09:11:32.0466182Z'
Number of updated asset objects reloaded before import = 0
Number of asset objects unloaded after import = 0
========================================================================
Received Import Request.
  Time since last request: 0.007604 seconds.
  path: Packages/com.code-philosophy.luban/package.json
  artifactKey: Guid(ff12bd64e92ccc647b703701cc341095) Importer(815301076,1909f56bfc062723c751e8b465ee728b)
Start importing Packages/com.code-philosophy.luban/package.json using Guid(ff12bd64e92ccc647b703701cc341095) Importer(815301076,1909f56bfc062723c751e8b465ee728b)  -> (artifact id: '00000000000000000000000000000000') in 0.000784 seconds
Import Error Code:(4)
Message: Build asset version error: packages/com.code-philosophy.luban/package.json in SourceAssetDB has modification time of '2024-06-06T09:11:14.4160437Z' while content on disk has modification time of '2024-06-06T09:11:32.0466182Z'
  ERROR: Build asset version error: packages/com.code-philosophy.luban/package.json in SourceAssetDB has modification time of '2024-06-06T09:11:14.4160437Z' while content on disk has modification time of '2024-06-06T09:11:32.0466182Z'
Number of updated asset objects reloaded before import = 0
Number of asset objects unloaded after import = 0
========================================================================
Received Import Request.
  Time since last request: 0.006449 seconds.
  path: Packages/com.code-philosophy.luban/package.json
  artifactKey: Guid(ff12bd64e92ccc647b703701cc341095) Importer(815301076,1909f56bfc062723c751e8b465ee728b)
Start importing Packages/com.code-philosophy.luban/package.json using Guid(ff12bd64e92ccc647b703701cc341095) Importer(815301076,1909f56bfc062723c751e8b465ee728b)  -> (artifact id: '00000000000000000000000000000000') in 0.000747 seconds
Import Error Code:(4)
Message: Build asset version error: packages/com.code-philosophy.luban/package.json in SourceAssetDB has modification time of '2024-06-06T09:11:14.4160437Z' while content on disk has modification time of '2024-06-06T09:11:32.0466182Z'
  ERROR: Build asset version error: packages/com.code-philosophy.luban/package.json in SourceAssetDB has modification time of '2024-06-06T09:11:14.4160437Z' while content on disk has modification time of '2024-06-06T09:11:32.0466182Z'
Number of updated asset objects reloaded before import = 0
Number of asset objects unloaded after import = 0
========================================================================
Received Import Request.
  Time since last request: 0.007092 seconds.
  path: Packages/com.code-philosophy.luban/package.json
  artifactKey: Guid(ff12bd64e92ccc647b703701cc341095) Importer(815301076,1909f56bfc062723c751e8b465ee728b)
Start importing Packages/com.code-philosophy.luban/package.json using Guid(ff12bd64e92ccc647b703701cc341095) Importer(815301076,1909f56bfc062723c751e8b465ee728b)  -> (artifact id: '00000000000000000000000000000000') in 0.001150 seconds
Import Error Code:(4)
Message: Build asset version error: packages/com.code-philosophy.luban/package.json in SourceAssetDB has modification time of '2024-06-06T09:11:14.4160437Z' while content on disk has modification time of '2024-06-06T09:11:32.0466182Z'
  ERROR: Build asset version error: packages/com.code-philosophy.luban/package.json in SourceAssetDB has modification time of '2024-06-06T09:11:14.4160437Z' while content on disk has modification time of '2024-06-06T09:11:32.0466182Z'
Number of updated asset objects reloaded before import = 0
Number of asset objects unloaded after import = 0
========================================================================
Received Import Request.
  Time since last request: 0.006783 seconds.
  path: Packages/com.code-philosophy.luban/package.json
  artifactKey: Guid(ff12bd64e92ccc647b703701cc341095) Importer(815301076,1909f56bfc062723c751e8b465ee728b)
Start importing Packages/com.code-philosophy.luban/package.json using Guid(ff12bd64e92ccc647b703701cc341095) Importer(815301076,1909f56bfc062723c751e8b465ee728b)  -> (artifact id: '00000000000000000000000000000000') in 0.000726 seconds
Import Error Code:(4)
Message: Build asset version error: packages/com.code-philosophy.luban/package.json in SourceAssetDB has modification time of '2024-06-06T09:11:14.4160437Z' while content on disk has modification time of '2024-06-06T09:11:32.0466182Z'
  ERROR: Build asset version error: packages/com.code-philosophy.luban/package.json in SourceAssetDB has modification time of '2024-06-06T09:11:14.4160437Z' while content on disk has modification time of '2024-06-06T09:11:32.0466182Z'
Number of updated asset objects reloaded before import = 0
Number of asset objects unloaded after import = 0
========================================================================
Received Import Request.
  Time since last request: 0.006842 seconds.
  path: Packages/com.code-philosophy.luban/package.json
  artifactKey: Guid(ff12bd64e92ccc647b703701cc341095) Importer(815301076,1909f56bfc062723c751e8b465ee728b)
Start importing Packages/com.code-philosophy.luban/package.json using Guid(ff12bd64e92ccc647b703701cc341095) Importer(815301076,1909f56bfc062723c751e8b465ee728b)  -> (artifact id: '00000000000000000000000000000000') in 0.000963 seconds
Import Error Code:(4)
Message: Build asset version error: packages/com.code-philosophy.luban/package.json in SourceAssetDB has modification time of '2024-06-06T09:11:14.4160437Z' while content on disk has modification time of '2024-06-06T09:11:32.0466182Z'
  ERROR: Build asset version error: packages/com.code-philosophy.luban/package.json in SourceAssetDB has modification time of '2024-06-06T09:11:14.4160437Z' while content on disk has modification time of '2024-06-06T09:11:32.0466182Z'
Number of updated asset objects reloaded before import = 0
Number of asset objects unloaded after import = 0
========================================================================
Received Import Request.
  Time since last request: 0.006843 seconds.
  path: Packages/com.code-philosophy.luban/package.json
  artifactKey: Guid(ff12bd64e92ccc647b703701cc341095) Importer(815301076,1909f56bfc062723c751e8b465ee728b)
Start importing Packages/com.code-philosophy.luban/package.json using Guid(ff12bd64e92ccc647b703701cc341095) Importer(815301076,1909f56bfc062723c751e8b465ee728b)  -> (artifact id: '00000000000000000000000000000000') in 0.000827 seconds
Import Error Code:(4)
Message: Build asset version error: packages/com.code-philosophy.luban/package.json in SourceAssetDB has modification time of '2024-06-06T09:11:14.4160437Z' while content on disk has modification time of '2024-06-06T09:11:32.0466182Z'
  ERROR: Build asset version error: packages/com.code-philosophy.luban/package.json in SourceAssetDB has modification time of '2024-06-06T09:11:14.4160437Z' while content on disk has modification time of '2024-06-06T09:11:32.0466182Z'
Number of updated asset objects reloaded before import = 0
Number of asset objects unloaded after import = 0
========================================================================
Received Import Request.
  Time since last request: 0.009688 seconds.
  path: Packages/com.code-philosophy.luban/package.json
  artifactKey: Guid(ff12bd64e92ccc647b703701cc341095) Importer(815301076,1909f56bfc062723c751e8b465ee728b)
Start importing Packages/com.code-philosophy.luban/package.json using Guid(ff12bd64e92ccc647b703701cc341095) Importer(815301076,1909f56bfc062723c751e8b465ee728b)  -> (artifact id: '00000000000000000000000000000000') in 0.000950 seconds
Import Error Code:(4)
Message: Build asset version error: packages/com.code-philosophy.luban/package.json in SourceAssetDB has modification time of '2024-06-06T09:11:14.4160437Z' while content on disk has modification time of '2024-06-06T09:11:32.0466182Z'
  ERROR: Build asset version error: packages/com.code-philosophy.luban/package.json in SourceAssetDB has modification time of '2024-06-06T09:11:14.4160437Z' while content on disk has modification time of '2024-06-06T09:11:32.0466182Z'
Number of updated asset objects reloaded before import = 0
Number of asset objects unloaded after import = 0
========================================================================
Received Import Request.
  Time since last request: 0.007314 seconds.
  path: Packages/com.code-philosophy.luban/package.json
  artifactKey: Guid(ff12bd64e92ccc647b703701cc341095) Importer(815301076,1909f56bfc062723c751e8b465ee728b)
Start importing Packages/com.code-philosophy.luban/package.json using Guid(ff12bd64e92ccc647b703701cc341095) Importer(815301076,1909f56bfc062723c751e8b465ee728b)  -> (artifact id: '00000000000000000000000000000000') in 0.000766 seconds
Import Error Code:(4)
Message: Build asset version error: packages/com.code-philosophy.luban/package.json in SourceAssetDB has modification time of '2024-06-06T09:11:14.4160437Z' while content on disk has modification time of '2024-06-06T09:11:32.0466182Z'
  ERROR: Build asset version error: packages/com.code-philosophy.luban/package.json in SourceAssetDB has modification time of '2024-06-06T09:11:14.4160437Z' while content on disk has modification time of '2024-06-06T09:11:32.0466182Z'
Number of updated asset objects reloaded before import = 0
Number of asset objects unloaded after import = 0
========================================================================
Received Import Request.
  Time since last request: 0.003901 seconds.
  path: Packages/com.code-philosophy.luban/package.json
  artifactKey: Guid(ff12bd64e92ccc647b703701cc341095) Importer(815301076,1909f56bfc062723c751e8b465ee728b)
Start importing Packages/com.code-philosophy.luban/package.json using Guid(ff12bd64e92ccc647b703701cc341095) Importer(815301076,1909f56bfc062723c751e8b465ee728b)  -> (artifact id: '00000000000000000000000000000000') in 0.001187 seconds
Import Error Code:(4)
Message: Build asset version error: packages/com.code-philosophy.luban/package.json in SourceAssetDB has modification time of '2024-06-06T09:11:14.4160437Z' while content on disk has modification time of '2024-06-06T09:11:32.0466182Z'
  ERROR: Build asset version error: packages/com.code-philosophy.luban/package.json in SourceAssetDB has modification time of '2024-06-06T09:11:14.4160437Z' while content on disk has modification time of '2024-06-06T09:11:32.0466182Z'
Number of updated asset objects reloaded before import = 0
Number of asset objects unloaded after import = 0
========================================================================
Received Import Request.
  Time since last request: 0.004595 seconds.
  path: Packages/com.code-philosophy.luban/package.json
  artifactKey: Guid(ff12bd64e92ccc647b703701cc341095) Importer(815301076,1909f56bfc062723c751e8b465ee728b)
Start importing Packages/com.code-philosophy.luban/package.json using Guid(ff12bd64e92ccc647b703701cc341095) Importer(815301076,1909f56bfc062723c751e8b465ee728b)  -> (artifact id: '00000000000000000000000000000000') in 0.000745 seconds
Import Error Code:(4)
Message: Build asset version error: packages/com.code-philosophy.luban/package.json in SourceAssetDB has modification time of '2024-06-06T09:11:14.4160437Z' while content on disk has modification time of '2024-06-06T09:11:32.0466182Z'
  ERROR: Build asset version error: packages/com.code-philosophy.luban/package.json in SourceAssetDB has modification time of '2024-06-06T09:11:14.4160437Z' while content on disk has modification time of '2024-06-06T09:11:32.0466182Z'
Number of updated asset objects reloaded before import = 0
Number of asset objects unloaded after import = 0
========================================================================
Received Import Request.
  Time since last request: 0.006810 seconds.
  path: Packages/com.code-philosophy.luban/package.json
  artifactKey: Guid(ff12bd64e92ccc647b703701cc341095) Importer(815301076,1909f56bfc062723c751e8b465ee728b)
Start importing Packages/com.code-philosophy.luban/package.json using Guid(ff12bd64e92ccc647b703701cc341095) Importer(815301076,1909f56bfc062723c751e8b465ee728b)  -> (artifact id: '00000000000000000000000000000000') in 0.000793 seconds
Import Error Code:(4)
Message: Build asset version error: packages/com.code-philosophy.luban/package.json in SourceAssetDB has modification time of '2024-06-06T09:11:14.4160437Z' while content on disk has modification time of '2024-06-06T09:11:32.0466182Z'
  ERROR: Build asset version error: packages/com.code-philosophy.luban/package.json in SourceAssetDB has modification time of '2024-06-06T09:11:14.4160437Z' while content on disk has modification time of '2024-06-06T09:11:32.0466182Z'
Number of updated asset objects reloaded before import = 0
Number of asset objects unloaded after import = 0
========================================================================
Received Import Request.
  Time since last request: 0.008752 seconds.
  path: Packages/com.code-philosophy.luban/package.json
  artifactKey: Guid(ff12bd64e92ccc647b703701cc341095) Importer(815301076,1909f56bfc062723c751e8b465ee728b)
Start importing Packages/com.code-philosophy.luban/package.json using Guid(ff12bd64e92ccc647b703701cc341095) Importer(815301076,1909f56bfc062723c751e8b465ee728b)  -> (artifact id: '00000000000000000000000000000000') in 0.000745 seconds
Import Error Code:(4)
Message: Build asset version error: packages/com.code-philosophy.luban/package.json in SourceAssetDB has modification time of '2024-06-06T09:11:14.4160437Z' while content on disk has modification time of '2024-06-06T09:11:32.0466182Z'
  ERROR: Build asset version error: packages/com.code-philosophy.luban/package.json in SourceAssetDB has modification time of '2024-06-06T09:11:14.4160437Z' while content on disk has modification time of '2024-06-06T09:11:32.0466182Z'
Number of updated asset objects reloaded before import = 0
Number of asset objects unloaded after import = 0
========================================================================
Received Import Request.
  Time since last request: 0.006752 seconds.
  path: Packages/com.code-philosophy.luban/package.json
  artifactKey: Guid(ff12bd64e92ccc647b703701cc341095) Importer(815301076,1909f56bfc062723c751e8b465ee728b)
Start importing Packages/com.code-philosophy.luban/package.json using Guid(ff12bd64e92ccc647b703701cc341095) Importer(815301076,1909f56bfc062723c751e8b465ee728b)  -> (artifact id: '00000000000000000000000000000000') in 0.000765 seconds
Import Error Code:(4)
Message: Build asset version error: packages/com.code-philosophy.luban/package.json in SourceAssetDB has modification time of '2024-06-06T09:11:14.4160437Z' while content on disk has modification time of '2024-06-06T09:11:32.0466182Z'
  ERROR: Build asset version error: packages/com.code-philosophy.luban/package.json in SourceAssetDB has modification time of '2024-06-06T09:11:14.4160437Z' while content on disk has modification time of '2024-06-06T09:11:32.0466182Z'
Number of updated asset objects reloaded before import = 0
Number of asset objects unloaded after import = 0
========================================================================
Received Import Request.
  Time since last request: 0.007919 seconds.
  path: Packages/com.code-philosophy.luban/package.json
  artifactKey: Guid(ff12bd64e92ccc647b703701cc341095) Importer(815301076,1909f56bfc062723c751e8b465ee728b)
Start importing Packages/com.code-philosophy.luban/package.json using Guid(ff12bd64e92ccc647b703701cc341095) Importer(815301076,1909f56bfc062723c751e8b465ee728b)  -> (artifact id: '00000000000000000000000000000000') in 0.000734 seconds
Import Error Code:(4)
Message: Build asset version error: packages/com.code-philosophy.luban/package.json in SourceAssetDB has modification time of '2024-06-06T09:11:14.4160437Z' while content on disk has modification time of '2024-06-06T09:11:32.0466182Z'
  ERROR: Build asset version error: packages/com.code-philosophy.luban/package.json in SourceAssetDB has modification time of '2024-06-06T09:11:14.4160437Z' while content on disk has modification time of '2024-06-06T09:11:32.0466182Z'
Number of updated asset objects reloaded before import = 0
Number of asset objects unloaded after import = 0
========================================================================
Received Import Request.
  Time since last request: 0.006577 seconds.
  path: Packages/com.code-philosophy.luban/package.json
  artifactKey: Guid(ff12bd64e92ccc647b703701cc341095) Importer(815301076,1909f56bfc062723c751e8b465ee728b)
Start importing Packages/com.code-philosophy.luban/package.json using Guid(ff12bd64e92ccc647b703701cc341095) Importer(815301076,1909f56bfc062723c751e8b465ee728b)  -> (artifact id: '00000000000000000000000000000000') in 0.000772 seconds
Import Error Code:(4)
Message: Build asset version error: packages/com.code-philosophy.luban/package.json in SourceAssetDB has modification time of '2024-06-06T09:11:14.4160437Z' while content on disk has modification time of '2024-06-06T09:11:32.0466182Z'
  ERROR: Build asset version error: packages/com.code-philosophy.luban/package.json in SourceAssetDB has modification time of '2024-06-06T09:11:14.4160437Z' while content on disk has modification time of '2024-06-06T09:11:32.0466182Z'
Number of updated asset objects reloaded before import = 0
Number of asset objects unloaded after import = 0
========================================================================
Received Import Request.
  Time since last request: 0.007964 seconds.
  path: Packages/com.code-philosophy.luban/package.json
  artifactKey: Guid(ff12bd64e92ccc647b703701cc341095) Importer(815301076,1909f56bfc062723c751e8b465ee728b)
Start importing Packages/com.code-philosophy.luban/package.json using Guid(ff12bd64e92ccc647b703701cc341095) Importer(815301076,1909f56bfc062723c751e8b465ee728b)  -> (artifact id: '00000000000000000000000000000000') in 0.000768 seconds
Import Error Code:(4)
Message: Build asset version error: packages/com.code-philosophy.luban/package.json in SourceAssetDB has modification time of '2024-06-06T09:11:14.4160437Z' while content on disk has modification time of '2024-06-06T09:11:32.0466182Z'
  ERROR: Build asset version error: packages/com.code-philosophy.luban/package.json in SourceAssetDB has modification time of '2024-06-06T09:11:14.4160437Z' while content on disk has modification time of '2024-06-06T09:11:32.0466182Z'
Number of updated asset objects reloaded before import = 0
Number of asset objects unloaded after import = 0
========================================================================
Received Import Request.
  Time since last request: 0.006389 seconds.
  path: Packages/com.code-philosophy.luban/package.json
  artifactKey: Guid(ff12bd64e92ccc647b703701cc341095) Importer(815301076,1909f56bfc062723c751e8b465ee728b)
Start importing Packages/com.code-philosophy.luban/package.json using Guid(ff12bd64e92ccc647b703701cc341095) Importer(815301076,1909f56bfc062723c751e8b465ee728b)  -> (artifact id: '00000000000000000000000000000000') in 0.000768 seconds
Import Error Code:(4)
Message: Build asset version error: packages/com.code-philosophy.luban/package.json in SourceAssetDB has modification time of '2024-06-06T09:11:14.4160437Z' while content on disk has modification time of '2024-06-06T09:11:32.0466182Z'
  ERROR: Build asset version error: packages/com.code-philosophy.luban/package.json in SourceAssetDB has modification time of '2024-06-06T09:11:14.4160437Z' while content on disk has modification time of '2024-06-06T09:11:32.0466182Z'
Number of updated asset objects reloaded before import = 0
Number of asset objects unloaded after import = 0
========================================================================
Received Import Request.
  Time since last request: 0.007738 seconds.
  path: Packages/com.code-philosophy.luban/package.json
  artifactKey: Guid(ff12bd64e92ccc647b703701cc341095) Importer(815301076,1909f56bfc062723c751e8b465ee728b)
Start importing Packages/com.code-philosophy.luban/package.json using Guid(ff12bd64e92ccc647b703701cc341095) Importer(815301076,1909f56bfc062723c751e8b465ee728b)  -> (artifact id: '00000000000000000000000000000000') in 0.000728 seconds
Import Error Code:(4)
Message: Build asset version error: packages/com.code-philosophy.luban/package.json in SourceAssetDB has modification time of '2024-06-06T09:11:14.4160437Z' while content on disk has modification time of '2024-06-06T09:11:32.0466182Z'
  ERROR: Build asset version error: packages/com.code-philosophy.luban/package.json in SourceAssetDB has modification time of '2024-06-06T09:11:14.4160437Z' while content on disk has modification time of '2024-06-06T09:11:32.0466182Z'
Number of updated asset objects reloaded before import = 0
Number of asset objects unloaded after import = 0
========================================================================
Received Import Request.
  Time since last request: 0.007319 seconds.
  path: Packages/com.code-philosophy.luban/package.json
  artifactKey: Guid(ff12bd64e92ccc647b703701cc341095) Importer(815301076,1909f56bfc062723c751e8b465ee728b)
Start importing Packages/com.code-philosophy.luban/package.json using Guid(ff12bd64e92ccc647b703701cc341095) Importer(815301076,1909f56bfc062723c751e8b465ee728b)  -> (artifact id: '00000000000000000000000000000000') in 0.000797 seconds
Import Error Code:(4)
Message: Build asset version error: packages/com.code-philosophy.luban/package.json in SourceAssetDB has modification time of '2024-06-06T09:11:14.4160437Z' while content on disk has modification time of '2024-06-06T09:11:32.0466182Z'
  ERROR: Build asset version error: packages/com.code-philosophy.luban/package.json in SourceAssetDB has modification time of '2024-06-06T09:11:14.4160437Z' while content on disk has modification time of '2024-06-06T09:11:32.0466182Z'
Number of updated asset objects reloaded before import = 0
Number of asset objects unloaded after import = 0
========================================================================
Received Import Request.
  Time since last request: 0.007820 seconds.
  path: Packages/com.code-philosophy.luban/package.json
  artifactKey: Guid(ff12bd64e92ccc647b703701cc341095) Importer(815301076,1909f56bfc062723c751e8b465ee728b)
Start importing Packages/com.code-philosophy.luban/package.json using Guid(ff12bd64e92ccc647b703701cc341095) Importer(815301076,1909f56bfc062723c751e8b465ee728b)  -> (artifact id: '00000000000000000000000000000000') in 0.000748 seconds
Import Error Code:(4)
Message: Build asset version error: packages/com.code-philosophy.luban/package.json in SourceAssetDB has modification time of '2024-06-06T09:11:14.4160437Z' while content on disk has modification time of '2024-06-06T09:11:32.0466182Z'
  ERROR: Build asset version error: packages/com.code-philosophy.luban/package.json in SourceAssetDB has modification time of '2024-06-06T09:11:14.4160437Z' while content on disk has modification time of '2024-06-06T09:11:32.0466182Z'
Number of updated asset objects reloaded before import = 0
Number of asset objects unloaded after import = 0
========================================================================
Received Import Request.
  Time since last request: 0.007670 seconds.
  path: Packages/com.code-philosophy.luban/package.json
  artifactKey: Guid(ff12bd64e92ccc647b703701cc341095) Importer(815301076,1909f56bfc062723c751e8b465ee728b)
Start importing Packages/com.code-philosophy.luban/package.json using Guid(ff12bd64e92ccc647b703701cc341095) Importer(815301076,1909f56bfc062723c751e8b465ee728b)  -> (artifact id: '00000000000000000000000000000000') in 0.001036 seconds
Import Error Code:(4)
Message: Build asset version error: packages/com.code-philosophy.luban/package.json in SourceAssetDB has modification time of '2024-06-06T09:11:14.4160437Z' while content on disk has modification time of '2024-06-06T09:11:32.0466182Z'
  ERROR: Build asset version error: packages/com.code-philosophy.luban/package.json in SourceAssetDB has modification time of '2024-06-06T09:11:14.4160437Z' while content on disk has modification time of '2024-06-06T09:11:32.0466182Z'
Number of updated asset objects reloaded before import = 0
Number of asset objects unloaded after import = 0
========================================================================
Received Import Request.
  Time since last request: 0.007683 seconds.
  path: Packages/com.code-philosophy.luban/package.json
  artifactKey: Guid(ff12bd64e92ccc647b703701cc341095) Importer(815301076,1909f56bfc062723c751e8b465ee728b)
Start importing Packages/com.code-philosophy.luban/package.json using Guid(ff12bd64e92ccc647b703701cc341095) Importer(815301076,1909f56bfc062723c751e8b465ee728b)  -> (artifact id: '00000000000000000000000000000000') in 0.000767 seconds
Import Error Code:(4)
Message: Build asset version error: packages/com.code-philosophy.luban/package.json in SourceAssetDB has modification time of '2024-06-06T09:11:14.4160437Z' while content on disk has modification time of '2024-06-06T09:11:32.0466182Z'
  ERROR: Build asset version error: packages/com.code-philosophy.luban/package.json in SourceAssetDB has modification time of '2024-06-06T09:11:14.4160437Z' while content on disk has modification time of '2024-06-06T09:11:32.0466182Z'
Number of updated asset objects reloaded before import = 0
Number of asset objects unloaded after import = 0
========================================================================
Received Import Request.
  Time since last request: 0.007574 seconds.
  path: Packages/com.code-philosophy.luban/package.json
  artifactKey: Guid(ff12bd64e92ccc647b703701cc341095) Importer(815301076,1909f56bfc062723c751e8b465ee728b)
Start importing Packages/com.code-philosophy.luban/package.json using Guid(ff12bd64e92ccc647b703701cc341095) Importer(815301076,1909f56bfc062723c751e8b465ee728b)  -> (artifact id: '00000000000000000000000000000000') in 0.001173 seconds
Import Error Code:(4)
Message: Build asset version error: packages/com.code-philosophy.luban/package.json in SourceAssetDB has modification time of '2024-06-06T09:11:14.4160437Z' while content on disk has modification time of '2024-06-06T09:11:32.0466182Z'
  ERROR: Build asset version error: packages/com.code-philosophy.luban/package.json in SourceAssetDB has modification time of '2024-06-06T09:11:14.4160437Z' while content on disk has modification time of '2024-06-06T09:11:32.0466182Z'
Number of updated asset objects reloaded before import = 0
Number of asset objects unloaded after import = 0
========================================================================
Received Import Request.
  Time since last request: 0.008520 seconds.
  path: Packages/com.code-philosophy.luban/package.json
  artifactKey: Guid(ff12bd64e92ccc647b703701cc341095) Importer(815301076,1909f56bfc062723c751e8b465ee728b)
Start importing Packages/com.code-philosophy.luban/package.json using Guid(ff12bd64e92ccc647b703701cc341095) Importer(815301076,1909f56bfc062723c751e8b465ee728b)  -> (artifact id: '00000000000000000000000000000000') in 0.000721 seconds
Import Error Code:(4)
Message: Build asset version error: packages/com.code-philosophy.luban/package.json in SourceAssetDB has modification time of '2024-06-06T09:11:14.4160437Z' while content on disk has modification time of '2024-06-06T09:11:32.0466182Z'
  ERROR: Build asset version error: packages/com.code-philosophy.luban/package.json in SourceAssetDB has modification time of '2024-06-06T09:11:14.4160437Z' while content on disk has modification time of '2024-06-06T09:11:32.0466182Z'
Number of updated asset objects reloaded before import = 0
Number of asset objects unloaded after import = 0
========================================================================
Received Import Request.
  Time since last request: 0.008424 seconds.
  path: Packages/com.code-philosophy.luban/package.json
  artifactKey: Guid(ff12bd64e92ccc647b703701cc341095) Importer(815301076,1909f56bfc062723c751e8b465ee728b)
Start importing Packages/com.code-philosophy.luban/package.json using Guid(ff12bd64e92ccc647b703701cc341095) Importer(815301076,1909f56bfc062723c751e8b465ee728b)  -> (artifact id: '00000000000000000000000000000000') in 0.000736 seconds
Import Error Code:(4)
Message: Build asset version error: packages/com.code-philosophy.luban/package.json in SourceAssetDB has modification time of '2024-06-06T09:11:14.4160437Z' while content on disk has modification time of '2024-06-06T09:11:32.0466182Z'
  ERROR: Build asset version error: packages/com.code-philosophy.luban/package.json in SourceAssetDB has modification time of '2024-06-06T09:11:14.4160437Z' while content on disk has modification time of '2024-06-06T09:11:32.0466182Z'
Number of updated asset objects reloaded before import = 0
Number of asset objects unloaded after import = 0
========================================================================
Received Import Request.
  Time since last request: 0.007276 seconds.
  path: Packages/com.code-philosophy.luban/package.json
  artifactKey: Guid(ff12bd64e92ccc647b703701cc341095) Importer(815301076,1909f56bfc062723c751e8b465ee728b)
Start importing Packages/com.code-philosophy.luban/package.json using Guid(ff12bd64e92ccc647b703701cc341095) Importer(815301076,1909f56bfc062723c751e8b465ee728b)  -> (artifact id: '00000000000000000000000000000000') in 0.000744 seconds
Import Error Code:(4)
Message: Build asset version error: packages/com.code-philosophy.luban/package.json in SourceAssetDB has modification time of '2024-06-06T09:11:14.4160437Z' while content on disk has modification time of '2024-06-06T09:11:32.0466182Z'
  ERROR: Build asset version error: packages/com.code-philosophy.luban/package.json in SourceAssetDB has modification time of '2024-06-06T09:11:14.4160437Z' while content on disk has modification time of '2024-06-06T09:11:32.0466182Z'
Number of updated asset objects reloaded before import = 0
Number of asset objects unloaded after import = 0
========================================================================
Received Import Request.
  Time since last request: 0.009073 seconds.
  path: Packages/com.code-philosophy.luban/package.json
  artifactKey: Guid(ff12bd64e92ccc647b703701cc341095) Importer(815301076,1909f56bfc062723c751e8b465ee728b)
Start importing Packages/com.code-philosophy.luban/package.json using Guid(ff12bd64e92ccc647b703701cc341095) Importer(815301076,1909f56bfc062723c751e8b465ee728b)  -> (artifact id: '00000000000000000000000000000000') in 0.000720 seconds
Import Error Code:(4)
Message: Build asset version error: packages/com.code-philosophy.luban/package.json in SourceAssetDB has modification time of '2024-06-06T09:11:14.4160437Z' while content on disk has modification time of '2024-06-06T09:11:32.0466182Z'
  ERROR: Build asset version error: packages/com.code-philosophy.luban/package.json in SourceAssetDB has modification time of '2024-06-06T09:11:14.4160437Z' while content on disk has modification time of '2024-06-06T09:11:32.0466182Z'
Number of updated asset objects reloaded before import = 0
Number of asset objects unloaded after import = 0
========================================================================
Received Import Request.
  Time since last request: 0.007265 seconds.
  path: Packages/com.code-philosophy.luban/package.json
  artifactKey: Guid(ff12bd64e92ccc647b703701cc341095) Importer(815301076,1909f56bfc062723c751e8b465ee728b)
Start importing Packages/com.code-philosophy.luban/package.json using Guid(ff12bd64e92ccc647b703701cc341095) Importer(815301076,1909f56bfc062723c751e8b465ee728b)  -> (artifact id: '00000000000000000000000000000000') in 0.000828 seconds
Import Error Code:(4)
Message: Build asset version error: packages/com.code-philosophy.luban/package.json in SourceAssetDB has modification time of '2024-06-06T09:11:14.4160437Z' while content on disk has modification time of '2024-06-06T09:11:32.0466182Z'
  ERROR: Build asset version error: packages/com.code-philosophy.luban/package.json in SourceAssetDB has modification time of '2024-06-06T09:11:14.4160437Z' while content on disk has modification time of '2024-06-06T09:11:32.0466182Z'
Number of updated asset objects reloaded before import = 0
Number of asset objects unloaded after import = 0
========================================================================
Received Import Request.
  Time since last request: 0.008110 seconds.
  path: Packages/com.code-philosophy.luban/package.json
  artifactKey: Guid(ff12bd64e92ccc647b703701cc341095) Importer(815301076,1909f56bfc062723c751e8b465ee728b)
Start importing Packages/com.code-philosophy.luban/package.json using Guid(ff12bd64e92ccc647b703701cc341095) Importer(815301076,1909f56bfc062723c751e8b465ee728b)  -> (artifact id: '00000000000000000000000000000000') in 0.000719 seconds
Import Error Code:(4)
Message: Build asset version error: packages/com.code-philosophy.luban/package.json in SourceAssetDB has modification time of '2024-06-06T09:11:14.4160437Z' while content on disk has modification time of '2024-06-06T09:11:32.0466182Z'
  ERROR: Build asset version error: packages/com.code-philosophy.luban/package.json in SourceAssetDB has modification time of '2024-06-06T09:11:14.4160437Z' while content on disk has modification time of '2024-06-06T09:11:32.0466182Z'
Number of updated asset objects reloaded before import = 0
Number of asset objects unloaded after import = 0
========================================================================
Received Import Request.
  Time since last request: 0.007711 seconds.
  path: Packages/com.code-philosophy.luban/package.json
  artifactKey: Guid(ff12bd64e92ccc647b703701cc341095) Importer(815301076,1909f56bfc062723c751e8b465ee728b)
Start importing Packages/com.code-philosophy.luban/package.json using Guid(ff12bd64e92ccc647b703701cc341095) Importer(815301076,1909f56bfc062723c751e8b465ee728b)  -> (artifact id: '00000000000000000000000000000000') in 0.000831 seconds
Import Error Code:(4)
Message: Build asset version error: packages/com.code-philosophy.luban/package.json in SourceAssetDB has modification time of '2024-06-06T09:11:14.4160437Z' while content on disk has modification time of '2024-06-06T09:11:32.0466182Z'
  ERROR: Build asset version error: packages/com.code-philosophy.luban/package.json in SourceAssetDB has modification time of '2024-06-06T09:11:14.4160437Z' while content on disk has modification time of '2024-06-06T09:11:32.0466182Z'
Number of updated asset objects reloaded before import = 0
Number of asset objects unloaded after import = 0
========================================================================
Received Import Request.
  Time since last request: 0.008230 seconds.
  path: Packages/com.code-philosophy.luban/package.json
  artifactKey: Guid(ff12bd64e92ccc647b703701cc341095) Importer(815301076,1909f56bfc062723c751e8b465ee728b)
Start importing Packages/com.code-philosophy.luban/package.json using Guid(ff12bd64e92ccc647b703701cc341095) Importer(815301076,1909f56bfc062723c751e8b465ee728b)  -> (artifact id: '00000000000000000000000000000000') in 0.000742 seconds
Import Error Code:(4)
Message: Build asset version error: packages/com.code-philosophy.luban/package.json in SourceAssetDB has modification time of '2024-06-06T09:11:14.4160437Z' while content on disk has modification time of '2024-06-06T09:11:32.0466182Z'
  ERROR: Build asset version error: packages/com.code-philosophy.luban/package.json in SourceAssetDB has modification time of '2024-06-06T09:11:14.4160437Z' while content on disk has modification time of '2024-06-06T09:11:32.0466182Z'
Number of updated asset objects reloaded before import = 0
Number of asset objects unloaded after import = 0
========================================================================
Received Import Request.
  Time since last request: 0.007678 seconds.
  path: Packages/com.code-philosophy.luban/package.json
  artifactKey: Guid(ff12bd64e92ccc647b703701cc341095) Importer(815301076,1909f56bfc062723c751e8b465ee728b)
Start importing Packages/com.code-philosophy.luban/package.json using Guid(ff12bd64e92ccc647b703701cc341095) Importer(815301076,1909f56bfc062723c751e8b465ee728b)  -> (artifact id: '00000000000000000000000000000000') in 0.001104 seconds
Import Error Code:(4)
Message: Build asset version error: packages/com.code-philosophy.luban/package.json in SourceAssetDB has modification time of '2024-06-06T09:11:14.4160437Z' while content on disk has modification time of '2024-06-06T09:11:32.0466182Z'
  ERROR: Build asset version error: packages/com.code-philosophy.luban/package.json in SourceAssetDB has modification time of '2024-06-06T09:11:14.4160437Z' while content on disk has modification time of '2024-06-06T09:11:32.0466182Z'
Number of updated asset objects reloaded before import = 0
Number of asset objects unloaded after import = 0
========================================================================
Received Import Request.
  Time since last request: 0.007542 seconds.
  path: Packages/com.code-philosophy.luban/package.json
  artifactKey: Guid(ff12bd64e92ccc647b703701cc341095) Importer(815301076,1909f56bfc062723c751e8b465ee728b)
Start importing Packages/com.code-philosophy.luban/package.json using Guid(ff12bd64e92ccc647b703701cc341095) Importer(815301076,1909f56bfc062723c751e8b465ee728b)  -> (artifact id: '00000000000000000000000000000000') in 0.000744 seconds
Import Error Code:(4)
Message: Build asset version error: packages/com.code-philosophy.luban/package.json in SourceAssetDB has modification time of '2024-06-06T09:11:14.4160437Z' while content on disk has modification time of '2024-06-06T09:11:32.0466182Z'
  ERROR: Build asset version error: packages/com.code-philosophy.luban/package.json in SourceAssetDB has modification time of '2024-06-06T09:11:14.4160437Z' while content on disk has modification time of '2024-06-06T09:11:32.0466182Z'
Number of updated asset objects reloaded before import = 0
Number of asset objects unloaded after import = 0
========================================================================
Received Import Request.
  Time since last request: 0.009458 seconds.
  path: Packages/com.code-philosophy.luban/package.json
  artifactKey: Guid(ff12bd64e92ccc647b703701cc341095) Importer(815301076,1909f56bfc062723c751e8b465ee728b)
Start importing Packages/com.code-philosophy.luban/package.json using Guid(ff12bd64e92ccc647b703701cc341095) Importer(815301076,1909f56bfc062723c751e8b465ee728b)  -> (artifact id: '00000000000000000000000000000000') in 0.000742 seconds
Import Error Code:(4)
Message: Build asset version error: packages/com.code-philosophy.luban/package.json in SourceAssetDB has modification time of '2024-06-06T09:11:14.4160437Z' while content on disk has modification time of '2024-06-06T09:11:32.0466182Z'
  ERROR: Build asset version error: packages/com.code-philosophy.luban/package.json in SourceAssetDB has modification time of '2024-06-06T09:11:14.4160437Z' while content on disk has modification time of '2024-06-06T09:11:32.0466182Z'
Number of updated asset objects reloaded before import = 0
Number of asset objects unloaded after import = 0
========================================================================
Received Import Request.
  Time since last request: 0.007460 seconds.
  path: Packages/com.code-philosophy.luban/package.json
  artifactKey: Guid(ff12bd64e92ccc647b703701cc341095) Importer(815301076,1909f56bfc062723c751e8b465ee728b)
Start importing Packages/com.code-philosophy.luban/package.json using Guid(ff12bd64e92ccc647b703701cc341095) Importer(815301076,1909f56bfc062723c751e8b465ee728b)  -> (artifact id: '00000000000000000000000000000000') in 0.000798 seconds
Import Error Code:(4)
Message: Build asset version error: packages/com.code-philosophy.luban/package.json in SourceAssetDB has modification time of '2024-06-06T09:11:14.4160437Z' while content on disk has modification time of '2024-06-06T09:11:32.0466182Z'
  ERROR: Build asset version error: packages/com.code-philosophy.luban/package.json in SourceAssetDB has modification time of '2024-06-06T09:11:14.4160437Z' while content on disk has modification time of '2024-06-06T09:11:32.0466182Z'
Number of updated asset objects reloaded before import = 0
Number of asset objects unloaded after import = 0
========================================================================
Received Import Request.
  Time since last request: 0.008826 seconds.
  path: Packages/com.code-philosophy.luban/package.json
  artifactKey: Guid(ff12bd64e92ccc647b703701cc341095) Importer(815301076,1909f56bfc062723c751e8b465ee728b)
Start importing Packages/com.code-philosophy.luban/package.json using Guid(ff12bd64e92ccc647b703701cc341095) Importer(815301076,1909f56bfc062723c751e8b465ee728b)  -> (artifact id: '00000000000000000000000000000000') in 0.000763 seconds
Import Error Code:(4)
Message: Build asset version error: packages/com.code-philosophy.luban/package.json in SourceAssetDB has modification time of '2024-06-06T09:11:14.4160437Z' while content on disk has modification time of '2024-06-06T09:11:32.0466182Z'
  ERROR: Build asset version error: packages/com.code-philosophy.luban/package.json in SourceAssetDB has modification time of '2024-06-06T09:11:14.4160437Z' while content on disk has modification time of '2024-06-06T09:11:32.0466182Z'
Number of updated asset objects reloaded before import = 0
Number of asset objects unloaded after import = 0
========================================================================
Received Import Request.
  Time since last request: 0.007412 seconds.
  path: Packages/com.code-philosophy.luban/package.json
  artifactKey: Guid(ff12bd64e92ccc647b703701cc341095) Importer(815301076,1909f56bfc062723c751e8b465ee728b)
Start importing Packages/com.code-philosophy.luban/package.json using Guid(ff12bd64e92ccc647b703701cc341095) Importer(815301076,1909f56bfc062723c751e8b465ee728b)  -> (artifact id: '00000000000000000000000000000000') in 0.000754 seconds
Import Error Code:(4)
Message: Build asset version error: packages/com.code-philosophy.luban/package.json in SourceAssetDB has modification time of '2024-06-06T09:11:14.4160437Z' while content on disk has modification time of '2024-06-06T09:11:32.0466182Z'
  ERROR: Build asset version error: packages/com.code-philosophy.luban/package.json in SourceAssetDB has modification time of '2024-06-06T09:11:14.4160437Z' while content on disk has modification time of '2024-06-06T09:11:32.0466182Z'
Number of updated asset objects reloaded before import = 0
Number of asset objects unloaded after import = 0
========================================================================
Received Import Request.
  Time since last request: 0.008448 seconds.
  path: Packages/com.code-philosophy.luban/package.json
  artifactKey: Guid(ff12bd64e92ccc647b703701cc341095) Importer(815301076,1909f56bfc062723c751e8b465ee728b)
Start importing Packages/com.code-philosophy.luban/package.json using Guid(ff12bd64e92ccc647b703701cc341095) Importer(815301076,1909f56bfc062723c751e8b465ee728b)  -> (artifact id: '00000000000000000000000000000000') in 0.000769 seconds
Import Error Code:(4)
Message: Build asset version error: packages/com.code-philosophy.luban/package.json in SourceAssetDB has modification time of '2024-06-06T09:11:14.4160437Z' while content on disk has modification time of '2024-06-06T09:11:32.0466182Z'
  ERROR: Build asset version error: packages/com.code-philosophy.luban/package.json in SourceAssetDB has modification time of '2024-06-06T09:11:14.4160437Z' while content on disk has modification time of '2024-06-06T09:11:32.0466182Z'
Number of updated asset objects reloaded before import = 0
Number of asset objects unloaded after import = 0
========================================================================
Received Import Request.
  Time since last request: 0.008994 seconds.
  path: Packages/com.code-philosophy.luban/package.json
  artifactKey: Guid(ff12bd64e92ccc647b703701cc341095) Importer(815301076,1909f56bfc062723c751e8b465ee728b)
Start importing Packages/com.code-philosophy.luban/package.json using Guid(ff12bd64e92ccc647b703701cc341095) Importer(815301076,1909f56bfc062723c751e8b465ee728b)  -> (artifact id: '00000000000000000000000000000000') in 0.000905 seconds
Import Error Code:(4)
Message: Build asset version error: packages/com.code-philosophy.luban/package.json in SourceAssetDB has modification time of '2024-06-06T09:11:14.4160437Z' while content on disk has modification time of '2024-06-06T09:11:32.0466182Z'
  ERROR: Build asset version error: packages/com.code-philosophy.luban/package.json in SourceAssetDB has modification time of '2024-06-06T09:11:14.4160437Z' while content on disk has modification time of '2024-06-06T09:11:32.0466182Z'
Number of updated asset objects reloaded before import = 0
Number of asset objects unloaded after import = 0
========================================================================
Received Import Request.
  Time since last request: 0.007437 seconds.
  path: Packages/com.code-philosophy.luban/package.json
  artifactKey: Guid(ff12bd64e92ccc647b703701cc341095) Importer(815301076,1909f56bfc062723c751e8b465ee728b)
Start importing Packages/com.code-philosophy.luban/package.json using Guid(ff12bd64e92ccc647b703701cc341095) Importer(815301076,1909f56bfc062723c751e8b465ee728b)  -> (artifact id: '00000000000000000000000000000000') in 0.000892 seconds
Import Error Code:(4)
Message: Build asset version error: packages/com.code-philosophy.luban/package.json in SourceAssetDB has modification time of '2024-06-06T09:11:14.4160437Z' while content on disk has modification time of '2024-06-06T09:11:32.0466182Z'
  ERROR: Build asset version error: packages/com.code-philosophy.luban/package.json in SourceAssetDB has modification time of '2024-06-06T09:11:14.4160437Z' while content on disk has modification time of '2024-06-06T09:11:32.0466182Z'
Number of updated asset objects reloaded before import = 0
Number of asset objects unloaded after import = 0
========================================================================
Received Import Request.
  Time since last request: 0.007325 seconds.
  path: Packages/com.code-philosophy.luban/package.json
  artifactKey: Guid(ff12bd64e92ccc647b703701cc341095) Importer(815301076,1909f56bfc062723c751e8b465ee728b)
Start importing Packages/com.code-philosophy.luban/package.json using Guid(ff12bd64e92ccc647b703701cc341095) Importer(815301076,1909f56bfc062723c751e8b465ee728b)  -> (artifact id: '00000000000000000000000000000000') in 0.001124 seconds
Import Error Code:(4)
Message: Build asset version error: packages/com.code-philosophy.luban/package.json in SourceAssetDB has modification time of '2024-06-06T09:11:14.4160437Z' while content on disk has modification time of '2024-06-06T09:11:32.0466182Z'
  ERROR: Build asset version error: packages/com.code-philosophy.luban/package.json in SourceAssetDB has modification time of '2024-06-06T09:11:14.4160437Z' while content on disk has modification time of '2024-06-06T09:11:32.0466182Z'
Number of updated asset objects reloaded before import = 0
Number of asset objects unloaded after import = 0
========================================================================
Received Import Request.
  Time since last request: 0.007797 seconds.
  path: Packages/com.code-philosophy.luban/package.json
  artifactKey: Guid(ff12bd64e92ccc647b703701cc341095) Importer(815301076,1909f56bfc062723c751e8b465ee728b)
Start importing Packages/com.code-philosophy.luban/package.json using Guid(ff12bd64e92ccc647b703701cc341095) Importer(815301076,1909f56bfc062723c751e8b465ee728b)  -> (artifact id: '00000000000000000000000000000000') in 0.000719 seconds
Import Error Code:(4)
Message: Build asset version error: packages/com.code-philosophy.luban/package.json in SourceAssetDB has modification time of '2024-06-06T09:11:14.4160437Z' while content on disk has modification time of '2024-06-06T09:11:32.0466182Z'
  ERROR: Build asset version error: packages/com.code-philosophy.luban/package.json in SourceAssetDB has modification time of '2024-06-06T09:11:14.4160437Z' while content on disk has modification time of '2024-06-06T09:11:32.0466182Z'
Number of updated asset objects reloaded before import = 0
Number of asset objects unloaded after import = 0
========================================================================
Received Import Request.
  Time since last request: 0.007675 seconds.
  path: Packages/com.code-philosophy.luban/package.json
  artifactKey: Guid(ff12bd64e92ccc647b703701cc341095) Importer(815301076,1909f56bfc062723c751e8b465ee728b)
Start importing Packages/com.code-philosophy.luban/package.json using Guid(ff12bd64e92ccc647b703701cc341095) Importer(815301076,1909f56bfc062723c751e8b465ee728b)  -> (artifact id: '00000000000000000000000000000000') in 0.000763 seconds
Import Error Code:(4)
Message: Build asset version error: packages/com.code-philosophy.luban/package.json in SourceAssetDB has modification time of '2024-06-06T09:11:14.4160437Z' while content on disk has modification time of '2024-06-06T09:11:32.0466182Z'
  ERROR: Build asset version error: packages/com.code-philosophy.luban/package.json in SourceAssetDB has modification time of '2024-06-06T09:11:14.4160437Z' while content on disk has modification time of '2024-06-06T09:11:32.0466182Z'
Number of updated asset objects reloaded before import = 0
Number of asset objects unloaded after import = 0
========================================================================
Received Import Request.
  Time since last request: 0.008530 seconds.
  path: Packages/com.code-philosophy.luban/package.json
  artifactKey: Guid(ff12bd64e92ccc647b703701cc341095) Importer(815301076,1909f56bfc062723c751e8b465ee728b)
Start importing Packages/com.code-philosophy.luban/package.json using Guid(ff12bd64e92ccc647b703701cc341095) Importer(815301076,1909f56bfc062723c751e8b465ee728b)  -> (artifact id: '00000000000000000000000000000000') in 0.000728 seconds
Import Error Code:(4)
Message: Build asset version error: packages/com.code-philosophy.luban/package.json in SourceAssetDB has modification time of '2024-06-06T09:11:14.4160437Z' while content on disk has modification time of '2024-06-06T09:11:32.0466182Z'
  ERROR: Build asset version error: packages/com.code-philosophy.luban/package.json in SourceAssetDB has modification time of '2024-06-06T09:11:14.4160437Z' while content on disk has modification time of '2024-06-06T09:11:32.0466182Z'
Number of updated asset objects reloaded before import = 0
Number of asset objects unloaded after import = 0
========================================================================
Received Import Request.
  Time since last request: 0.008263 seconds.
  path: Packages/com.code-philosophy.luban/package.json
  artifactKey: Guid(ff12bd64e92ccc647b703701cc341095) Importer(815301076,1909f56bfc062723c751e8b465ee728b)
Start importing Packages/com.code-philosophy.luban/package.json using Guid(ff12bd64e92ccc647b703701cc341095) Importer(815301076,1909f56bfc062723c751e8b465ee728b)  -> (artifact id: '00000000000000000000000000000000') in 0.000758 seconds
Import Error Code:(4)
Message: Build asset version error: packages/com.code-philosophy.luban/package.json in SourceAssetDB has modification time of '2024-06-06T09:11:14.4160437Z' while content on disk has modification time of '2024-06-06T09:11:32.0466182Z'
  ERROR: Build asset version error: packages/com.code-philosophy.luban/package.json in SourceAssetDB has modification time of '2024-06-06T09:11:14.4160437Z' while content on disk has modification time of '2024-06-06T09:11:32.0466182Z'
Number of updated asset objects reloaded before import = 0
Number of asset objects unloaded after import = 0
========================================================================
Received Import Request.
  Time since last request: 0.007337 seconds.
  path: Packages/com.code-philosophy.luban/package.json
  artifactKey: Guid(ff12bd64e92ccc647b703701cc341095) Importer(815301076,1909f56bfc062723c751e8b465ee728b)
Start importing Packages/com.code-philosophy.luban/package.json using Guid(ff12bd64e92ccc647b703701cc341095) Importer(815301076,1909f56bfc062723c751e8b465ee728b)  -> (artifact id: '00000000000000000000000000000000') in 0.000786 seconds
Import Error Code:(4)
Message: Build asset version error: packages/com.code-philosophy.luban/package.json in SourceAssetDB has modification time of '2024-06-06T09:11:14.4160437Z' while content on disk has modification time of '2024-06-06T09:11:32.0466182Z'
  ERROR: Build asset version error: packages/com.code-philosophy.luban/package.json in SourceAssetDB has modification time of '2024-06-06T09:11:14.4160437Z' while content on disk has modification time of '2024-06-06T09:11:32.0466182Z'
Number of updated asset objects reloaded before import = 0
Number of asset objects unloaded after import = 0
========================================================================
Received Import Request.
  Time since last request: 0.008364 seconds.
  path: Packages/com.code-philosophy.luban/package.json
  artifactKey: Guid(ff12bd64e92ccc647b703701cc341095) Importer(815301076,1909f56bfc062723c751e8b465ee728b)
Start importing Packages/com.code-philosophy.luban/package.json using Guid(ff12bd64e92ccc647b703701cc341095) Importer(815301076,1909f56bfc062723c751e8b465ee728b)  -> (artifact id: '00000000000000000000000000000000') in 0.000755 seconds
Import Error Code:(4)
Message: Build asset version error: packages/com.code-philosophy.luban/package.json in SourceAssetDB has modification time of '2024-06-06T09:11:14.4160437Z' while content on disk has modification time of '2024-06-06T09:11:32.0466182Z'
  ERROR: Build asset version error: packages/com.code-philosophy.luban/package.json in SourceAssetDB has modification time of '2024-06-06T09:11:14.4160437Z' while content on disk has modification time of '2024-06-06T09:11:32.0466182Z'
Number of updated asset objects reloaded before import = 0
Number of asset objects unloaded after import = 0
========================================================================
Received Import Request.
  Time since last request: 0.006917 seconds.
  path: Packages/com.code-philosophy.luban/package.json
  artifactKey: Guid(ff12bd64e92ccc647b703701cc341095) Importer(815301076,1909f56bfc062723c751e8b465ee728b)
Start importing Packages/com.code-philosophy.luban/package.json using Guid(ff12bd64e92ccc647b703701cc341095) Importer(815301076,1909f56bfc062723c751e8b465ee728b)  -> (artifact id: '00000000000000000000000000000000') in 0.000766 seconds
Import Error Code:(4)
Message: Build asset version error: packages/com.code-philosophy.luban/package.json in SourceAssetDB has modification time of '2024-06-06T09:11:14.4160437Z' while content on disk has modification time of '2024-06-06T09:11:32.0466182Z'
  ERROR: Build asset version error: packages/com.code-philosophy.luban/package.json in SourceAssetDB has modification time of '2024-06-06T09:11:14.4160437Z' while content on disk has modification time of '2024-06-06T09:11:32.0466182Z'
Number of updated asset objects reloaded before import = 0
Number of asset objects unloaded after import = 0
========================================================================
Received Import Request.
  Time since last request: 0.008783 seconds.
  path: Packages/com.code-philosophy.luban/package.json
  artifactKey: Guid(ff12bd64e92ccc647b703701cc341095) Importer(815301076,1909f56bfc062723c751e8b465ee728b)
Start importing Packages/com.code-philosophy.luban/package.json using Guid(ff12bd64e92ccc647b703701cc341095) Importer(815301076,1909f56bfc062723c751e8b465ee728b)  -> (artifact id: '00000000000000000000000000000000') in 0.000715 seconds
Import Error Code:(4)
Message: Build asset version error: packages/com.code-philosophy.luban/package.json in SourceAssetDB has modification time of '2024-06-06T09:11:14.4160437Z' while content on disk has modification time of '2024-06-06T09:11:32.0466182Z'
  ERROR: Build asset version error: packages/com.code-philosophy.luban/package.json in SourceAssetDB has modification time of '2024-06-06T09:11:14.4160437Z' while content on disk has modification time of '2024-06-06T09:11:32.0466182Z'
Number of updated asset objects reloaded before import = 0
Number of asset objects unloaded after import = 0
========================================================================
Received Import Request.
  Time since last request: 0.007037 seconds.
  path: Packages/com.code-philosophy.luban/package.json
  artifactKey: Guid(ff12bd64e92ccc647b703701cc341095) Importer(815301076,1909f56bfc062723c751e8b465ee728b)
Start importing Packages/com.code-philosophy.luban/package.json using Guid(ff12bd64e92ccc647b703701cc341095) Importer(815301076,1909f56bfc062723c751e8b465ee728b)  -> (artifact id: '00000000000000000000000000000000') in 0.000973 seconds
Import Error Code:(4)
Message: Build asset version error: packages/com.code-philosophy.luban/package.json in SourceAssetDB has modification time of '2024-06-06T09:11:14.4160437Z' while content on disk has modification time of '2024-06-06T09:11:32.0466182Z'
  ERROR: Build asset version error: packages/com.code-philosophy.luban/package.json in SourceAssetDB has modification time of '2024-06-06T09:11:14.4160437Z' while content on disk has modification time of '2024-06-06T09:11:32.0466182Z'
Number of updated asset objects reloaded before import = 0
Number of asset objects unloaded after import = 0
========================================================================
Received Import Request.
  Time since last request: 0.008459 seconds.
  path: Packages/com.code-philosophy.luban/package.json
  artifactKey: Guid(ff12bd64e92ccc647b703701cc341095) Importer(815301076,1909f56bfc062723c751e8b465ee728b)
Start importing Packages/com.code-philosophy.luban/package.json using Guid(ff12bd64e92ccc647b703701cc341095) Importer(815301076,1909f56bfc062723c751e8b465ee728b)  -> (artifact id: '00000000000000000000000000000000') in 0.000713 seconds
Import Error Code:(4)
Message: Build asset version error: packages/com.code-philosophy.luban/package.json in SourceAssetDB has modification time of '2024-06-06T09:11:14.4160437Z' while content on disk has modification time of '2024-06-06T09:11:32.0466182Z'
  ERROR: Build asset version error: packages/com.code-philosophy.luban/package.json in SourceAssetDB has modification time of '2024-06-06T09:11:14.4160437Z' while content on disk has modification time of '2024-06-06T09:11:32.0466182Z'
Number of updated asset objects reloaded before import = 0
Number of asset objects unloaded after import = 0
========================================================================
Received Import Request.
  Time since last request: 0.007297 seconds.
  path: Packages/com.code-philosophy.luban/package.json
  artifactKey: Guid(ff12bd64e92ccc647b703701cc341095) Importer(815301076,1909f56bfc062723c751e8b465ee728b)
Start importing Packages/com.code-philosophy.luban/package.json using Guid(ff12bd64e92ccc647b703701cc341095) Importer(815301076,1909f56bfc062723c751e8b465ee728b)  -> (artifact id: '00000000000000000000000000000000') in 0.001075 seconds
Import Error Code:(4)
Message: Build asset version error: packages/com.code-philosophy.luban/package.json in SourceAssetDB has modification time of '2024-06-06T09:11:14.4160437Z' while content on disk has modification time of '2024-06-06T09:11:32.0466182Z'
  ERROR: Build asset version error: packages/com.code-philosophy.luban/package.json in SourceAssetDB has modification time of '2024-06-06T09:11:14.4160437Z' while content on disk has modification time of '2024-06-06T09:11:32.0466182Z'
Number of updated asset objects reloaded before import = 0
Number of asset objects unloaded after import = 0
========================================================================
Received Import Request.
  Time since last request: 0.006947 seconds.
  path: Packages/com.code-philosophy.luban/package.json
  artifactKey: Guid(ff12bd64e92ccc647b703701cc341095) Importer(815301076,1909f56bfc062723c751e8b465ee728b)
Start importing Packages/com.code-philosophy.luban/package.json using Guid(ff12bd64e92ccc647b703701cc341095) Importer(815301076,1909f56bfc062723c751e8b465ee728b)  -> (artifact id: '00000000000000000000000000000000') in 0.000761 seconds
Import Error Code:(4)
Message: Build asset version error: packages/com.code-philosophy.luban/package.json in SourceAssetDB has modification time of '2024-06-06T09:11:14.4160437Z' while content on disk has modification time of '2024-06-06T09:11:32.0466182Z'
  ERROR: Build asset version error: packages/com.code-philosophy.luban/package.json in SourceAssetDB has modification time of '2024-06-06T09:11:14.4160437Z' while content on disk has modification time of '2024-06-06T09:11:32.0466182Z'
Number of updated asset objects reloaded before import = 0
Number of asset objects unloaded after import = 0
========================================================================
Received Import Request.
  Time since last request: 0.007537 seconds.
  path: Packages/com.code-philosophy.luban/package.json
  artifactKey: Guid(ff12bd64e92ccc647b703701cc341095) Importer(815301076,1909f56bfc062723c751e8b465ee728b)
Start importing Packages/com.code-philosophy.luban/package.json using Guid(ff12bd64e92ccc647b703701cc341095) Importer(815301076,1909f56bfc062723c751e8b465ee728b)  -> (artifact id: '00000000000000000000000000000000') in 0.000835 seconds
Import Error Code:(4)
Message: Build asset version error: packages/com.code-philosophy.luban/package.json in SourceAssetDB has modification time of '2024-06-06T09:11:14.4160437Z' while content on disk has modification time of '2024-06-06T09:11:32.0466182Z'
  ERROR: Build asset version error: packages/com.code-philosophy.luban/package.json in SourceAssetDB has modification time of '2024-06-06T09:11:14.4160437Z' while content on disk has modification time of '2024-06-06T09:11:32.0466182Z'
Number of updated asset objects reloaded before import = 0
Number of asset objects unloaded after import = 0
========================================================================
Received Import Request.
  Time since last request: 0.006541 seconds.
  path: Packages/com.code-philosophy.luban/package.json
  artifactKey: Guid(ff12bd64e92ccc647b703701cc341095) Importer(815301076,1909f56bfc062723c751e8b465ee728b)
Start importing Packages/com.code-philosophy.luban/package.json using Guid(ff12bd64e92ccc647b703701cc341095) Importer(815301076,1909f56bfc062723c751e8b465ee728b)  -> (artifact id: '00000000000000000000000000000000') in 0.000733 seconds
Import Error Code:(4)
Message: Build asset version error: packages/com.code-philosophy.luban/package.json in SourceAssetDB has modification time of '2024-06-06T09:11:14.4160437Z' while content on disk has modification time of '2024-06-06T09:11:32.0466182Z'
  ERROR: Build asset version error: packages/com.code-philosophy.luban/package.json in SourceAssetDB has modification time of '2024-06-06T09:11:14.4160437Z' while content on disk has modification time of '2024-06-06T09:11:32.0466182Z'
Number of updated asset objects reloaded before import = 0
Number of asset objects unloaded after import = 0
========================================================================
Received Import Request.
  Time since last request: 0.006776 seconds.
  path: Packages/com.code-philosophy.luban/package.json
  artifactKey: Guid(ff12bd64e92ccc647b703701cc341095) Importer(815301076,1909f56bfc062723c751e8b465ee728b)
Start importing Packages/com.code-philosophy.luban/package.json using Guid(ff12bd64e92ccc647b703701cc341095) Importer(815301076,1909f56bfc062723c751e8b465ee728b)  -> (artifact id: '00000000000000000000000000000000') in 0.001134 seconds
Import Error Code:(4)
Message: Build asset version error: packages/com.code-philosophy.luban/package.json in SourceAssetDB has modification time of '2024-06-06T09:11:14.4160437Z' while content on disk has modification time of '2024-06-06T09:11:32.0466182Z'
  ERROR: Build asset version error: packages/com.code-philosophy.luban/package.json in SourceAssetDB has modification time of '2024-06-06T09:11:14.4160437Z' while content on disk has modification time of '2024-06-06T09:11:32.0466182Z'
Number of updated asset objects reloaded before import = 0
Number of asset objects unloaded after import = 0
========================================================================
Received Import Request.
  Time since last request: 0.007645 seconds.
  path: Packages/com.code-philosophy.luban/package.json
  artifactKey: Guid(ff12bd64e92ccc647b703701cc341095) Importer(815301076,1909f56bfc062723c751e8b465ee728b)
Start importing Packages/com.code-philosophy.luban/package.json using Guid(ff12bd64e92ccc647b703701cc341095) Importer(815301076,1909f56bfc062723c751e8b465ee728b)  -> (artifact id: '00000000000000000000000000000000') in 0.000755 seconds
Import Error Code:(4)
Message: Build asset version error: packages/com.code-philosophy.luban/package.json in SourceAssetDB has modification time of '2024-06-06T09:11:14.4160437Z' while content on disk has modification time of '2024-06-06T09:11:32.0466182Z'
  ERROR: Build asset version error: packages/com.code-philosophy.luban/package.json in SourceAssetDB has modification time of '2024-06-06T09:11:14.4160437Z' while content on disk has modification time of '2024-06-06T09:11:32.0466182Z'
Number of updated asset objects reloaded before import = 0
Number of asset objects unloaded after import = 0
========================================================================
Received Import Request.
  Time since last request: 0.009062 seconds.
  path: Packages/com.code-philosophy.luban/package.json
  artifactKey: Guid(ff12bd64e92ccc647b703701cc341095) Importer(815301076,1909f56bfc062723c751e8b465ee728b)
Start importing Packages/com.code-philosophy.luban/package.json using Guid(ff12bd64e92ccc647b703701cc341095) Importer(815301076,1909f56bfc062723c751e8b465ee728b)  -> (artifact id: '00000000000000000000000000000000') in 0.000925 seconds
Import Error Code:(4)
Message: Build asset version error: packages/com.code-philosophy.luban/package.json in SourceAssetDB has modification time of '2024-06-06T09:11:14.4160437Z' while content on disk has modification time of '2024-06-06T09:11:32.0466182Z'
  ERROR: Build asset version error: packages/com.code-philosophy.luban/package.json in SourceAssetDB has modification time of '2024-06-06T09:11:14.4160437Z' while content on disk has modification time of '2024-06-06T09:11:32.0466182Z'
Number of updated asset objects reloaded before import = 0
Number of asset objects unloaded after import = 0
========================================================================
Received Import Request.
  Time since last request: 0.006487 seconds.
  path: Packages/com.code-philosophy.luban/package.json
  artifactKey: Guid(ff12bd64e92ccc647b703701cc341095) Importer(815301076,1909f56bfc062723c751e8b465ee728b)
Start importing Packages/com.code-philosophy.luban/package.json using Guid(ff12bd64e92ccc647b703701cc341095) Importer(815301076,1909f56bfc062723c751e8b465ee728b)  -> (artifact id: '00000000000000000000000000000000') in 0.000723 seconds
Import Error Code:(4)
Message: Build asset version error: packages/com.code-philosophy.luban/package.json in SourceAssetDB has modification time of '2024-06-06T09:11:14.4160437Z' while content on disk has modification time of '2024-06-06T09:11:32.0466182Z'
  ERROR: Build asset version error: packages/com.code-philosophy.luban/package.json in SourceAssetDB has modification time of '2024-06-06T09:11:14.4160437Z' while content on disk has modification time of '2024-06-06T09:11:32.0466182Z'
Number of updated asset objects reloaded before import = 0
Number of asset objects unloaded after import = 0
========================================================================
Received Import Request.
  Time since last request: 0.007481 seconds.
  path: Packages/com.code-philosophy.luban/package.json
  artifactKey: Guid(ff12bd64e92ccc647b703701cc341095) Importer(815301076,1909f56bfc062723c751e8b465ee728b)
Start importing Packages/com.code-philosophy.luban/package.json using Guid(ff12bd64e92ccc647b703701cc341095) Importer(815301076,1909f56bfc062723c751e8b465ee728b)  -> (artifact id: '00000000000000000000000000000000') in 0.000858 seconds
Import Error Code:(4)
Message: Build asset version error: packages/com.code-philosophy.luban/package.json in SourceAssetDB has modification time of '2024-06-06T09:11:14.4160437Z' while content on disk has modification time of '2024-06-06T09:11:32.0466182Z'
  ERROR: Build asset version error: packages/com.code-philosophy.luban/package.json in SourceAssetDB has modification time of '2024-06-06T09:11:14.4160437Z' while content on disk has modification time of '2024-06-06T09:11:32.0466182Z'
Number of updated asset objects reloaded before import = 0
Number of asset objects unloaded after import = 0
========================================================================
Received Import Request.
  Time since last request: 0.007371 seconds.
  path: Packages/com.code-philosophy.luban/package.json
  artifactKey: Guid(ff12bd64e92ccc647b703701cc341095) Importer(815301076,1909f56bfc062723c751e8b465ee728b)
Start importing Packages/com.code-philosophy.luban/package.json using Guid(ff12bd64e92ccc647b703701cc341095) Importer(815301076,1909f56bfc062723c751e8b465ee728b)  -> (artifact id: '00000000000000000000000000000000') in 0.000711 seconds
Import Error Code:(4)
Message: Build asset version error: packages/com.code-philosophy.luban/package.json in SourceAssetDB has modification time of '2024-06-06T09:11:14.4160437Z' while content on disk has modification time of '2024-06-06T09:11:32.0466182Z'
  ERROR: Build asset version error: packages/com.code-philosophy.luban/package.json in SourceAssetDB has modification time of '2024-06-06T09:11:14.4160437Z' while content on disk has modification time of '2024-06-06T09:11:32.0466182Z'
Number of updated asset objects reloaded before import = 0
Number of asset objects unloaded after import = 0
========================================================================
Received Import Request.
  Time since last request: 0.007488 seconds.
  path: Packages/com.code-philosophy.luban/package.json
  artifactKey: Guid(ff12bd64e92ccc647b703701cc341095) Importer(815301076,1909f56bfc062723c751e8b465ee728b)
Start importing Packages/com.code-philosophy.luban/package.json using Guid(ff12bd64e92ccc647b703701cc341095) Importer(815301076,1909f56bfc062723c751e8b465ee728b)  -> (artifact id: '00000000000000000000000000000000') in 0.000794 seconds
Import Error Code:(4)
Message: Build asset version error: packages/com.code-philosophy.luban/package.json in SourceAssetDB has modification time of '2024-06-06T09:11:14.4160437Z' while content on disk has modification time of '2024-06-06T09:11:32.0466182Z'
  ERROR: Build asset version error: packages/com.code-philosophy.luban/package.json in SourceAssetDB has modification time of '2024-06-06T09:11:14.4160437Z' while content on disk has modification time of '2024-06-06T09:11:32.0466182Z'
Number of updated asset objects reloaded before import = 0
Number of asset objects unloaded after import = 0
========================================================================
Received Import Request.
  Time since last request: 0.006379 seconds.
  path: Packages/com.code-philosophy.luban/package.json
  artifactKey: Guid(ff12bd64e92ccc647b703701cc341095) Importer(815301076,1909f56bfc062723c751e8b465ee728b)
Start importing Packages/com.code-philosophy.luban/package.json using Guid(ff12bd64e92ccc647b703701cc341095) Importer(815301076,1909f56bfc062723c751e8b465ee728b)  -> (artifact id: '00000000000000000000000000000000') in 0.000884 seconds
Import Error Code:(4)
Message: Build asset version error: packages/com.code-philosophy.luban/package.json in SourceAssetDB has modification time of '2024-06-06T09:11:14.4160437Z' while content on disk has modification time of '2024-06-06T09:11:32.0466182Z'
  ERROR: Build asset version error: packages/com.code-philosophy.luban/package.json in SourceAssetDB has modification time of '2024-06-06T09:11:14.4160437Z' while content on disk has modification time of '2024-06-06T09:11:32.0466182Z'
Number of updated asset objects reloaded before import = 0
Number of asset objects unloaded after import = 0
========================================================================
Received Import Request.
  Time since last request: 0.006602 seconds.
  path: Packages/com.code-philosophy.luban/package.json
  artifactKey: Guid(ff12bd64e92ccc647b703701cc341095) Importer(815301076,1909f56bfc062723c751e8b465ee728b)
Start importing Packages/com.code-philosophy.luban/package.json using Guid(ff12bd64e92ccc647b703701cc341095) Importer(815301076,1909f56bfc062723c751e8b465ee728b)  -> (artifact id: '00000000000000000000000000000000') in 0.000907 seconds
Import Error Code:(4)
Message: Build asset version error: packages/com.code-philosophy.luban/package.json in SourceAssetDB has modification time of '2024-06-06T09:11:14.4160437Z' while content on disk has modification time of '2024-06-06T09:11:32.0466182Z'
  ERROR: Build asset version error: packages/com.code-philosophy.luban/package.json in SourceAssetDB has modification time of '2024-06-06T09:11:14.4160437Z' while content on disk has modification time of '2024-06-06T09:11:32.0466182Z'
Number of updated asset objects reloaded before import = 0
Number of asset objects unloaded after import = 0
========================================================================
Received Import Request.
  Time since last request: 0.007043 seconds.
  path: Packages/com.code-philosophy.luban/package.json
  artifactKey: Guid(ff12bd64e92ccc647b703701cc341095) Importer(815301076,1909f56bfc062723c751e8b465ee728b)
Start importing Packages/com.code-philosophy.luban/package.json using Guid(ff12bd64e92ccc647b703701cc341095) Importer(815301076,1909f56bfc062723c751e8b465ee728b)  -> (artifact id: '00000000000000000000000000000000') in 0.000742 seconds
Import Error Code:(4)
Message: Build asset version error: packages/com.code-philosophy.luban/package.json in SourceAssetDB has modification time of '2024-06-06T09:11:14.4160437Z' while content on disk has modification time of '2024-06-06T09:11:32.0466182Z'
  ERROR: Build asset version error: packages/com.code-philosophy.luban/package.json in SourceAssetDB has modification time of '2024-06-06T09:11:14.4160437Z' while content on disk has modification time of '2024-06-06T09:11:32.0466182Z'
Number of updated asset objects reloaded before import = 0
Number of asset objects unloaded after import = 0
========================================================================
Received Import Request.
  Time since last request: 0.007741 seconds.
  path: Packages/com.code-philosophy.luban/package.json
  artifactKey: Guid(ff12bd64e92ccc647b703701cc341095) Importer(815301076,1909f56bfc062723c751e8b465ee728b)
Start importing Packages/com.code-philosophy.luban/package.json using Guid(ff12bd64e92ccc647b703701cc341095) Importer(815301076,1909f56bfc062723c751e8b465ee728b)  -> (artifact id: '00000000000000000000000000000000') in 0.000808 seconds
Import Error Code:(4)
Message: Build asset version error: packages/com.code-philosophy.luban/package.json in SourceAssetDB has modification time of '2024-06-06T09:11:14.4160437Z' while content on disk has modification time of '2024-06-06T09:11:32.0466182Z'
  ERROR: Build asset version error: packages/com.code-philosophy.luban/package.json in SourceAssetDB has modification time of '2024-06-06T09:11:14.4160437Z' while content on disk has modification time of '2024-06-06T09:11:32.0466182Z'
Number of updated asset objects reloaded before import = 0
Number of asset objects unloaded after import = 0
========================================================================
Received Import Request.
  Time since last request: 0.006651 seconds.
  path: Packages/com.code-philosophy.luban/package.json
  artifactKey: Guid(ff12bd64e92ccc647b703701cc341095) Importer(815301076,1909f56bfc062723c751e8b465ee728b)
Start importing Packages/com.code-philosophy.luban/package.json using Guid(ff12bd64e92ccc647b703701cc341095) Importer(815301076,1909f56bfc062723c751e8b465ee728b)  -> (artifact id: '00000000000000000000000000000000') in 0.000728 seconds
Import Error Code:(4)
Message: Build asset version error: packages/com.code-philosophy.luban/package.json in SourceAssetDB has modification time of '2024-06-06T09:11:14.4160437Z' while content on disk has modification time of '2024-06-06T09:11:32.0466182Z'
  ERROR: Build asset version error: packages/com.code-philosophy.luban/package.json in SourceAssetDB has modification time of '2024-06-06T09:11:14.4160437Z' while content on disk has modification time of '2024-06-06T09:11:32.0466182Z'
Number of updated asset objects reloaded before import = 0
Number of asset objects unloaded after import = 0
========================================================================
Received Import Request.
  Time since last request: 0.006444 seconds.
  path: Packages/com.code-philosophy.luban/package.json
  artifactKey: Guid(ff12bd64e92ccc647b703701cc341095) Importer(815301076,1909f56bfc062723c751e8b465ee728b)
Start importing Packages/com.code-philosophy.luban/package.json using Guid(ff12bd64e92ccc647b703701cc341095) Importer(815301076,1909f56bfc062723c751e8b465ee728b)  -> (artifact id: '00000000000000000000000000000000') in 0.001109 seconds
Import Error Code:(4)
Message: Build asset version error: packages/com.code-philosophy.luban/package.json in SourceAssetDB has modification time of '2024-06-06T09:11:14.4160437Z' while content on disk has modification time of '2024-06-06T09:11:32.0466182Z'
  ERROR: Build asset version error: packages/com.code-philosophy.luban/package.json in SourceAssetDB has modification time of '2024-06-06T09:11:14.4160437Z' while content on disk has modification time of '2024-06-06T09:11:32.0466182Z'
Number of updated asset objects reloaded before import = 0
Number of asset objects unloaded after import = 0
========================================================================
Received Import Request.
  Time since last request: 0.006771 seconds.
  path: Packages/com.code-philosophy.luban/package.json
  artifactKey: Guid(ff12bd64e92ccc647b703701cc341095) Importer(815301076,1909f56bfc062723c751e8b465ee728b)
Start importing Packages/com.code-philosophy.luban/package.json using Guid(ff12bd64e92ccc647b703701cc341095) Importer(815301076,1909f56bfc062723c751e8b465ee728b)  -> (artifact id: '00000000000000000000000000000000') in 0.000726 seconds
Import Error Code:(4)
Message: Build asset version error: packages/com.code-philosophy.luban/package.json in SourceAssetDB has modification time of '2024-06-06T09:11:14.4160437Z' while content on disk has modification time of '2024-06-06T09:11:32.0466182Z'
  ERROR: Build asset version error: packages/com.code-philosophy.luban/package.json in SourceAssetDB has modification time of '2024-06-06T09:11:14.4160437Z' while content on disk has modification time of '2024-06-06T09:11:32.0466182Z'
Number of updated asset objects reloaded before import = 0
Number of asset objects unloaded after import = 0
========================================================================
Received Import Request.
  Time since last request: 0.006301 seconds.
  path: Packages/com.code-philosophy.luban/package.json
  artifactKey: Guid(ff12bd64e92ccc647b703701cc341095) Importer(815301076,1909f56bfc062723c751e8b465ee728b)
Start importing Packages/com.code-philosophy.luban/package.json using Guid(ff12bd64e92ccc647b703701cc341095) Importer(815301076,1909f56bfc062723c751e8b465ee728b)  -> (artifact id: '00000000000000000000000000000000') in 0.001186 seconds
Import Error Code:(4)
Message: Build asset version error: packages/com.code-philosophy.luban/package.json in SourceAssetDB has modification time of '2024-06-06T09:11:14.4160437Z' while content on disk has modification time of '2024-06-06T09:11:32.0466182Z'
  ERROR: Build asset version error: packages/com.code-philosophy.luban/package.json in SourceAssetDB has modification time of '2024-06-06T09:11:14.4160437Z' while content on disk has modification time of '2024-06-06T09:11:32.0466182Z'
Number of updated asset objects reloaded before import = 0
Number of asset objects unloaded after import = 0
========================================================================
Received Import Request.
  Time since last request: 0.007050 seconds.
  path: Packages/com.code-philosophy.luban/package.json
  artifactKey: Guid(ff12bd64e92ccc647b703701cc341095) Importer(815301076,1909f56bfc062723c751e8b465ee728b)
Start importing Packages/com.code-philosophy.luban/package.json using Guid(ff12bd64e92ccc647b703701cc341095) Importer(815301076,1909f56bfc062723c751e8b465ee728b)  -> (artifact id: '00000000000000000000000000000000') in 0.000721 seconds
Import Error Code:(4)
Message: Build asset version error: packages/com.code-philosophy.luban/package.json in SourceAssetDB has modification time of '2024-06-06T09:11:14.4160437Z' while content on disk has modification time of '2024-06-06T09:11:32.0466182Z'
  ERROR: Build asset version error: packages/com.code-philosophy.luban/package.json in SourceAssetDB has modification time of '2024-06-06T09:11:14.4160437Z' while content on disk has modification time of '2024-06-06T09:11:32.0466182Z'
Number of updated asset objects reloaded before import = 0
Number of asset objects unloaded after import = 0
========================================================================
Received Import Request.
  Time since last request: 0.006432 seconds.
  path: Packages/com.code-philosophy.luban/package.json
  artifactKey: Guid(ff12bd64e92ccc647b703701cc341095) Importer(815301076,1909f56bfc062723c751e8b465ee728b)
Start importing Packages/com.code-philosophy.luban/package.json using Guid(ff12bd64e92ccc647b703701cc341095) Importer(815301076,1909f56bfc062723c751e8b465ee728b)  -> (artifact id: '00000000000000000000000000000000') in 0.000750 seconds
Import Error Code:(4)
Message: Build asset version error: packages/com.code-philosophy.luban/package.json in SourceAssetDB has modification time of '2024-06-06T09:11:14.4160437Z' while content on disk has modification time of '2024-06-06T09:11:32.0466182Z'
  ERROR: Build asset version error: packages/com.code-philosophy.luban/package.json in SourceAssetDB has modification time of '2024-06-06T09:11:14.4160437Z' while content on disk has modification time of '2024-06-06T09:11:32.0466182Z'
Number of updated asset objects reloaded before import = 0
Number of asset objects unloaded after import = 0
========================================================================
Received Import Request.
  Time since last request: 0.007807 seconds.
  path: Packages/com.code-philosophy.luban/package.json
  artifactKey: Guid(ff12bd64e92ccc647b703701cc341095) Importer(815301076,1909f56bfc062723c751e8b465ee728b)
Start importing Packages/com.code-philosophy.luban/package.json using Guid(ff12bd64e92ccc647b703701cc341095) Importer(815301076,1909f56bfc062723c751e8b465ee728b)  -> (artifact id: '00000000000000000000000000000000') in 0.000708 seconds
Import Error Code:(4)
Message: Build asset version error: packages/com.code-philosophy.luban/package.json in SourceAssetDB has modification time of '2024-06-06T09:11:14.4160437Z' while content on disk has modification time of '2024-06-06T09:11:32.0466182Z'
  ERROR: Build asset version error: packages/com.code-philosophy.luban/package.json in SourceAssetDB has modification time of '2024-06-06T09:11:14.4160437Z' while content on disk has modification time of '2024-06-06T09:11:32.0466182Z'
Number of updated asset objects reloaded before import = 0
Number of asset objects unloaded after import = 0
========================================================================
Received Import Request.
  Time since last request: 0.006338 seconds.
  path: Packages/com.code-philosophy.luban/package.json
  artifactKey: Guid(ff12bd64e92ccc647b703701cc341095) Importer(815301076,1909f56bfc062723c751e8b465ee728b)
Start importing Packages/com.code-philosophy.luban/package.json using Guid(ff12bd64e92ccc647b703701cc341095) Importer(815301076,1909f56bfc062723c751e8b465ee728b)  -> (artifact id: '00000000000000000000000000000000') in 0.000760 seconds
Import Error Code:(4)
Message: Build asset version error: packages/com.code-philosophy.luban/package.json in SourceAssetDB has modification time of '2024-06-06T09:11:14.4160437Z' while content on disk has modification time of '2024-06-06T09:11:32.0466182Z'
  ERROR: Build asset version error: packages/com.code-philosophy.luban/package.json in SourceAssetDB has modification time of '2024-06-06T09:11:14.4160437Z' while content on disk has modification time of '2024-06-06T09:11:32.0466182Z'
Number of updated asset objects reloaded before import = 0
Number of asset objects unloaded after import = 0
========================================================================
Received Import Request.
  Time since last request: 0.007384 seconds.
  path: Packages/com.code-philosophy.luban/package.json
  artifactKey: Guid(ff12bd64e92ccc647b703701cc341095) Importer(815301076,1909f56bfc062723c751e8b465ee728b)
Start importing Packages/com.code-philosophy.luban/package.json using Guid(ff12bd64e92ccc647b703701cc341095) Importer(815301076,1909f56bfc062723c751e8b465ee728b)  -> (artifact id: '00000000000000000000000000000000') in 0.000734 seconds
Import Error Code:(4)
Message: Build asset version error: packages/com.code-philosophy.luban/package.json in SourceAssetDB has modification time of '2024-06-06T09:11:14.4160437Z' while content on disk has modification time of '2024-06-06T09:11:32.0466182Z'
  ERROR: Build asset version error: packages/com.code-philosophy.luban/package.json in SourceAssetDB has modification time of '2024-06-06T09:11:14.4160437Z' while content on disk has modification time of '2024-06-06T09:11:32.0466182Z'
Number of updated asset objects reloaded before import = 0
Number of asset objects unloaded after import = 0
========================================================================
Received Import Request.
  Time since last request: 0.006596 seconds.
  path: Packages/com.code-philosophy.luban/package.json
  artifactKey: Guid(ff12bd64e92ccc647b703701cc341095) Importer(815301076,1909f56bfc062723c751e8b465ee728b)
Start importing Packages/com.code-philosophy.luban/package.json using Guid(ff12bd64e92ccc647b703701cc341095) Importer(815301076,1909f56bfc062723c751e8b465ee728b)  -> (artifact id: '00000000000000000000000000000000') in 0.000773 seconds
Import Error Code:(4)
Message: Build asset version error: packages/com.code-philosophy.luban/package.json in SourceAssetDB has modification time of '2024-06-06T09:11:14.4160437Z' while content on disk has modification time of '2024-06-06T09:11:32.0466182Z'
  ERROR: Build asset version error: packages/com.code-philosophy.luban/package.json in SourceAssetDB has modification time of '2024-06-06T09:11:14.4160437Z' while content on disk has modification time of '2024-06-06T09:11:32.0466182Z'
Number of updated asset objects reloaded before import = 0
Number of asset objects unloaded after import = 0
========================================================================
Received Import Request.
  Time since last request: 0.008957 seconds.
  path: Packages/com.code-philosophy.luban/package.json
  artifactKey: Guid(ff12bd64e92ccc647b703701cc341095) Importer(815301076,1909f56bfc062723c751e8b465ee728b)
Start importing Packages/com.code-philosophy.luban/package.json using Guid(ff12bd64e92ccc647b703701cc341095) Importer(815301076,1909f56bfc062723c751e8b465ee728b)  -> (artifact id: '00000000000000000000000000000000') in 0.000722 seconds
Import Error Code:(4)
Message: Build asset version error: packages/com.code-philosophy.luban/package.json in SourceAssetDB has modification time of '2024-06-06T09:11:14.4160437Z' while content on disk has modification time of '2024-06-06T09:11:32.0466182Z'
  ERROR: Build asset version error: packages/com.code-philosophy.luban/package.json in SourceAssetDB has modification time of '2024-06-06T09:11:14.4160437Z' while content on disk has modification time of '2024-06-06T09:11:32.0466182Z'
Number of updated asset objects reloaded before import = 0
Number of asset objects unloaded after import = 0
========================================================================
Received Import Request.
  Time since last request: 0.006361 seconds.
  path: Packages/com.code-philosophy.luban/package.json
  artifactKey: Guid(ff12bd64e92ccc647b703701cc341095) Importer(815301076,1909f56bfc062723c751e8b465ee728b)
Start importing Packages/com.code-philosophy.luban/package.json using Guid(ff12bd64e92ccc647b703701cc341095) Importer(815301076,1909f56bfc062723c751e8b465ee728b)  -> (artifact id: '00000000000000000000000000000000') in 0.000748 seconds
Import Error Code:(4)
Message: Build asset version error: packages/com.code-philosophy.luban/package.json in SourceAssetDB has modification time of '2024-06-06T09:11:14.4160437Z' while content on disk has modification time of '2024-06-06T09:11:32.0466182Z'
  ERROR: Build asset version error: packages/com.code-philosophy.luban/package.json in SourceAssetDB has modification time of '2024-06-06T09:11:14.4160437Z' while content on disk has modification time of '2024-06-06T09:11:32.0466182Z'
Number of updated asset objects reloaded before import = 0
Number of asset objects unloaded after import = 0
========================================================================
Received Import Request.
  Time since last request: 0.007358 seconds.
  path: Packages/com.code-philosophy.luban/package.json
  artifactKey: Guid(ff12bd64e92ccc647b703701cc341095) Importer(815301076,1909f56bfc062723c751e8b465ee728b)
Start importing Packages/com.code-philosophy.luban/package.json using Guid(ff12bd64e92ccc647b703701cc341095) Importer(815301076,1909f56bfc062723c751e8b465ee728b)  -> (artifact id: '00000000000000000000000000000000') in 0.000718 seconds
Import Error Code:(4)
Message: Build asset version error: packages/com.code-philosophy.luban/package.json in SourceAssetDB has modification time of '2024-06-06T09:11:14.4160437Z' while content on disk has modification time of '2024-06-06T09:11:32.0466182Z'
  ERROR: Build asset version error: packages/com.code-philosophy.luban/package.json in SourceAssetDB has modification time of '2024-06-06T09:11:14.4160437Z' while content on disk has modification time of '2024-06-06T09:11:32.0466182Z'
Number of updated asset objects reloaded before import = 0
Number of asset objects unloaded after import = 0
========================================================================
Received Import Request.
  Time since last request: 0.006139 seconds.
  path: Packages/com.code-philosophy.luban/package.json
  artifactKey: Guid(ff12bd64e92ccc647b703701cc341095) Importer(815301076,1909f56bfc062723c751e8b465ee728b)
Start importing Packages/com.code-philosophy.luban/package.json using Guid(ff12bd64e92ccc647b703701cc341095) Importer(815301076,1909f56bfc062723c751e8b465ee728b)  -> (artifact id: '00000000000000000000000000000000') in 0.000788 seconds
Import Error Code:(4)
Message: Build asset version error: packages/com.code-philosophy.luban/package.json in SourceAssetDB has modification time of '2024-06-06T09:11:14.4160437Z' while content on disk has modification time of '2024-06-06T09:11:32.0466182Z'
  ERROR: Build asset version error: packages/com.code-philosophy.luban/package.json in SourceAssetDB has modification time of '2024-06-06T09:11:14.4160437Z' while content on disk has modification time of '2024-06-06T09:11:32.0466182Z'
Number of updated asset objects reloaded before import = 0
Number of asset objects unloaded after import = 0
========================================================================
Received Import Request.
  Time since last request: 0.009012 seconds.
  path: Packages/com.code-philosophy.luban/package.json
  artifactKey: Guid(ff12bd64e92ccc647b703701cc341095) Importer(815301076,1909f56bfc062723c751e8b465ee728b)
Start importing Packages/com.code-philosophy.luban/package.json using Guid(ff12bd64e92ccc647b703701cc341095) Importer(815301076,1909f56bfc062723c751e8b465ee728b)  -> (artifact id: '00000000000000000000000000000000') in 0.000740 seconds
Import Error Code:(4)
Message: Build asset version error: packages/com.code-philosophy.luban/package.json in SourceAssetDB has modification time of '2024-06-06T09:11:14.4160437Z' while content on disk has modification time of '2024-06-06T09:11:32.0466182Z'
  ERROR: Build asset version error: packages/com.code-philosophy.luban/package.json in SourceAssetDB has modification time of '2024-06-06T09:11:14.4160437Z' while content on disk has modification time of '2024-06-06T09:11:32.0466182Z'
Number of updated asset objects reloaded before import = 0
Number of asset objects unloaded after import = 0
========================================================================
Received Import Request.
  Time since last request: 0.006611 seconds.
  path: Packages/com.code-philosophy.luban/package.json
  artifactKey: Guid(ff12bd64e92ccc647b703701cc341095) Importer(815301076,1909f56bfc062723c751e8b465ee728b)
Start importing Packages/com.code-philosophy.luban/package.json using Guid(ff12bd64e92ccc647b703701cc341095) Importer(815301076,1909f56bfc062723c751e8b465ee728b)  -> (artifact id: '00000000000000000000000000000000') in 0.000804 seconds
Import Error Code:(4)
Message: Build asset version error: packages/com.code-philosophy.luban/package.json in SourceAssetDB has modification time of '2024-06-06T09:11:14.4160437Z' while content on disk has modification time of '2024-06-06T09:11:32.0466182Z'
  ERROR: Build asset version error: packages/com.code-philosophy.luban/package.json in SourceAssetDB has modification time of '2024-06-06T09:11:14.4160437Z' while content on disk has modification time of '2024-06-06T09:11:32.0466182Z'
Number of updated asset objects reloaded before import = 0
Number of asset objects unloaded after import = 0
========================================================================
Received Import Request.
  Time since last request: 0.007222 seconds.
  path: Packages/com.code-philosophy.luban/package.json
  artifactKey: Guid(ff12bd64e92ccc647b703701cc341095) Importer(815301076,1909f56bfc062723c751e8b465ee728b)
Start importing Packages/com.code-philosophy.luban/package.json using Guid(ff12bd64e92ccc647b703701cc341095) Importer(815301076,1909f56bfc062723c751e8b465ee728b)  -> (artifact id: '00000000000000000000000000000000') in 0.000756 seconds
Import Error Code:(4)
Message: Build asset version error: packages/com.code-philosophy.luban/package.json in SourceAssetDB has modification time of '2024-06-06T09:11:14.4160437Z' while content on disk has modification time of '2024-06-06T09:11:32.0466182Z'
  ERROR: Build asset version error: packages/com.code-philosophy.luban/package.json in SourceAssetDB has modification time of '2024-06-06T09:11:14.4160437Z' while content on disk has modification time of '2024-06-06T09:11:32.0466182Z'
Number of updated asset objects reloaded before import = 0
Number of asset objects unloaded after import = 0
========================================================================
Received Import Request.
  Time since last request: 0.006893 seconds.
  path: Packages/com.code-philosophy.luban/package.json
  artifactKey: Guid(ff12bd64e92ccc647b703701cc341095) Importer(815301076,1909f56bfc062723c751e8b465ee728b)
Start importing Packages/com.code-philosophy.luban/package.json using Guid(ff12bd64e92ccc647b703701cc341095) Importer(815301076,1909f56bfc062723c751e8b465ee728b)  -> (artifact id: '00000000000000000000000000000000') in 0.000787 seconds
Import Error Code:(4)
Message: Build asset version error: packages/com.code-philosophy.luban/package.json in SourceAssetDB has modification time of '2024-06-06T09:11:14.4160437Z' while content on disk has modification time of '2024-06-06T09:11:32.0466182Z'
  ERROR: Build asset version error: packages/com.code-philosophy.luban/package.json in SourceAssetDB has modification time of '2024-06-06T09:11:14.4160437Z' while content on disk has modification time of '2024-06-06T09:11:32.0466182Z'
Number of updated asset objects reloaded before import = 0
Number of asset objects unloaded after import = 0
========================================================================
Received Import Request.
  Time since last request: 0.008046 seconds.
  path: Packages/com.code-philosophy.luban/package.json
  artifactKey: Guid(ff12bd64e92ccc647b703701cc341095) Importer(815301076,1909f56bfc062723c751e8b465ee728b)
Start importing Packages/com.code-philosophy.luban/package.json using Guid(ff12bd64e92ccc647b703701cc341095) Importer(815301076,1909f56bfc062723c751e8b465ee728b)  -> (artifact id: '00000000000000000000000000000000') in 0.000749 seconds
Import Error Code:(4)
Message: Build asset version error: packages/com.code-philosophy.luban/package.json in SourceAssetDB has modification time of '2024-06-06T09:11:14.4160437Z' while content on disk has modification time of '2024-06-06T09:11:32.0466182Z'
  ERROR: Build asset version error: packages/com.code-philosophy.luban/package.json in SourceAssetDB has modification time of '2024-06-06T09:11:14.4160437Z' while content on disk has modification time of '2024-06-06T09:11:32.0466182Z'
Number of updated asset objects reloaded before import = 0
Number of asset objects unloaded after import = 0
========================================================================
Received Import Request.
  Time since last request: 0.006870 seconds.
  path: Packages/com.code-philosophy.luban/package.json
  artifactKey: Guid(ff12bd64e92ccc647b703701cc341095) Importer(815301076,1909f56bfc062723c751e8b465ee728b)
Start importing Packages/com.code-philosophy.luban/package.json using Guid(ff12bd64e92ccc647b703701cc341095) Importer(815301076,1909f56bfc062723c751e8b465ee728b)  -> (artifact id: '00000000000000000000000000000000') in 0.001010 seconds
Import Error Code:(4)
Message: Build asset version error: packages/com.code-philosophy.luban/package.json in SourceAssetDB has modification time of '2024-06-06T09:11:14.4160437Z' while content on disk has modification time of '2024-06-06T09:11:32.0466182Z'
  ERROR: Build asset version error: packages/com.code-philosophy.luban/package.json in SourceAssetDB has modification time of '2024-06-06T09:11:14.4160437Z' while content on disk has modification time of '2024-06-06T09:11:32.0466182Z'
Number of updated asset objects reloaded before import = 0
Number of asset objects unloaded after import = 0
========================================================================
Received Import Request.
  Time since last request: 0.007011 seconds.
  path: Packages/com.code-philosophy.luban/package.json
  artifactKey: Guid(ff12bd64e92ccc647b703701cc341095) Importer(815301076,1909f56bfc062723c751e8b465ee728b)
Start importing Packages/com.code-philosophy.luban/package.json using Guid(ff12bd64e92ccc647b703701cc341095) Importer(815301076,1909f56bfc062723c751e8b465ee728b)  -> (artifact id: '00000000000000000000000000000000') in 0.000729 seconds
Import Error Code:(4)
Message: Build asset version error: packages/com.code-philosophy.luban/package.json in SourceAssetDB has modification time of '2024-06-06T09:11:14.4160437Z' while content on disk has modification time of '2024-06-06T09:11:32.0466182Z'
  ERROR: Build asset version error: packages/com.code-philosophy.luban/package.json in SourceAssetDB has modification time of '2024-06-06T09:11:14.4160437Z' while content on disk has modification time of '2024-06-06T09:11:32.0466182Z'
Number of updated asset objects reloaded before import = 0
Number of asset objects unloaded after import = 0
========================================================================
Received Import Request.
  Time since last request: 0.006712 seconds.
  path: Packages/com.code-philosophy.luban/package.json
  artifactKey: Guid(ff12bd64e92ccc647b703701cc341095) Importer(815301076,1909f56bfc062723c751e8b465ee728b)
Start importing Packages/com.code-philosophy.luban/package.json using Guid(ff12bd64e92ccc647b703701cc341095) Importer(815301076,1909f56bfc062723c751e8b465ee728b)  -> (artifact id: '00000000000000000000000000000000') in 0.000824 seconds
Import Error Code:(4)
Message: Build asset version error: packages/com.code-philosophy.luban/package.json in SourceAssetDB has modification time of '2024-06-06T09:11:14.4160437Z' while content on disk has modification time of '2024-06-06T09:11:32.0466182Z'
  ERROR: Build asset version error: packages/com.code-philosophy.luban/package.json in SourceAssetDB has modification time of '2024-06-06T09:11:14.4160437Z' while content on disk has modification time of '2024-06-06T09:11:32.0466182Z'
Number of updated asset objects reloaded before import = 0
Number of asset objects unloaded after import = 0
========================================================================
Received Import Request.
  Time since last request: 0.009156 seconds.
  path: Packages/com.code-philosophy.luban/package.json
  artifactKey: Guid(ff12bd64e92ccc647b703701cc341095) Importer(815301076,1909f56bfc062723c751e8b465ee728b)
Start importing Packages/com.code-philosophy.luban/package.json using Guid(ff12bd64e92ccc647b703701cc341095) Importer(815301076,1909f56bfc062723c751e8b465ee728b)  -> (artifact id: '00000000000000000000000000000000') in 0.000921 seconds
Import Error Code:(4)
Message: Build asset version error: packages/com.code-philosophy.luban/package.json in SourceAssetDB has modification time of '2024-06-06T09:11:14.4160437Z' while content on disk has modification time of '2024-06-06T09:11:32.0466182Z'
  ERROR: Build asset version error: packages/com.code-philosophy.luban/package.json in SourceAssetDB has modification time of '2024-06-06T09:11:14.4160437Z' while content on disk has modification time of '2024-06-06T09:11:32.0466182Z'
Number of updated asset objects reloaded before import = 0
Number of asset objects unloaded after import = 0
========================================================================
Received Import Request.
  Time since last request: 0.006746 seconds.
  path: Packages/com.code-philosophy.luban/package.json
  artifactKey: Guid(ff12bd64e92ccc647b703701cc341095) Importer(815301076,1909f56bfc062723c751e8b465ee728b)
Start importing Packages/com.code-philosophy.luban/package.json using Guid(ff12bd64e92ccc647b703701cc341095) Importer(815301076,1909f56bfc062723c751e8b465ee728b)  -> (artifact id: '00000000000000000000000000000000') in 0.000986 seconds
Import Error Code:(4)
Message: Build asset version error: packages/com.code-philosophy.luban/package.json in SourceAssetDB has modification time of '2024-06-06T09:11:14.4160437Z' while content on disk has modification time of '2024-06-06T09:11:32.0466182Z'
  ERROR: Build asset version error: packages/com.code-philosophy.luban/package.json in SourceAssetDB has modification time of '2024-06-06T09:11:14.4160437Z' while content on disk has modification time of '2024-06-06T09:11:32.0466182Z'
Number of updated asset objects reloaded before import = 0
Number of asset objects unloaded after import = 0
========================================================================
Received Import Request.
  Time since last request: 0.006995 seconds.
  path: Packages/com.code-philosophy.luban/package.json
  artifactKey: Guid(ff12bd64e92ccc647b703701cc341095) Importer(815301076,1909f56bfc062723c751e8b465ee728b)
Start importing Packages/com.code-philosophy.luban/package.json using Guid(ff12bd64e92ccc647b703701cc341095) Importer(815301076,1909f56bfc062723c751e8b465ee728b)  -> (artifact id: '00000000000000000000000000000000') in 0.000892 seconds
Import Error Code:(4)
Message: Build asset version error: packages/com.code-philosophy.luban/package.json in SourceAssetDB has modification time of '2024-06-06T09:11:14.4160437Z' while content on disk has modification time of '2024-06-06T09:11:32.0466182Z'
  ERROR: Build asset version error: packages/com.code-philosophy.luban/package.json in SourceAssetDB has modification time of '2024-06-06T09:11:14.4160437Z' while content on disk has modification time of '2024-06-06T09:11:32.0466182Z'
Number of updated asset objects reloaded before import = 0
Number of asset objects unloaded after import = 0
========================================================================
Received Import Request.
  Time since last request: 0.006877 seconds.
  path: Packages/com.code-philosophy.luban/package.json
  artifactKey: Guid(ff12bd64e92ccc647b703701cc341095) Importer(815301076,1909f56bfc062723c751e8b465ee728b)
Start importing Packages/com.code-philosophy.luban/package.json using Guid(ff12bd64e92ccc647b703701cc341095) Importer(815301076,1909f56bfc062723c751e8b465ee728b)  -> (artifact id: '00000000000000000000000000000000') in 0.001183 seconds
Import Error Code:(4)
Message: Build asset version error: packages/com.code-philosophy.luban/package.json in SourceAssetDB has modification time of '2024-06-06T09:11:14.4160437Z' while content on disk has modification time of '2024-06-06T09:11:32.0466182Z'
  ERROR: Build asset version error: packages/com.code-philosophy.luban/package.json in SourceAssetDB has modification time of '2024-06-06T09:11:14.4160437Z' while content on disk has modification time of '2024-06-06T09:11:32.0466182Z'
Number of updated asset objects reloaded before import = 0
Number of asset objects unloaded after import = 0
========================================================================
Received Import Request.
  Time since last request: 0.006836 seconds.
  path: Packages/com.code-philosophy.luban/package.json
  artifactKey: Guid(ff12bd64e92ccc647b703701cc341095) Importer(815301076,1909f56bfc062723c751e8b465ee728b)
Start importing Packages/com.code-philosophy.luban/package.json using Guid(ff12bd64e92ccc647b703701cc341095) Importer(815301076,1909f56bfc062723c751e8b465ee728b)  -> (artifact id: '00000000000000000000000000000000') in 0.000795 seconds
Import Error Code:(4)
Message: Build asset version error: packages/com.code-philosophy.luban/package.json in SourceAssetDB has modification time of '2024-06-06T09:11:14.4160437Z' while content on disk has modification time of '2024-06-06T09:11:32.0466182Z'
  ERROR: Build asset version error: packages/com.code-philosophy.luban/package.json in SourceAssetDB has modification time of '2024-06-06T09:11:14.4160437Z' while content on disk has modification time of '2024-06-06T09:11:32.0466182Z'
Number of updated asset objects reloaded before import = 0
Number of asset objects unloaded after import = 0
========================================================================
Received Import Request.
  Time since last request: 0.006529 seconds.
  path: Packages/com.code-philosophy.luban/package.json
  artifactKey: Guid(ff12bd64e92ccc647b703701cc341095) Importer(815301076,1909f56bfc062723c751e8b465ee728b)
Start importing Packages/com.code-philosophy.luban/package.json using Guid(ff12bd64e92ccc647b703701cc341095) Importer(815301076,1909f56bfc062723c751e8b465ee728b)  -> (artifact id: '00000000000000000000000000000000') in 0.001209 seconds
Import Error Code:(4)
Message: Build asset version error: packages/com.code-philosophy.luban/package.json in SourceAssetDB has modification time of '2024-06-06T09:11:14.4160437Z' while content on disk has modification time of '2024-06-06T09:11:32.0466182Z'
  ERROR: Build asset version error: packages/com.code-philosophy.luban/package.json in SourceAssetDB has modification time of '2024-06-06T09:11:14.4160437Z' while content on disk has modification time of '2024-06-06T09:11:32.0466182Z'
Number of updated asset objects reloaded before import = 0
Number of asset objects unloaded after import = 0
========================================================================
Received Import Request.
  Time since last request: 0.006983 seconds.
  path: Packages/com.code-philosophy.luban/package.json
  artifactKey: Guid(ff12bd64e92ccc647b703701cc341095) Importer(815301076,1909f56bfc062723c751e8b465ee728b)
Start importing Packages/com.code-philosophy.luban/package.json using Guid(ff12bd64e92ccc647b703701cc341095) Importer(815301076,1909f56bfc062723c751e8b465ee728b)  -> (artifact id: '00000000000000000000000000000000') in 0.000766 seconds
Import Error Code:(4)
Message: Build asset version error: packages/com.code-philosophy.luban/package.json in SourceAssetDB has modification time of '2024-06-06T09:11:14.4160437Z' while content on disk has modification time of '2024-06-06T09:11:32.0466182Z'
  ERROR: Build asset version error: packages/com.code-philosophy.luban/package.json in SourceAssetDB has modification time of '2024-06-06T09:11:14.4160437Z' while content on disk has modification time of '2024-06-06T09:11:32.0466182Z'
Number of updated asset objects reloaded before import = 0
Number of asset objects unloaded after import = 0
========================================================================
Received Import Request.
  Time since last request: 0.006370 seconds.
  path: Packages/com.code-philosophy.luban/package.json
  artifactKey: Guid(ff12bd64e92ccc647b703701cc341095) Importer(815301076,1909f56bfc062723c751e8b465ee728b)
Start importing Packages/com.code-philosophy.luban/package.json using Guid(ff12bd64e92ccc647b703701cc341095) Importer(815301076,1909f56bfc062723c751e8b465ee728b)  -> (artifact id: '00000000000000000000000000000000') in 0.000757 seconds
Import Error Code:(4)
Message: Build asset version error: packages/com.code-philosophy.luban/package.json in SourceAssetDB has modification time of '2024-06-06T09:11:14.4160437Z' while content on disk has modification time of '2024-06-06T09:11:32.0466182Z'
  ERROR: Build asset version error: packages/com.code-philosophy.luban/package.json in SourceAssetDB has modification time of '2024-06-06T09:11:14.4160437Z' while content on disk has modification time of '2024-06-06T09:11:32.0466182Z'
Number of updated asset objects reloaded before import = 0
Number of asset objects unloaded after import = 0
========================================================================
Received Import Request.
  Time since last request: 0.008017 seconds.
  path: Packages/com.code-philosophy.luban/package.json
  artifactKey: Guid(ff12bd64e92ccc647b703701cc341095) Importer(815301076,1909f56bfc062723c751e8b465ee728b)
Start importing Packages/com.code-philosophy.luban/package.json using Guid(ff12bd64e92ccc647b703701cc341095) Importer(815301076,1909f56bfc062723c751e8b465ee728b)  -> (artifact id: '00000000000000000000000000000000') in 0.000721 seconds
Import Error Code:(4)
Message: Build asset version error: packages/com.code-philosophy.luban/package.json in SourceAssetDB has modification time of '2024-06-06T09:11:14.4160437Z' while content on disk has modification time of '2024-06-06T09:11:32.0466182Z'
  ERROR: Build asset version error: packages/com.code-philosophy.luban/package.json in SourceAssetDB has modification time of '2024-06-06T09:11:14.4160437Z' while content on disk has modification time of '2024-06-06T09:11:32.0466182Z'
Number of updated asset objects reloaded before import = 0
Number of asset objects unloaded after import = 0
========================================================================
Received Import Request.
  Time since last request: 0.006437 seconds.
  path: Packages/com.code-philosophy.luban/package.json
  artifactKey: Guid(ff12bd64e92ccc647b703701cc341095) Importer(815301076,1909f56bfc062723c751e8b465ee728b)
Start importing Packages/com.code-philosophy.luban/package.json using Guid(ff12bd64e92ccc647b703701cc341095) Importer(815301076,1909f56bfc062723c751e8b465ee728b)  -> (artifact id: '00000000000000000000000000000000') in 0.000768 seconds
Import Error Code:(4)
Message: Build asset version error: packages/com.code-philosophy.luban/package.json in SourceAssetDB has modification time of '2024-06-06T09:11:14.4160437Z' while content on disk has modification time of '2024-06-06T09:11:32.0466182Z'
  ERROR: Build asset version error: packages/com.code-philosophy.luban/package.json in SourceAssetDB has modification time of '2024-06-06T09:11:14.4160437Z' while content on disk has modification time of '2024-06-06T09:11:32.0466182Z'
Number of updated asset objects reloaded before import = 0
Number of asset objects unloaded after import = 0
========================================================================
Received Import Request.
  Time since last request: 0.007521 seconds.
  path: Packages/com.code-philosophy.luban/package.json
  artifactKey: Guid(ff12bd64e92ccc647b703701cc341095) Importer(815301076,1909f56bfc062723c751e8b465ee728b)
Start importing Packages/com.code-philosophy.luban/package.json using Guid(ff12bd64e92ccc647b703701cc341095) Importer(815301076,1909f56bfc062723c751e8b465ee728b)  -> (artifact id: '00000000000000000000000000000000') in 0.000722 seconds
Import Error Code:(4)
Message: Build asset version error: packages/com.code-philosophy.luban/package.json in SourceAssetDB has modification time of '2024-06-06T09:11:14.4160437Z' while content on disk has modification time of '2024-06-06T09:11:32.0466182Z'
  ERROR: Build asset version error: packages/com.code-philosophy.luban/package.json in SourceAssetDB has modification time of '2024-06-06T09:11:14.4160437Z' while content on disk has modification time of '2024-06-06T09:11:32.0466182Z'
Number of updated asset objects reloaded before import = 0
Number of asset objects unloaded after import = 0
========================================================================
Received Import Request.
  Time since last request: 0.007517 seconds.
  path: Packages/com.code-philosophy.luban/package.json
  artifactKey: Guid(ff12bd64e92ccc647b703701cc341095) Importer(815301076,1909f56bfc062723c751e8b465ee728b)
Start importing Packages/com.code-philosophy.luban/package.json using Guid(ff12bd64e92ccc647b703701cc341095) Importer(815301076,1909f56bfc062723c751e8b465ee728b)  -> (artifact id: '00000000000000000000000000000000') in 0.000796 seconds
Import Error Code:(4)
Message: Build asset version error: packages/com.code-philosophy.luban/package.json in SourceAssetDB has modification time of '2024-06-06T09:11:14.4160437Z' while content on disk has modification time of '2024-06-06T09:11:32.0466182Z'
  ERROR: Build asset version error: packages/com.code-philosophy.luban/package.json in SourceAssetDB has modification time of '2024-06-06T09:11:14.4160437Z' while content on disk has modification time of '2024-06-06T09:11:32.0466182Z'
Number of updated asset objects reloaded before import = 0
Number of asset objects unloaded after import = 0
========================================================================
Received Import Request.
  Time since last request: 0.007930 seconds.
  path: Packages/com.code-philosophy.luban/package.json
  artifactKey: Guid(ff12bd64e92ccc647b703701cc341095) Importer(815301076,1909f56bfc062723c751e8b465ee728b)
Start importing Packages/com.code-philosophy.luban/package.json using Guid(ff12bd64e92ccc647b703701cc341095) Importer(815301076,1909f56bfc062723c751e8b465ee728b)  -> (artifact id: '00000000000000000000000000000000') in 0.000723 seconds
Import Error Code:(4)
Message: Build asset version error: packages/com.code-philosophy.luban/package.json in SourceAssetDB has modification time of '2024-06-06T09:11:14.4160437Z' while content on disk has modification time of '2024-06-06T09:11:32.0466182Z'
  ERROR: Build asset version error: packages/com.code-philosophy.luban/package.json in SourceAssetDB has modification time of '2024-06-06T09:11:14.4160437Z' while content on disk has modification time of '2024-06-06T09:11:32.0466182Z'
Number of updated asset objects reloaded before import = 0
Number of asset objects unloaded after import = 0
========================================================================
Received Import Request.
  Time since last request: 0.008326 seconds.
  path: Packages/com.code-philosophy.luban/package.json
  artifactKey: Guid(ff12bd64e92ccc647b703701cc341095) Importer(815301076,1909f56bfc062723c751e8b465ee728b)
Start importing Packages/com.code-philosophy.luban/package.json using Guid(ff12bd64e92ccc647b703701cc341095) Importer(815301076,1909f56bfc062723c751e8b465ee728b)  -> (artifact id: '00000000000000000000000000000000') in 0.001099 seconds
Import Error Code:(4)
Message: Build asset version error: packages/com.code-philosophy.luban/package.json in SourceAssetDB has modification time of '2024-06-06T09:11:14.4160437Z' while content on disk has modification time of '2024-06-06T09:11:32.0466182Z'
  ERROR: Build asset version error: packages/com.code-philosophy.luban/package.json in SourceAssetDB has modification time of '2024-06-06T09:11:14.4160437Z' while content on disk has modification time of '2024-06-06T09:11:32.0466182Z'
Number of updated asset objects reloaded before import = 0
Number of asset objects unloaded after import = 0
========================================================================
Received Import Request.
  Time since last request: 0.007980 seconds.
  path: Packages/com.code-philosophy.luban/package.json
  artifactKey: Guid(ff12bd64e92ccc647b703701cc341095) Importer(815301076,1909f56bfc062723c751e8b465ee728b)
Start importing Packages/com.code-philosophy.luban/package.json using Guid(ff12bd64e92ccc647b703701cc341095) Importer(815301076,1909f56bfc062723c751e8b465ee728b)  -> (artifact id: '00000000000000000000000000000000') in 0.000708 seconds
Import Error Code:(4)
Message: Build asset version error: packages/com.code-philosophy.luban/package.json in SourceAssetDB has modification time of '2024-06-06T09:11:14.4160437Z' while content on disk has modification time of '2024-06-06T09:11:32.0466182Z'
  ERROR: Build asset version error: packages/com.code-philosophy.luban/package.json in SourceAssetDB has modification time of '2024-06-06T09:11:14.4160437Z' while content on disk has modification time of '2024-06-06T09:11:32.0466182Z'
Number of updated asset objects reloaded before import = 0
Number of asset objects unloaded after import = 0
========================================================================
Received Import Request.
  Time since last request: 0.009119 seconds.
  path: Packages/com.code-philosophy.luban/package.json
  artifactKey: Guid(ff12bd64e92ccc647b703701cc341095) Importer(815301076,1909f56bfc062723c751e8b465ee728b)
Start importing Packages/com.code-philosophy.luban/package.json using Guid(ff12bd64e92ccc647b703701cc341095) Importer(815301076,1909f56bfc062723c751e8b465ee728b)  -> (artifact id: '00000000000000000000000000000000') in 0.000863 seconds
Import Error Code:(4)
Message: Build asset version error: packages/com.code-philosophy.luban/package.json in SourceAssetDB has modification time of '2024-06-06T09:11:14.4160437Z' while content on disk has modification time of '2024-06-06T09:11:32.0466182Z'
  ERROR: Build asset version error: packages/com.code-philosophy.luban/package.json in SourceAssetDB has modification time of '2024-06-06T09:11:14.4160437Z' while content on disk has modification time of '2024-06-06T09:11:32.0466182Z'
Number of updated asset objects reloaded before import = 0
Number of asset objects unloaded after import = 0
========================================================================
Received Import Request.
  Time since last request: 0.007338 seconds.
  path: Packages/com.code-philosophy.luban/package.json
  artifactKey: Guid(ff12bd64e92ccc647b703701cc341095) Importer(815301076,1909f56bfc062723c751e8b465ee728b)
Start importing Packages/com.code-philosophy.luban/package.json using Guid(ff12bd64e92ccc647b703701cc341095) Importer(815301076,1909f56bfc062723c751e8b465ee728b)  -> (artifact id: '00000000000000000000000000000000') in 0.000719 seconds
Import Error Code:(4)
Message: Build asset version error: packages/com.code-philosophy.luban/package.json in SourceAssetDB has modification time of '2024-06-06T09:11:14.4160437Z' while content on disk has modification time of '2024-06-06T09:11:32.0466182Z'
  ERROR: Build asset version error: packages/com.code-philosophy.luban/package.json in SourceAssetDB has modification time of '2024-06-06T09:11:14.4160437Z' while content on disk has modification time of '2024-06-06T09:11:32.0466182Z'
Number of updated asset objects reloaded before import = 0
Number of asset objects unloaded after import = 0
========================================================================
Received Import Request.
  Time since last request: 0.008762 seconds.
  path: Packages/com.code-philosophy.luban/package.json
  artifactKey: Guid(ff12bd64e92ccc647b703701cc341095) Importer(815301076,1909f56bfc062723c751e8b465ee728b)
Start importing Packages/com.code-philosophy.luban/package.json using Guid(ff12bd64e92ccc647b703701cc341095) Importer(815301076,1909f56bfc062723c751e8b465ee728b)  -> (artifact id: '00000000000000000000000000000000') in 0.000719 seconds
Import Error Code:(4)
Message: Build asset version error: packages/com.code-philosophy.luban/package.json in SourceAssetDB has modification time of '2024-06-06T09:11:14.4160437Z' while content on disk has modification time of '2024-06-06T09:11:32.0466182Z'
  ERROR: Build asset version error: packages/com.code-philosophy.luban/package.json in SourceAssetDB has modification time of '2024-06-06T09:11:14.4160437Z' while content on disk has modification time of '2024-06-06T09:11:32.0466182Z'
Number of updated asset objects reloaded before import = 0
Number of asset objects unloaded after import = 0
========================================================================
Received Import Request.
  Time since last request: 0.006289 seconds.
  path: Packages/com.code-philosophy.luban/package.json
  artifactKey: Guid(ff12bd64e92ccc647b703701cc341095) Importer(815301076,1909f56bfc062723c751e8b465ee728b)
Start importing Packages/com.code-philosophy.luban/package.json using Guid(ff12bd64e92ccc647b703701cc341095) Importer(815301076,1909f56bfc062723c751e8b465ee728b)  -> (artifact id: '00000000000000000000000000000000') in 0.000751 seconds
Import Error Code:(4)
Message: Build asset version error: packages/com.code-philosophy.luban/package.json in SourceAssetDB has modification time of '2024-06-06T09:11:14.4160437Z' while content on disk has modification time of '2024-06-06T09:11:32.0466182Z'
  ERROR: Build asset version error: packages/com.code-philosophy.luban/package.json in SourceAssetDB has modification time of '2024-06-06T09:11:14.4160437Z' while content on disk has modification time of '2024-06-06T09:11:32.0466182Z'
Number of updated asset objects reloaded before import = 0
Number of asset objects unloaded after import = 0
========================================================================
Received Import Request.
  Time since last request: 0.007779 seconds.
  path: Packages/com.code-philosophy.luban/package.json
  artifactKey: Guid(ff12bd64e92ccc647b703701cc341095) Importer(815301076,1909f56bfc062723c751e8b465ee728b)
Start importing Packages/com.code-philosophy.luban/package.json using Guid(ff12bd64e92ccc647b703701cc341095) Importer(815301076,1909f56bfc062723c751e8b465ee728b)  -> (artifact id: '00000000000000000000000000000000') in 0.000732 seconds
Import Error Code:(4)
Message: Build asset version error: packages/com.code-philosophy.luban/package.json in SourceAssetDB has modification time of '2024-06-06T09:11:14.4160437Z' while content on disk has modification time of '2024-06-06T09:11:32.0466182Z'
  ERROR: Build asset version error: packages/com.code-philosophy.luban/package.json in SourceAssetDB has modification time of '2024-06-06T09:11:14.4160437Z' while content on disk has modification time of '2024-06-06T09:11:32.0466182Z'
Number of updated asset objects reloaded before import = 0
Number of asset objects unloaded after import = 0
========================================================================
Received Import Request.
  Time since last request: 0.006713 seconds.
  path: Packages/com.code-philosophy.luban/package.json
  artifactKey: Guid(ff12bd64e92ccc647b703701cc341095) Importer(815301076,1909f56bfc062723c751e8b465ee728b)
Start importing Packages/com.code-philosophy.luban/package.json using Guid(ff12bd64e92ccc647b703701cc341095) Importer(815301076,1909f56bfc062723c751e8b465ee728b)  -> (artifact id: '00000000000000000000000000000000') in 0.000745 seconds
Import Error Code:(4)
Message: Build asset version error: packages/com.code-philosophy.luban/package.json in SourceAssetDB has modification time of '2024-06-06T09:11:14.4160437Z' while content on disk has modification time of '2024-06-06T09:11:32.0466182Z'
  ERROR: Build asset version error: packages/com.code-philosophy.luban/package.json in SourceAssetDB has modification time of '2024-06-06T09:11:14.4160437Z' while content on disk has modification time of '2024-06-06T09:11:32.0466182Z'
Number of updated asset objects reloaded before import = 0
Number of asset objects unloaded after import = 0
========================================================================
Received Import Request.
  Time since last request: 0.009086 seconds.
  path: Packages/com.code-philosophy.luban/package.json
  artifactKey: Guid(ff12bd64e92ccc647b703701cc341095) Importer(815301076,1909f56bfc062723c751e8b465ee728b)
Start importing Packages/com.code-philosophy.luban/package.json using Guid(ff12bd64e92ccc647b703701cc341095) Importer(815301076,1909f56bfc062723c751e8b465ee728b)  -> (artifact id: '00000000000000000000000000000000') in 0.000756 seconds
Import Error Code:(4)
Message: Build asset version error: packages/com.code-philosophy.luban/package.json in SourceAssetDB has modification time of '2024-06-06T09:11:14.4160437Z' while content on disk has modification time of '2024-06-06T09:11:32.0466182Z'
  ERROR: Build asset version error: packages/com.code-philosophy.luban/package.json in SourceAssetDB has modification time of '2024-06-06T09:11:14.4160437Z' while content on disk has modification time of '2024-06-06T09:11:32.0466182Z'
Number of updated asset objects reloaded before import = 0
Number of asset objects unloaded after import = 0
========================================================================
Received Import Request.
  Time since last request: 0.006631 seconds.
  path: Packages/com.code-philosophy.luban/package.json
  artifactKey: Guid(ff12bd64e92ccc647b703701cc341095) Importer(815301076,1909f56bfc062723c751e8b465ee728b)
Start importing Packages/com.code-philosophy.luban/package.json using Guid(ff12bd64e92ccc647b703701cc341095) Importer(815301076,1909f56bfc062723c751e8b465ee728b)  -> (artifact id: '00000000000000000000000000000000') in 0.000939 seconds
Import Error Code:(4)
Message: Build asset version error: packages/com.code-philosophy.luban/package.json in SourceAssetDB has modification time of '2024-06-06T09:11:14.4160437Z' while content on disk has modification time of '2024-06-06T09:11:32.0466182Z'
  ERROR: Build asset version error: packages/com.code-philosophy.luban/package.json in SourceAssetDB has modification time of '2024-06-06T09:11:14.4160437Z' while content on disk has modification time of '2024-06-06T09:11:32.0466182Z'
Number of updated asset objects reloaded before import = 0
Number of asset objects unloaded after import = 0
========================================================================
Received Import Request.
  Time since last request: 0.007735 seconds.
  path: Packages/com.code-philosophy.luban/package.json
  artifactKey: Guid(ff12bd64e92ccc647b703701cc341095) Importer(815301076,1909f56bfc062723c751e8b465ee728b)
Start importing Packages/com.code-philosophy.luban/package.json using Guid(ff12bd64e92ccc647b703701cc341095) Importer(815301076,1909f56bfc062723c751e8b465ee728b)  -> (artifact id: '00000000000000000000000000000000') in 0.000727 seconds
Import Error Code:(4)
Message: Build asset version error: packages/com.code-philosophy.luban/package.json in SourceAssetDB has modification time of '2024-06-06T09:11:14.4160437Z' while content on disk has modification time of '2024-06-06T09:11:32.0466182Z'
  ERROR: Build asset version error: packages/com.code-philosophy.luban/package.json in SourceAssetDB has modification time of '2024-06-06T09:11:14.4160437Z' while content on disk has modification time of '2024-06-06T09:11:32.0466182Z'
Number of updated asset objects reloaded before import = 0
Number of asset objects unloaded after import = 0
========================================================================
Received Import Request.
  Time since last request: 0.006433 seconds.
  path: Packages/com.code-philosophy.luban/package.json
  artifactKey: Guid(ff12bd64e92ccc647b703701cc341095) Importer(815301076,1909f56bfc062723c751e8b465ee728b)
Start importing Packages/com.code-philosophy.luban/package.json using Guid(ff12bd64e92ccc647b703701cc341095) Importer(815301076,1909f56bfc062723c751e8b465ee728b)  -> (artifact id: '00000000000000000000000000000000') in 0.000797 seconds
Import Error Code:(4)
Message: Build asset version error: packages/com.code-philosophy.luban/package.json in SourceAssetDB has modification time of '2024-06-06T09:11:14.4160437Z' while content on disk has modification time of '2024-06-06T09:11:32.0466182Z'
  ERROR: Build asset version error: packages/com.code-philosophy.luban/package.json in SourceAssetDB has modification time of '2024-06-06T09:11:14.4160437Z' while content on disk has modification time of '2024-06-06T09:11:32.0466182Z'
Number of updated asset objects reloaded before import = 0
Number of asset objects unloaded after import = 0
========================================================================
Received Import Request.
  Time since last request: 0.008127 seconds.
  path: Packages/com.code-philosophy.luban/package.json
  artifactKey: Guid(ff12bd64e92ccc647b703701cc341095) Importer(815301076,1909f56bfc062723c751e8b465ee728b)
Start importing Packages/com.code-philosophy.luban/package.json using Guid(ff12bd64e92ccc647b703701cc341095) Importer(815301076,1909f56bfc062723c751e8b465ee728b)  -> (artifact id: '00000000000000000000000000000000') in 0.000721 seconds
Import Error Code:(4)
Message: Build asset version error: packages/com.code-philosophy.luban/package.json in SourceAssetDB has modification time of '2024-06-06T09:11:14.4160437Z' while content on disk has modification time of '2024-06-06T09:11:32.0466182Z'
  ERROR: Build asset version error: packages/com.code-philosophy.luban/package.json in SourceAssetDB has modification time of '2024-06-06T09:11:14.4160437Z' while content on disk has modification time of '2024-06-06T09:11:32.0466182Z'
Number of updated asset objects reloaded before import = 0
Number of asset objects unloaded after import = 0
========================================================================
Received Import Request.
  Time since last request: 0.006755 seconds.
  path: Packages/com.code-philosophy.luban/package.json
  artifactKey: Guid(ff12bd64e92ccc647b703701cc341095) Importer(815301076,1909f56bfc062723c751e8b465ee728b)
Start importing Packages/com.code-philosophy.luban/package.json using Guid(ff12bd64e92ccc647b703701cc341095) Importer(815301076,1909f56bfc062723c751e8b465ee728b)  -> (artifact id: '00000000000000000000000000000000') in 0.000782 seconds
Import Error Code:(4)
Message: Build asset version error: packages/com.code-philosophy.luban/package.json in SourceAssetDB has modification time of '2024-06-06T09:11:14.4160437Z' while content on disk has modification time of '2024-06-06T09:11:32.0466182Z'
  ERROR: Build asset version error: packages/com.code-philosophy.luban/package.json in SourceAssetDB has modification time of '2024-06-06T09:11:14.4160437Z' while content on disk has modification time of '2024-06-06T09:11:32.0466182Z'
Number of updated asset objects reloaded before import = 0
Number of asset objects unloaded after import = 0
========================================================================
Received Import Request.
  Time since last request: 0.008813 seconds.
  path: Packages/com.code-philosophy.luban/package.json
  artifactKey: Guid(ff12bd64e92ccc647b703701cc341095) Importer(815301076,1909f56bfc062723c751e8b465ee728b)
Start importing Packages/com.code-philosophy.luban/package.json using Guid(ff12bd64e92ccc647b703701cc341095) Importer(815301076,1909f56bfc062723c751e8b465ee728b)  -> (artifact id: '00000000000000000000000000000000') in 0.000733 seconds
Import Error Code:(4)
Message: Build asset version error: packages/com.code-philosophy.luban/package.json in SourceAssetDB has modification time of '2024-06-06T09:11:14.4160437Z' while content on disk has modification time of '2024-06-06T09:11:32.0466182Z'
  ERROR: Build asset version error: packages/com.code-philosophy.luban/package.json in SourceAssetDB has modification time of '2024-06-06T09:11:14.4160437Z' while content on disk has modification time of '2024-06-06T09:11:32.0466182Z'
Number of updated asset objects reloaded before import = 0
Number of asset objects unloaded after import = 0
========================================================================
Received Import Request.
  Time since last request: 0.007234 seconds.
  path: Packages/com.code-philosophy.luban/package.json
  artifactKey: Guid(ff12bd64e92ccc647b703701cc341095) Importer(815301076,1909f56bfc062723c751e8b465ee728b)
Start importing Packages/com.code-philosophy.luban/package.json using Guid(ff12bd64e92ccc647b703701cc341095) Importer(815301076,1909f56bfc062723c751e8b465ee728b)  -> (artifact id: '00000000000000000000000000000000') in 0.001240 seconds
Import Error Code:(4)
Message: Build asset version error: packages/com.code-philosophy.luban/package.json in SourceAssetDB has modification time of '2024-06-06T09:11:14.4160437Z' while content on disk has modification time of '2024-06-06T09:11:32.0466182Z'
  ERROR: Build asset version error: packages/com.code-philosophy.luban/package.json in SourceAssetDB has modification time of '2024-06-06T09:11:14.4160437Z' while content on disk has modification time of '2024-06-06T09:11:32.0466182Z'
Number of updated asset objects reloaded before import = 0
Number of asset objects unloaded after import = 0
========================================================================
Received Import Request.
  Time since last request: 0.006835 seconds.
  path: Packages/com.code-philosophy.luban/package.json
  artifactKey: Guid(ff12bd64e92ccc647b703701cc341095) Importer(815301076,1909f56bfc062723c751e8b465ee728b)
Start importing Packages/com.code-philosophy.luban/package.json using Guid(ff12bd64e92ccc647b703701cc341095) Importer(815301076,1909f56bfc062723c751e8b465ee728b)  -> (artifact id: '00000000000000000000000000000000') in 0.000744 seconds
Import Error Code:(4)
Message: Build asset version error: packages/com.code-philosophy.luban/package.json in SourceAssetDB has modification time of '2024-06-06T09:11:14.4160437Z' while content on disk has modification time of '2024-06-06T09:11:32.0466182Z'
  ERROR: Build asset version error: packages/com.code-philosophy.luban/package.json in SourceAssetDB has modification time of '2024-06-06T09:11:14.4160437Z' while content on disk has modification time of '2024-06-06T09:11:32.0466182Z'
Number of updated asset objects reloaded before import = 0
Number of asset objects unloaded after import = 0
========================================================================
Received Import Request.
  Time since last request: 0.007027 seconds.
  path: Packages/com.code-philosophy.luban/package.json
  artifactKey: Guid(ff12bd64e92ccc647b703701cc341095) Importer(815301076,1909f56bfc062723c751e8b465ee728b)
Start importing Packages/com.code-philosophy.luban/package.json using Guid(ff12bd64e92ccc647b703701cc341095) Importer(815301076,1909f56bfc062723c751e8b465ee728b)  -> (artifact id: '00000000000000000000000000000000') in 0.000770 seconds
Import Error Code:(4)
Message: Build asset version error: packages/com.code-philosophy.luban/package.json in SourceAssetDB has modification time of '2024-06-06T09:11:14.4160437Z' while content on disk has modification time of '2024-06-06T09:11:32.0466182Z'
  ERROR: Build asset version error: packages/com.code-philosophy.luban/package.json in SourceAssetDB has modification time of '2024-06-06T09:11:14.4160437Z' while content on disk has modification time of '2024-06-06T09:11:32.0466182Z'
Number of updated asset objects reloaded before import = 0
Number of asset objects unloaded after import = 0
========================================================================
Received Import Request.
  Time since last request: 0.007917 seconds.
  path: Packages/com.code-philosophy.luban/package.json
  artifactKey: Guid(ff12bd64e92ccc647b703701cc341095) Importer(815301076,1909f56bfc062723c751e8b465ee728b)
Start importing Packages/com.code-philosophy.luban/package.json using Guid(ff12bd64e92ccc647b703701cc341095) Importer(815301076,1909f56bfc062723c751e8b465ee728b)  -> (artifact id: '00000000000000000000000000000000') in 0.000737 seconds
Import Error Code:(4)
Message: Build asset version error: packages/com.code-philosophy.luban/package.json in SourceAssetDB has modification time of '2024-06-06T09:11:14.4160437Z' while content on disk has modification time of '2024-06-06T09:11:32.0466182Z'
  ERROR: Build asset version error: packages/com.code-philosophy.luban/package.json in SourceAssetDB has modification time of '2024-06-06T09:11:14.4160437Z' while content on disk has modification time of '2024-06-06T09:11:32.0466182Z'
Number of updated asset objects reloaded before import = 0
Number of asset objects unloaded after import = 0
========================================================================
Received Import Request.
  Time since last request: 0.006728 seconds.
  path: Packages/com.code-philosophy.luban/package.json
  artifactKey: Guid(ff12bd64e92ccc647b703701cc341095) Importer(815301076,1909f56bfc062723c751e8b465ee728b)
Start importing Packages/com.code-philosophy.luban/package.json using Guid(ff12bd64e92ccc647b703701cc341095) Importer(815301076,1909f56bfc062723c751e8b465ee728b)  -> (artifact id: '00000000000000000000000000000000') in 0.001202 seconds
Import Error Code:(4)
Message: Build asset version error: packages/com.code-philosophy.luban/package.json in SourceAssetDB has modification time of '2024-06-06T09:11:14.4160437Z' while content on disk has modification time of '2024-06-06T09:11:32.0466182Z'
  ERROR: Build asset version error: packages/com.code-philosophy.luban/package.json in SourceAssetDB has modification time of '2024-06-06T09:11:14.4160437Z' while content on disk has modification time of '2024-06-06T09:11:32.0466182Z'
Number of updated asset objects reloaded before import = 0
Number of asset objects unloaded after import = 0
========================================================================
Received Import Request.
  Time since last request: 0.006907 seconds.
  path: Packages/com.code-philosophy.luban/package.json
  artifactKey: Guid(ff12bd64e92ccc647b703701cc341095) Importer(815301076,1909f56bfc062723c751e8b465ee728b)
Start importing Packages/com.code-philosophy.luban/package.json using Guid(ff12bd64e92ccc647b703701cc341095) Importer(815301076,1909f56bfc062723c751e8b465ee728b)  -> (artifact id: '00000000000000000000000000000000') in 0.000712 seconds
Import Error Code:(4)
Message: Build asset version error: packages/com.code-philosophy.luban/package.json in SourceAssetDB has modification time of '2024-06-06T09:11:14.4160437Z' while content on disk has modification time of '2024-06-06T09:11:32.0466182Z'
  ERROR: Build asset version error: packages/com.code-philosophy.luban/package.json in SourceAssetDB has modification time of '2024-06-06T09:11:14.4160437Z' while content on disk has modification time of '2024-06-06T09:11:32.0466182Z'
Number of updated asset objects reloaded before import = 0
Number of asset objects unloaded after import = 0
========================================================================
Received Import Request.
  Time since last request: 0.007072 seconds.
  path: Packages/com.code-philosophy.luban/package.json
  artifactKey: Guid(ff12bd64e92ccc647b703701cc341095) Importer(815301076,1909f56bfc062723c751e8b465ee728b)
Start importing Packages/com.code-philosophy.luban/package.json using Guid(ff12bd64e92ccc647b703701cc341095) Importer(815301076,1909f56bfc062723c751e8b465ee728b)  -> (artifact id: '00000000000000000000000000000000') in 0.000755 seconds
Import Error Code:(4)
Message: Build asset version error: packages/com.code-philosophy.luban/package.json in SourceAssetDB has modification time of '2024-06-06T09:11:14.4160437Z' while content on disk has modification time of '2024-06-06T09:11:32.0466182Z'
  ERROR: Build asset version error: packages/com.code-philosophy.luban/package.json in SourceAssetDB has modification time of '2024-06-06T09:11:14.4160437Z' while content on disk has modification time of '2024-06-06T09:11:32.0466182Z'
Number of updated asset objects reloaded before import = 0
Number of asset objects unloaded after import = 0
========================================================================
Received Import Request.
  Time since last request: 0.007703 seconds.
  path: Packages/com.code-philosophy.luban/package.json
  artifactKey: Guid(ff12bd64e92ccc647b703701cc341095) Importer(815301076,1909f56bfc062723c751e8b465ee728b)
Start importing Packages/com.code-philosophy.luban/package.json using Guid(ff12bd64e92ccc647b703701cc341095) Importer(815301076,1909f56bfc062723c751e8b465ee728b)  -> (artifact id: '00000000000000000000000000000000') in 0.000718 seconds
Import Error Code:(4)
Message: Build asset version error: packages/com.code-philosophy.luban/package.json in SourceAssetDB has modification time of '2024-06-06T09:11:14.4160437Z' while content on disk has modification time of '2024-06-06T09:11:32.0466182Z'
  ERROR: Build asset version error: packages/com.code-philosophy.luban/package.json in SourceAssetDB has modification time of '2024-06-06T09:11:14.4160437Z' while content on disk has modification time of '2024-06-06T09:11:32.0466182Z'
Number of updated asset objects reloaded before import = 0
Number of asset objects unloaded after import = 0
========================================================================
Received Import Request.
  Time since last request: 0.006443 seconds.
  path: Packages/com.code-philosophy.luban/package.json
  artifactKey: Guid(ff12bd64e92ccc647b703701cc341095) Importer(815301076,1909f56bfc062723c751e8b465ee728b)
Start importing Packages/com.code-philosophy.luban/package.json using Guid(ff12bd64e92ccc647b703701cc341095) Importer(815301076,1909f56bfc062723c751e8b465ee728b)  -> (artifact id: '00000000000000000000000000000000') in 0.000871 seconds
Import Error Code:(4)
Message: Build asset version error: packages/com.code-philosophy.luban/package.json in SourceAssetDB has modification time of '2024-06-06T09:11:14.4160437Z' while content on disk has modification time of '2024-06-06T09:11:32.0466182Z'
  ERROR: Build asset version error: packages/com.code-philosophy.luban/package.json in SourceAssetDB has modification time of '2024-06-06T09:11:14.4160437Z' while content on disk has modification time of '2024-06-06T09:11:32.0466182Z'
Number of updated asset objects reloaded before import = 0
Number of asset objects unloaded after import = 0
========================================================================
Received Import Request.
  Time since last request: 0.007058 seconds.
  path: Packages/com.code-philosophy.luban/package.json
  artifactKey: Guid(ff12bd64e92ccc647b703701cc341095) Importer(815301076,1909f56bfc062723c751e8b465ee728b)
Start importing Packages/com.code-philosophy.luban/package.json using Guid(ff12bd64e92ccc647b703701cc341095) Importer(815301076,1909f56bfc062723c751e8b465ee728b)  -> (artifact id: '00000000000000000000000000000000') in 0.000908 seconds
Import Error Code:(4)
Message: Build asset version error: packages/com.code-philosophy.luban/package.json in SourceAssetDB has modification time of '2024-06-06T09:11:14.4160437Z' while content on disk has modification time of '2024-06-06T09:11:32.0466182Z'
  ERROR: Build asset version error: packages/com.code-philosophy.luban/package.json in SourceAssetDB has modification time of '2024-06-06T09:11:14.4160437Z' while content on disk has modification time of '2024-06-06T09:11:32.0466182Z'
Number of updated asset objects reloaded before import = 0
Number of asset objects unloaded after import = 0
========================================================================
Received Import Request.
  Time since last request: 0.006776 seconds.
  path: Packages/com.code-philosophy.luban/package.json
  artifactKey: Guid(ff12bd64e92ccc647b703701cc341095) Importer(815301076,1909f56bfc062723c751e8b465ee728b)
Start importing Packages/com.code-philosophy.luban/package.json using Guid(ff12bd64e92ccc647b703701cc341095) Importer(815301076,1909f56bfc062723c751e8b465ee728b)  -> (artifact id: '00000000000000000000000000000000') in 0.000791 seconds
Import Error Code:(4)
Message: Build asset version error: packages/com.code-philosophy.luban/package.json in SourceAssetDB has modification time of '2024-06-06T09:11:14.4160437Z' while content on disk has modification time of '2024-06-06T09:11:32.0466182Z'
  ERROR: Build asset version error: packages/com.code-philosophy.luban/package.json in SourceAssetDB has modification time of '2024-06-06T09:11:14.4160437Z' while content on disk has modification time of '2024-06-06T09:11:32.0466182Z'
Number of updated asset objects reloaded before import = 0
Number of asset objects unloaded after import = 0
========================================================================
Received Import Request.
  Time since last request: 0.007973 seconds.
  path: Packages/com.code-philosophy.luban/package.json
  artifactKey: Guid(ff12bd64e92ccc647b703701cc341095) Importer(815301076,1909f56bfc062723c751e8b465ee728b)
Start importing Packages/com.code-philosophy.luban/package.json using Guid(ff12bd64e92ccc647b703701cc341095) Importer(815301076,1909f56bfc062723c751e8b465ee728b)  -> (artifact id: '00000000000000000000000000000000') in 0.000704 seconds
Import Error Code:(4)
Message: Build asset version error: packages/com.code-philosophy.luban/package.json in SourceAssetDB has modification time of '2024-06-06T09:11:14.4160437Z' while content on disk has modification time of '2024-06-06T09:11:32.0466182Z'
  ERROR: Build asset version error: packages/com.code-philosophy.luban/package.json in SourceAssetDB has modification time of '2024-06-06T09:11:14.4160437Z' while content on disk has modification time of '2024-06-06T09:11:32.0466182Z'
Number of updated asset objects reloaded before import = 0
Number of asset objects unloaded after import = 0
========================================================================
Received Import Request.
  Time since last request: 0.007062 seconds.
  path: Packages/com.code-philosophy.luban/package.json
  artifactKey: Guid(ff12bd64e92ccc647b703701cc341095) Importer(815301076,1909f56bfc062723c751e8b465ee728b)
Start importing Packages/com.code-philosophy.luban/package.json using Guid(ff12bd64e92ccc647b703701cc341095) Importer(815301076,1909f56bfc062723c751e8b465ee728b)  -> (artifact id: '00000000000000000000000000000000') in 0.000880 seconds
Import Error Code:(4)
Message: Build asset version error: packages/com.code-philosophy.luban/package.json in SourceAssetDB has modification time of '2024-06-06T09:11:14.4160437Z' while content on disk has modification time of '2024-06-06T09:11:32.0466182Z'
  ERROR: Build asset version error: packages/com.code-philosophy.luban/package.json in SourceAssetDB has modification time of '2024-06-06T09:11:14.4160437Z' while content on disk has modification time of '2024-06-06T09:11:32.0466182Z'
Number of updated asset objects reloaded before import = 0
Number of asset objects unloaded after import = 0
========================================================================
Received Import Request.
  Time since last request: 0.007338 seconds.
  path: Packages/com.code-philosophy.luban/package.json
  artifactKey: Guid(ff12bd64e92ccc647b703701cc341095) Importer(815301076,1909f56bfc062723c751e8b465ee728b)
Start importing Packages/com.code-philosophy.luban/package.json using Guid(ff12bd64e92ccc647b703701cc341095) Importer(815301076,1909f56bfc062723c751e8b465ee728b)  -> (artifact id: '00000000000000000000000000000000') in 0.000729 seconds
Import Error Code:(4)
Message: Build asset version error: packages/com.code-philosophy.luban/package.json in SourceAssetDB has modification time of '2024-06-06T09:11:14.4160437Z' while content on disk has modification time of '2024-06-06T09:11:32.0466182Z'
  ERROR: Build asset version error: packages/com.code-philosophy.luban/package.json in SourceAssetDB has modification time of '2024-06-06T09:11:14.4160437Z' while content on disk has modification time of '2024-06-06T09:11:32.0466182Z'
Number of updated asset objects reloaded before import = 0
Number of asset objects unloaded after import = 0
========================================================================
Received Import Request.
  Time since last request: 0.006564 seconds.
  path: Packages/com.code-philosophy.luban/package.json
  artifactKey: Guid(ff12bd64e92ccc647b703701cc341095) Importer(815301076,1909f56bfc062723c751e8b465ee728b)
Start importing Packages/com.code-philosophy.luban/package.json using Guid(ff12bd64e92ccc647b703701cc341095) Importer(815301076,1909f56bfc062723c751e8b465ee728b)  -> (artifact id: '00000000000000000000000000000000') in 0.000767 seconds
Import Error Code:(4)
Message: Build asset version error: packages/com.code-philosophy.luban/package.json in SourceAssetDB has modification time of '2024-06-06T09:11:14.4160437Z' while content on disk has modification time of '2024-06-06T09:11:32.0466182Z'
  ERROR: Build asset version error: packages/com.code-philosophy.luban/package.json in SourceAssetDB has modification time of '2024-06-06T09:11:14.4160437Z' while content on disk has modification time of '2024-06-06T09:11:32.0466182Z'
Number of updated asset objects reloaded before import = 0
Number of asset objects unloaded after import = 0
========================================================================
Received Import Request.
  Time since last request: 0.007770 seconds.
  path: Packages/com.code-philosophy.luban/package.json
  artifactKey: Guid(ff12bd64e92ccc647b703701cc341095) Importer(815301076,1909f56bfc062723c751e8b465ee728b)
Start importing Packages/com.code-philosophy.luban/package.json using Guid(ff12bd64e92ccc647b703701cc341095) Importer(815301076,1909f56bfc062723c751e8b465ee728b)  -> (artifact id: '00000000000000000000000000000000') in 0.000715 seconds
Import Error Code:(4)
Message: Build asset version error: packages/com.code-philosophy.luban/package.json in SourceAssetDB has modification time of '2024-06-06T09:11:14.4160437Z' while content on disk has modification time of '2024-06-06T09:11:32.0466182Z'
  ERROR: Build asset version error: packages/com.code-philosophy.luban/package.json in SourceAssetDB has modification time of '2024-06-06T09:11:14.4160437Z' while content on disk has modification time of '2024-06-06T09:11:32.0466182Z'
Number of updated asset objects reloaded before import = 0
Number of asset objects unloaded after import = 0
========================================================================
Received Import Request.
  Time since last request: 0.006551 seconds.
  path: Packages/com.code-philosophy.luban/package.json
  artifactKey: Guid(ff12bd64e92ccc647b703701cc341095) Importer(815301076,1909f56bfc062723c751e8b465ee728b)
Start importing Packages/com.code-philosophy.luban/package.json using Guid(ff12bd64e92ccc647b703701cc341095) Importer(815301076,1909f56bfc062723c751e8b465ee728b)  -> (artifact id: '00000000000000000000000000000000') in 0.000765 seconds
Import Error Code:(4)
Message: Build asset version error: packages/com.code-philosophy.luban/package.json in SourceAssetDB has modification time of '2024-06-06T09:11:14.4160437Z' while content on disk has modification time of '2024-06-06T09:11:32.0466182Z'
  ERROR: Build asset version error: packages/com.code-philosophy.luban/package.json in SourceAssetDB has modification time of '2024-06-06T09:11:14.4160437Z' while content on disk has modification time of '2024-06-06T09:11:32.0466182Z'
Number of updated asset objects reloaded before import = 0
Number of asset objects unloaded after import = 0
========================================================================
Received Import Request.
  Time since last request: 0.007769 seconds.
  path: Packages/com.code-philosophy.luban/package.json
  artifactKey: Guid(ff12bd64e92ccc647b703701cc341095) Importer(815301076,1909f56bfc062723c751e8b465ee728b)
Start importing Packages/com.code-philosophy.luban/package.json using Guid(ff12bd64e92ccc647b703701cc341095) Importer(815301076,1909f56bfc062723c751e8b465ee728b)  -> (artifact id: '00000000000000000000000000000000') in 0.000712 seconds
Import Error Code:(4)
Message: Build asset version error: packages/com.code-philosophy.luban/package.json in SourceAssetDB has modification time of '2024-06-06T09:11:14.4160437Z' while content on disk has modification time of '2024-06-06T09:11:32.0466182Z'
  ERROR: Build asset version error: packages/com.code-philosophy.luban/package.json in SourceAssetDB has modification time of '2024-06-06T09:11:14.4160437Z' while content on disk has modification time of '2024-06-06T09:11:32.0466182Z'
Number of updated asset objects reloaded before import = 0
Number of asset objects unloaded after import = 0
========================================================================
Received Import Request.
  Time since last request: 0.006474 seconds.
  path: Packages/com.code-philosophy.luban/package.json
  artifactKey: Guid(ff12bd64e92ccc647b703701cc341095) Importer(815301076,1909f56bfc062723c751e8b465ee728b)
Start importing Packages/com.code-philosophy.luban/package.json using Guid(ff12bd64e92ccc647b703701cc341095) Importer(815301076,1909f56bfc062723c751e8b465ee728b)  -> (artifact id: '00000000000000000000000000000000') in 0.000796 seconds
Import Error Code:(4)
Message: Build asset version error: packages/com.code-philosophy.luban/package.json in SourceAssetDB has modification time of '2024-06-06T09:11:14.4160437Z' while content on disk has modification time of '2024-06-06T09:11:32.0466182Z'
  ERROR: Build asset version error: packages/com.code-philosophy.luban/package.json in SourceAssetDB has modification time of '2024-06-06T09:11:14.4160437Z' while content on disk has modification time of '2024-06-06T09:11:32.0466182Z'
Number of updated asset objects reloaded before import = 0
Number of asset objects unloaded after import = 0
========================================================================
Received Import Request.
  Time since last request: 0.008135 seconds.
  path: Packages/com.code-philosophy.luban/package.json
  artifactKey: Guid(ff12bd64e92ccc647b703701cc341095) Importer(815301076,1909f56bfc062723c751e8b465ee728b)
Start importing Packages/com.code-philosophy.luban/package.json using Guid(ff12bd64e92ccc647b703701cc341095) Importer(815301076,1909f56bfc062723c751e8b465ee728b)  -> (artifact id: '00000000000000000000000000000000') in 0.000712 seconds
Import Error Code:(4)
Message: Build asset version error: packages/com.code-philosophy.luban/package.json in SourceAssetDB has modification time of '2024-06-06T09:11:14.4160437Z' while content on disk has modification time of '2024-06-06T09:11:32.0466182Z'
  ERROR: Build asset version error: packages/com.code-philosophy.luban/package.json in SourceAssetDB has modification time of '2024-06-06T09:11:14.4160437Z' while content on disk has modification time of '2024-06-06T09:11:32.0466182Z'
Number of updated asset objects reloaded before import = 0
Number of asset objects unloaded after import = 0
========================================================================
Received Import Request.
  Time since last request: 0.006217 seconds.
  path: Packages/com.code-philosophy.luban/package.json
  artifactKey: Guid(ff12bd64e92ccc647b703701cc341095) Importer(815301076,1909f56bfc062723c751e8b465ee728b)
Start importing Packages/com.code-philosophy.luban/package.json using Guid(ff12bd64e92ccc647b703701cc341095) Importer(815301076,1909f56bfc062723c751e8b465ee728b)  -> (artifact id: '00000000000000000000000000000000') in 0.000750 seconds
Import Error Code:(4)
Message: Build asset version error: packages/com.code-philosophy.luban/package.json in SourceAssetDB has modification time of '2024-06-06T09:11:14.4160437Z' while content on disk has modification time of '2024-06-06T09:11:32.0466182Z'
  ERROR: Build asset version error: packages/com.code-philosophy.luban/package.json in SourceAssetDB has modification time of '2024-06-06T09:11:14.4160437Z' while content on disk has modification time of '2024-06-06T09:11:32.0466182Z'
Number of updated asset objects reloaded before import = 0
Number of asset objects unloaded after import = 0
========================================================================
Received Import Request.
  Time since last request: 0.007389 seconds.
  path: Packages/com.code-philosophy.luban/package.json
  artifactKey: Guid(ff12bd64e92ccc647b703701cc341095) Importer(815301076,1909f56bfc062723c751e8b465ee728b)
Start importing Packages/com.code-philosophy.luban/package.json using Guid(ff12bd64e92ccc647b703701cc341095) Importer(815301076,1909f56bfc062723c751e8b465ee728b)  -> (artifact id: '00000000000000000000000000000000') in 0.000710 seconds
Import Error Code:(4)
Message: Build asset version error: packages/com.code-philosophy.luban/package.json in SourceAssetDB has modification time of '2024-06-06T09:11:14.4160437Z' while content on disk has modification time of '2024-06-06T09:11:32.0466182Z'
  ERROR: Build asset version error: packages/com.code-philosophy.luban/package.json in SourceAssetDB has modification time of '2024-06-06T09:11:14.4160437Z' while content on disk has modification time of '2024-06-06T09:11:32.0466182Z'
Number of updated asset objects reloaded before import = 0
Number of asset objects unloaded after import = 0
========================================================================
Received Import Request.
  Time since last request: 0.006429 seconds.
  path: Packages/com.code-philosophy.luban/package.json
  artifactKey: Guid(ff12bd64e92ccc647b703701cc341095) Importer(815301076,1909f56bfc062723c751e8b465ee728b)
Start importing Packages/com.code-philosophy.luban/package.json using Guid(ff12bd64e92ccc647b703701cc341095) Importer(815301076,1909f56bfc062723c751e8b465ee728b)  -> (artifact id: '00000000000000000000000000000000') in 0.000752 seconds
Import Error Code:(4)
Message: Build asset version error: packages/com.code-philosophy.luban/package.json in SourceAssetDB has modification time of '2024-06-06T09:11:14.4160437Z' while content on disk has modification time of '2024-06-06T09:11:32.0466182Z'
  ERROR: Build asset version error: packages/com.code-philosophy.luban/package.json in SourceAssetDB has modification time of '2024-06-06T09:11:14.4160437Z' while content on disk has modification time of '2024-06-06T09:11:32.0466182Z'
Number of updated asset objects reloaded before import = 0
Number of asset objects unloaded after import = 0
========================================================================
Received Import Request.
  Time since last request: 0.009128 seconds.
  path: Packages/com.code-philosophy.luban/package.json
  artifactKey: Guid(ff12bd64e92ccc647b703701cc341095) Importer(815301076,1909f56bfc062723c751e8b465ee728b)
Start importing Packages/com.code-philosophy.luban/package.json using Guid(ff12bd64e92ccc647b703701cc341095) Importer(815301076,1909f56bfc062723c751e8b465ee728b)  -> (artifact id: '00000000000000000000000000000000') in 0.000744 seconds
Import Error Code:(4)
Message: Build asset version error: packages/com.code-philosophy.luban/package.json in SourceAssetDB has modification time of '2024-06-06T09:11:14.4160437Z' while content on disk has modification time of '2024-06-06T09:11:32.0466182Z'
  ERROR: Build asset version error: packages/com.code-philosophy.luban/package.json in SourceAssetDB has modification time of '2024-06-06T09:11:14.4160437Z' while content on disk has modification time of '2024-06-06T09:11:32.0466182Z'
Number of updated asset objects reloaded before import = 0
Number of asset objects unloaded after import = 0
========================================================================
Received Import Request.
  Time since last request: 0.006237 seconds.
  path: Packages/com.code-philosophy.luban/package.json
  artifactKey: Guid(ff12bd64e92ccc647b703701cc341095) Importer(815301076,1909f56bfc062723c751e8b465ee728b)
Start importing Packages/com.code-philosophy.luban/package.json using Guid(ff12bd64e92ccc647b703701cc341095) Importer(815301076,1909f56bfc062723c751e8b465ee728b)  -> (artifact id: '00000000000000000000000000000000') in 0.001012 seconds
Import Error Code:(4)
Message: Build asset version error: packages/com.code-philosophy.luban/package.json in SourceAssetDB has modification time of '2024-06-06T09:11:14.4160437Z' while content on disk has modification time of '2024-06-06T09:11:32.0466182Z'
  ERROR: Build asset version error: packages/com.code-philosophy.luban/package.json in SourceAssetDB has modification time of '2024-06-06T09:11:14.4160437Z' while content on disk has modification time of '2024-06-06T09:11:32.0466182Z'
Number of updated asset objects reloaded before import = 0
Number of asset objects unloaded after import = 0
========================================================================
Received Import Request.
  Time since last request: 0.007081 seconds.
  path: Packages/com.code-philosophy.luban/package.json
  artifactKey: Guid(ff12bd64e92ccc647b703701cc341095) Importer(815301076,1909f56bfc062723c751e8b465ee728b)
Start importing Packages/com.code-philosophy.luban/package.json using Guid(ff12bd64e92ccc647b703701cc341095) Importer(815301076,1909f56bfc062723c751e8b465ee728b)  -> (artifact id: '00000000000000000000000000000000') in 0.000710 seconds
Import Error Code:(4)
Message: Build asset version error: packages/com.code-philosophy.luban/package.json in SourceAssetDB has modification time of '2024-06-06T09:11:14.4160437Z' while content on disk has modification time of '2024-06-06T09:11:32.0466182Z'
  ERROR: Build asset version error: packages/com.code-philosophy.luban/package.json in SourceAssetDB has modification time of '2024-06-06T09:11:14.4160437Z' while content on disk has modification time of '2024-06-06T09:11:32.0466182Z'
Number of updated asset objects reloaded before import = 0
Number of asset objects unloaded after import = 0
========================================================================
Received Import Request.
  Time since last request: 0.006231 seconds.
  path: Packages/com.code-philosophy.luban/package.json
  artifactKey: Guid(ff12bd64e92ccc647b703701cc341095) Importer(815301076,1909f56bfc062723c751e8b465ee728b)
Start importing Packages/com.code-philosophy.luban/package.json using Guid(ff12bd64e92ccc647b703701cc341095) Importer(815301076,1909f56bfc062723c751e8b465ee728b)  -> (artifact id: '00000000000000000000000000000000') in 0.000831 seconds
Import Error Code:(4)
Message: Build asset version error: packages/com.code-philosophy.luban/package.json in SourceAssetDB has modification time of '2024-06-06T09:11:14.4160437Z' while content on disk has modification time of '2024-06-06T09:11:32.0466182Z'
  ERROR: Build asset version error: packages/com.code-philosophy.luban/package.json in SourceAssetDB has modification time of '2024-06-06T09:11:14.4160437Z' while content on disk has modification time of '2024-06-06T09:11:32.0466182Z'
Number of updated asset objects reloaded before import = 0
Number of asset objects unloaded after import = 0
========================================================================
Received Import Request.
  Time since last request: 0.009164 seconds.
  path: Packages/com.code-philosophy.luban/package.json
  artifactKey: Guid(ff12bd64e92ccc647b703701cc341095) Importer(815301076,1909f56bfc062723c751e8b465ee728b)
Start importing Packages/com.code-philosophy.luban/package.json using Guid(ff12bd64e92ccc647b703701cc341095) Importer(815301076,1909f56bfc062723c751e8b465ee728b)  -> (artifact id: '00000000000000000000000000000000') in 0.000721 seconds
Import Error Code:(4)
Message: Build asset version error: packages/com.code-philosophy.luban/package.json in SourceAssetDB has modification time of '2024-06-06T09:11:14.4160437Z' while content on disk has modification time of '2024-06-06T09:11:32.0466182Z'
  ERROR: Build asset version error: packages/com.code-philosophy.luban/package.json in SourceAssetDB has modification time of '2024-06-06T09:11:14.4160437Z' while content on disk has modification time of '2024-06-06T09:11:32.0466182Z'
Number of updated asset objects reloaded before import = 0
Number of asset objects unloaded after import = 0
========================================================================
Received Import Request.
  Time since last request: 0.006612 seconds.
  path: Packages/com.code-philosophy.luban/package.json
  artifactKey: Guid(ff12bd64e92ccc647b703701cc341095) Importer(815301076,1909f56bfc062723c751e8b465ee728b)
Start importing Packages/com.code-philosophy.luban/package.json using Guid(ff12bd64e92ccc647b703701cc341095) Importer(815301076,1909f56bfc062723c751e8b465ee728b)  -> (artifact id: '00000000000000000000000000000000') in 0.000775 seconds
Import Error Code:(4)
Message: Build asset version error: packages/com.code-philosophy.luban/package.json in SourceAssetDB has modification time of '2024-06-06T09:11:14.4160437Z' while content on disk has modification time of '2024-06-06T09:11:32.0466182Z'
  ERROR: Build asset version error: packages/com.code-philosophy.luban/package.json in SourceAssetDB has modification time of '2024-06-06T09:11:14.4160437Z' while content on disk has modification time of '2024-06-06T09:11:32.0466182Z'
Number of updated asset objects reloaded before import = 0
Number of asset objects unloaded after import = 0
========================================================================
Received Import Request.
  Time since last request: 0.007270 seconds.
  path: Packages/com.code-philosophy.luban/package.json
  artifactKey: Guid(ff12bd64e92ccc647b703701cc341095) Importer(815301076,1909f56bfc062723c751e8b465ee728b)
Start importing Packages/com.code-philosophy.luban/package.json using Guid(ff12bd64e92ccc647b703701cc341095) Importer(815301076,1909f56bfc062723c751e8b465ee728b)  -> (artifact id: '00000000000000000000000000000000') in 0.000710 seconds
Import Error Code:(4)
Message: Build asset version error: packages/com.code-philosophy.luban/package.json in SourceAssetDB has modification time of '2024-06-06T09:11:14.4160437Z' while content on disk has modification time of '2024-06-06T09:11:32.0466182Z'
  ERROR: Build asset version error: packages/com.code-philosophy.luban/package.json in SourceAssetDB has modification time of '2024-06-06T09:11:14.4160437Z' while content on disk has modification time of '2024-06-06T09:11:32.0466182Z'
Number of updated asset objects reloaded before import = 0
Number of asset objects unloaded after import = 0
========================================================================
Received Import Request.
  Time since last request: 0.023632 seconds.
  path: Packages/com.code-philosophy.luban/package.json
  artifactKey: Guid(ff12bd64e92ccc647b703701cc341095) Importer(815301076,1909f56bfc062723c751e8b465ee728b)
Start importing Packages/com.code-philosophy.luban/package.json using Guid(ff12bd64e92ccc647b703701cc341095) Importer(815301076,1909f56bfc062723c751e8b465ee728b)  -> (artifact id: '00000000000000000000000000000000') in 0.000769 seconds
Import Error Code:(4)
Message: Build asset version error: packages/com.code-philosophy.luban/package.json in SourceAssetDB has modification time of '2024-06-06T09:11:14.4160437Z' while content on disk has modification time of '2024-06-06T09:11:32.0466182Z'
  ERROR: Build asset version error: packages/com.code-philosophy.luban/package.json in SourceAssetDB has modification time of '2024-06-06T09:11:14.4160437Z' while content on disk has modification time of '2024-06-06T09:11:32.0466182Z'
Number of updated asset objects reloaded before import = 0
Number of asset objects unloaded after import = 0
========================================================================
Received Import Request.
  Time since last request: 0.007365 seconds.
  path: Packages/com.code-philosophy.luban/package.json
  artifactKey: Guid(ff12bd64e92ccc647b703701cc341095) Importer(815301076,1909f56bfc062723c751e8b465ee728b)
Start importing Packages/com.code-philosophy.luban/package.json using Guid(ff12bd64e92ccc647b703701cc341095) Importer(815301076,1909f56bfc062723c751e8b465ee728b)  -> (artifact id: '00000000000000000000000000000000') in 0.000746 seconds
Import Error Code:(4)
Message: Build asset version error: packages/com.code-philosophy.luban/package.json in SourceAssetDB has modification time of '2024-06-06T09:11:14.4160437Z' while content on disk has modification time of '2024-06-06T09:11:32.0466182Z'
  ERROR: Build asset version error: packages/com.code-philosophy.luban/package.json in SourceAssetDB has modification time of '2024-06-06T09:11:14.4160437Z' while content on disk has modification time of '2024-06-06T09:11:32.0466182Z'
Number of updated asset objects reloaded before import = 0
Number of asset objects unloaded after import = 0
========================================================================
Received Import Request.
  Time since last request: 0.006448 seconds.
  path: Packages/com.code-philosophy.luban/package.json
  artifactKey: Guid(ff12bd64e92ccc647b703701cc341095) Importer(815301076,1909f56bfc062723c751e8b465ee728b)
Start importing Packages/com.code-philosophy.luban/package.json using Guid(ff12bd64e92ccc647b703701cc341095) Importer(815301076,1909f56bfc062723c751e8b465ee728b)  -> (artifact id: '00000000000000000000000000000000') in 0.000762 seconds
Import Error Code:(4)
Message: Build asset version error: packages/com.code-philosophy.luban/package.json in SourceAssetDB has modification time of '2024-06-06T09:11:14.4160437Z' while content on disk has modification time of '2024-06-06T09:11:32.0466182Z'
  ERROR: Build asset version error: packages/com.code-philosophy.luban/package.json in SourceAssetDB has modification time of '2024-06-06T09:11:14.4160437Z' while content on disk has modification time of '2024-06-06T09:11:32.0466182Z'
Number of updated asset objects reloaded before import = 0
Number of asset objects unloaded after import = 0
========================================================================
Received Import Request.
  Time since last request: 0.008668 seconds.
  path: Packages/com.code-philosophy.luban/package.json
  artifactKey: Guid(ff12bd64e92ccc647b703701cc341095) Importer(815301076,1909f56bfc062723c751e8b465ee728b)
Start importing Packages/com.code-philosophy.luban/package.json using Guid(ff12bd64e92ccc647b703701cc341095) Importer(815301076,1909f56bfc062723c751e8b465ee728b)  -> (artifact id: '00000000000000000000000000000000') in 0.000719 seconds
Import Error Code:(4)
Message: Build asset version error: packages/com.code-philosophy.luban/package.json in SourceAssetDB has modification time of '2024-06-06T09:11:14.4160437Z' while content on disk has modification time of '2024-06-06T09:11:32.0466182Z'
  ERROR: Build asset version error: packages/com.code-philosophy.luban/package.json in SourceAssetDB has modification time of '2024-06-06T09:11:14.4160437Z' while content on disk has modification time of '2024-06-06T09:11:32.0466182Z'
Number of updated asset objects reloaded before import = 0
Number of asset objects unloaded after import = 0
========================================================================
Received Import Request.
  Time since last request: 0.006901 seconds.
  path: Packages/com.code-philosophy.luban/package.json
  artifactKey: Guid(ff12bd64e92ccc647b703701cc341095) Importer(815301076,1909f56bfc062723c751e8b465ee728b)
Start importing Packages/com.code-philosophy.luban/package.json using Guid(ff12bd64e92ccc647b703701cc341095) Importer(815301076,1909f56bfc062723c751e8b465ee728b)  -> (artifact id: '00000000000000000000000000000000') in 0.000782 seconds
Import Error Code:(4)
Message: Build asset version error: packages/com.code-philosophy.luban/package.json in SourceAssetDB has modification time of '2024-06-06T09:11:14.4160437Z' while content on disk has modification time of '2024-06-06T09:11:32.0466182Z'
  ERROR: Build asset version error: packages/com.code-philosophy.luban/package.json in SourceAssetDB has modification time of '2024-06-06T09:11:14.4160437Z' while content on disk has modification time of '2024-06-06T09:11:32.0466182Z'
Number of updated asset objects reloaded before import = 0
Number of asset objects unloaded after import = 0
========================================================================
Received Import Request.
  Time since last request: 0.007297 seconds.
  path: Packages/com.code-philosophy.luban/package.json
  artifactKey: Guid(ff12bd64e92ccc647b703701cc341095) Importer(815301076,1909f56bfc062723c751e8b465ee728b)
Start importing Packages/com.code-philosophy.luban/package.json using Guid(ff12bd64e92ccc647b703701cc341095) Importer(815301076,1909f56bfc062723c751e8b465ee728b)  -> (artifact id: '00000000000000000000000000000000') in 0.000711 seconds
Import Error Code:(4)
Message: Build asset version error: packages/com.code-philosophy.luban/package.json in SourceAssetDB has modification time of '2024-06-06T09:11:14.4160437Z' while content on disk has modification time of '2024-06-06T09:11:32.0466182Z'
  ERROR: Build asset version error: packages/com.code-philosophy.luban/package.json in SourceAssetDB has modification time of '2024-06-06T09:11:14.4160437Z' while content on disk has modification time of '2024-06-06T09:11:32.0466182Z'
Number of updated asset objects reloaded before import = 0
Number of asset objects unloaded after import = 0
========================================================================
Received Import Request.
  Time since last request: 0.007356 seconds.
  path: Packages/com.code-philosophy.luban/package.json
  artifactKey: Guid(ff12bd64e92ccc647b703701cc341095) Importer(815301076,1909f56bfc062723c751e8b465ee728b)
Start importing Packages/com.code-philosophy.luban/package.json using Guid(ff12bd64e92ccc647b703701cc341095) Importer(815301076,1909f56bfc062723c751e8b465ee728b)  -> (artifact id: '00000000000000000000000000000000') in 0.000764 seconds
Import Error Code:(4)
Message: Build asset version error: packages/com.code-philosophy.luban/package.json in SourceAssetDB has modification time of '2024-06-06T09:11:14.4160437Z' while content on disk has modification time of '2024-06-06T09:11:32.0466182Z'
  ERROR: Build asset version error: packages/com.code-philosophy.luban/package.json in SourceAssetDB has modification time of '2024-06-06T09:11:14.4160437Z' while content on disk has modification time of '2024-06-06T09:11:32.0466182Z'
Number of updated asset objects reloaded before import = 0
Number of asset objects unloaded after import = 0
========================================================================
Received Import Request.
  Time since last request: 0.007856 seconds.
  path: Packages/com.code-philosophy.luban/package.json
  artifactKey: Guid(ff12bd64e92ccc647b703701cc341095) Importer(815301076,1909f56bfc062723c751e8b465ee728b)
Start importing Packages/com.code-philosophy.luban/package.json using Guid(ff12bd64e92ccc647b703701cc341095) Importer(815301076,1909f56bfc062723c751e8b465ee728b)  -> (artifact id: '00000000000000000000000000000000') in 0.000858 seconds
Import Error Code:(4)
Message: Build asset version error: packages/com.code-philosophy.luban/package.json in SourceAssetDB has modification time of '2024-06-06T09:11:14.4160437Z' while content on disk has modification time of '2024-06-06T09:11:32.0466182Z'
  ERROR: Build asset version error: packages/com.code-philosophy.luban/package.json in SourceAssetDB has modification time of '2024-06-06T09:11:14.4160437Z' while content on disk has modification time of '2024-06-06T09:11:32.0466182Z'
Number of updated asset objects reloaded before import = 0
Number of asset objects unloaded after import = 0
========================================================================
Received Import Request.
  Time since last request: 0.006711 seconds.
  path: Packages/com.code-philosophy.luban/package.json
  artifactKey: Guid(ff12bd64e92ccc647b703701cc341095) Importer(815301076,1909f56bfc062723c751e8b465ee728b)
Start importing Packages/com.code-philosophy.luban/package.json using Guid(ff12bd64e92ccc647b703701cc341095) Importer(815301076,1909f56bfc062723c751e8b465ee728b)  -> (artifact id: '00000000000000000000000000000000') in 0.001236 seconds
Import Error Code:(4)
Message: Build asset version error: packages/com.code-philosophy.luban/package.json in SourceAssetDB has modification time of '2024-06-06T09:11:14.4160437Z' while content on disk has modification time of '2024-06-06T09:11:32.0466182Z'
  ERROR: Build asset version error: packages/com.code-philosophy.luban/package.json in SourceAssetDB has modification time of '2024-06-06T09:11:14.4160437Z' while content on disk has modification time of '2024-06-06T09:11:32.0466182Z'
Number of updated asset objects reloaded before import = 0
Number of asset objects unloaded after import = 0
========================================================================
Received Import Request.
  Time since last request: 0.007038 seconds.
  path: Packages/com.code-philosophy.luban/package.json
  artifactKey: Guid(ff12bd64e92ccc647b703701cc341095) Importer(815301076,1909f56bfc062723c751e8b465ee728b)
Start importing Packages/com.code-philosophy.luban/package.json using Guid(ff12bd64e92ccc647b703701cc341095) Importer(815301076,1909f56bfc062723c751e8b465ee728b)  -> (artifact id: '00000000000000000000000000000000') in 0.000735 seconds
Import Error Code:(4)
Message: Build asset version error: packages/com.code-philosophy.luban/package.json in SourceAssetDB has modification time of '2024-06-06T09:11:14.4160437Z' while content on disk has modification time of '2024-06-06T09:11:32.0466182Z'
  ERROR: Build asset version error: packages/com.code-philosophy.luban/package.json in SourceAssetDB has modification time of '2024-06-06T09:11:14.4160437Z' while content on disk has modification time of '2024-06-06T09:11:32.0466182Z'
Number of updated asset objects reloaded before import = 0
Number of asset objects unloaded after import = 0
========================================================================
Received Import Request.
  Time since last request: 0.006743 seconds.
  path: Packages/com.code-philosophy.luban/package.json
  artifactKey: Guid(ff12bd64e92ccc647b703701cc341095) Importer(815301076,1909f56bfc062723c751e8b465ee728b)
Start importing Packages/com.code-philosophy.luban/package.json using Guid(ff12bd64e92ccc647b703701cc341095) Importer(815301076,1909f56bfc062723c751e8b465ee728b)  -> (artifact id: '00000000000000000000000000000000') in 0.000819 seconds
Import Error Code:(4)
Message: Build asset version error: packages/com.code-philosophy.luban/package.json in SourceAssetDB has modification time of '2024-06-06T09:11:14.4160437Z' while content on disk has modification time of '2024-06-06T09:11:32.0466182Z'
  ERROR: Build asset version error: packages/com.code-philosophy.luban/package.json in SourceAssetDB has modification time of '2024-06-06T09:11:14.4160437Z' while content on disk has modification time of '2024-06-06T09:11:32.0466182Z'
Number of updated asset objects reloaded before import = 0
Number of asset objects unloaded after import = 0
========================================================================
Received Import Request.
  Time since last request: 0.007928 seconds.
  path: Packages/com.code-philosophy.luban/package.json
  artifactKey: Guid(ff12bd64e92ccc647b703701cc341095) Importer(815301076,1909f56bfc062723c751e8b465ee728b)
Start importing Packages/com.code-philosophy.luban/package.json using Guid(ff12bd64e92ccc647b703701cc341095) Importer(815301076,1909f56bfc062723c751e8b465ee728b)  -> (artifact id: '00000000000000000000000000000000') in 0.000727 seconds
Import Error Code:(4)
Message: Build asset version error: packages/com.code-philosophy.luban/package.json in SourceAssetDB has modification time of '2024-06-06T09:11:14.4160437Z' while content on disk has modification time of '2024-06-06T09:11:32.0466182Z'
  ERROR: Build asset version error: packages/com.code-philosophy.luban/package.json in SourceAssetDB has modification time of '2024-06-06T09:11:14.4160437Z' while content on disk has modification time of '2024-06-06T09:11:32.0466182Z'
Number of updated asset objects reloaded before import = 0
Number of asset objects unloaded after import = 0
========================================================================
Received Import Request.
  Time since last request: 0.007202 seconds.
  path: Packages/com.code-philosophy.luban/package.json
  artifactKey: Guid(ff12bd64e92ccc647b703701cc341095) Importer(815301076,1909f56bfc062723c751e8b465ee728b)
Start importing Packages/com.code-philosophy.luban/package.json using Guid(ff12bd64e92ccc647b703701cc341095) Importer(815301076,1909f56bfc062723c751e8b465ee728b)  -> (artifact id: '00000000000000000000000000000000') in 0.001007 seconds
Import Error Code:(4)
Message: Build asset version error: packages/com.code-philosophy.luban/package.json in SourceAssetDB has modification time of '2024-06-06T09:11:14.4160437Z' while content on disk has modification time of '2024-06-06T09:11:32.0466182Z'
  ERROR: Build asset version error: packages/com.code-philosophy.luban/package.json in SourceAssetDB has modification time of '2024-06-06T09:11:14.4160437Z' while content on disk has modification time of '2024-06-06T09:11:32.0466182Z'
Number of updated asset objects reloaded before import = 0
Number of asset objects unloaded after import = 0
========================================================================
Received Import Request.
  Time since last request: 0.004216 seconds.
  path: Packages/com.code-philosophy.luban/package.json
  artifactKey: Guid(ff12bd64e92ccc647b703701cc341095) Importer(815301076,1909f56bfc062723c751e8b465ee728b)
Start importing Packages/com.code-philosophy.luban/package.json using Guid(ff12bd64e92ccc647b703701cc341095) Importer(815301076,1909f56bfc062723c751e8b465ee728b)  -> (artifact id: '00000000000000000000000000000000') in 0.000740 seconds
Import Error Code:(4)
Message: Build asset version error: packages/com.code-philosophy.luban/package.json in SourceAssetDB has modification time of '2024-06-06T09:11:14.4160437Z' while content on disk has modification time of '2024-06-06T09:11:32.0466182Z'
  ERROR: Build asset version error: packages/com.code-philosophy.luban/package.json in SourceAssetDB has modification time of '2024-06-06T09:11:14.4160437Z' while content on disk has modification time of '2024-06-06T09:11:32.0466182Z'
Number of updated asset objects reloaded before import = 0
Number of asset objects unloaded after import = 0
========================================================================
Received Import Request.
  Time since last request: 0.004450 seconds.
  path: Packages/com.code-philosophy.luban/package.json
  artifactKey: Guid(ff12bd64e92ccc647b703701cc341095) Importer(815301076,1909f56bfc062723c751e8b465ee728b)
Start importing Packages/com.code-philosophy.luban/package.json using Guid(ff12bd64e92ccc647b703701cc341095) Importer(815301076,1909f56bfc062723c751e8b465ee728b)  -> (artifact id: '00000000000000000000000000000000') in 0.000735 seconds
Import Error Code:(4)
Message: Build asset version error: packages/com.code-philosophy.luban/package.json in SourceAssetDB has modification time of '2024-06-06T09:11:14.4160437Z' while content on disk has modification time of '2024-06-06T09:11:32.0466182Z'
  ERROR: Build asset version error: packages/com.code-philosophy.luban/package.json in SourceAssetDB has modification time of '2024-06-06T09:11:14.4160437Z' while content on disk has modification time of '2024-06-06T09:11:32.0466182Z'
Number of updated asset objects reloaded before import = 0
Number of asset objects unloaded after import = 0
========================================================================
Received Import Request.
  Time since last request: 0.007298 seconds.
  path: Packages/com.code-philosophy.luban/package.json
  artifactKey: Guid(ff12bd64e92ccc647b703701cc341095) Importer(815301076,1909f56bfc062723c751e8b465ee728b)
Start importing Packages/com.code-philosophy.luban/package.json using Guid(ff12bd64e92ccc647b703701cc341095) Importer(815301076,1909f56bfc062723c751e8b465ee728b)  -> (artifact id: '00000000000000000000000000000000') in 0.000748 seconds
Import Error Code:(4)
Message: Build asset version error: packages/com.code-philosophy.luban/package.json in SourceAssetDB has modification time of '2024-06-06T09:11:14.4160437Z' while content on disk has modification time of '2024-06-06T09:11:32.0466182Z'
  ERROR: Build asset version error: packages/com.code-philosophy.luban/package.json in SourceAssetDB has modification time of '2024-06-06T09:11:14.4160437Z' while content on disk has modification time of '2024-06-06T09:11:32.0466182Z'
Number of updated asset objects reloaded before import = 0
Number of asset objects unloaded after import = 0
========================================================================
Received Import Request.
  Time since last request: 0.007305 seconds.
  path: Packages/com.code-philosophy.luban/package.json
  artifactKey: Guid(ff12bd64e92ccc647b703701cc341095) Importer(815301076,1909f56bfc062723c751e8b465ee728b)
Start importing Packages/com.code-philosophy.luban/package.json using Guid(ff12bd64e92ccc647b703701cc341095) Importer(815301076,1909f56bfc062723c751e8b465ee728b)  -> (artifact id: '00000000000000000000000000000000') in 0.000716 seconds
Import Error Code:(4)
Message: Build asset version error: packages/com.code-philosophy.luban/package.json in SourceAssetDB has modification time of '2024-06-06T09:11:14.4160437Z' while content on disk has modification time of '2024-06-06T09:11:32.0466182Z'
  ERROR: Build asset version error: packages/com.code-philosophy.luban/package.json in SourceAssetDB has modification time of '2024-06-06T09:11:14.4160437Z' while content on disk has modification time of '2024-06-06T09:11:32.0466182Z'
Number of updated asset objects reloaded before import = 0
Number of asset objects unloaded after import = 0
========================================================================
Received Import Request.
  Time since last request: 0.007317 seconds.
  path: Packages/com.code-philosophy.luban/package.json
  artifactKey: Guid(ff12bd64e92ccc647b703701cc341095) Importer(815301076,1909f56bfc062723c751e8b465ee728b)
Start importing Packages/com.code-philosophy.luban/package.json using Guid(ff12bd64e92ccc647b703701cc341095) Importer(815301076,1909f56bfc062723c751e8b465ee728b)  -> (artifact id: '00000000000000000000000000000000') in 0.001116 seconds
Import Error Code:(4)
Message: Build asset version error: packages/com.code-philosophy.luban/package.json in SourceAssetDB has modification time of '2024-06-06T09:11:14.4160437Z' while content on disk has modification time of '2024-06-06T09:11:32.0466182Z'
  ERROR: Build asset version error: packages/com.code-philosophy.luban/package.json in SourceAssetDB has modification time of '2024-06-06T09:11:14.4160437Z' while content on disk has modification time of '2024-06-06T09:11:32.0466182Z'
Number of updated asset objects reloaded before import = 0
Number of asset objects unloaded after import = 0
========================================================================
Received Import Request.
  Time since last request: 0.007234 seconds.
  path: Packages/com.code-philosophy.luban/package.json
  artifactKey: Guid(ff12bd64e92ccc647b703701cc341095) Importer(815301076,1909f56bfc062723c751e8b465ee728b)
Start importing Packages/com.code-philosophy.luban/package.json using Guid(ff12bd64e92ccc647b703701cc341095) Importer(815301076,1909f56bfc062723c751e8b465ee728b)  -> (artifact id: '00000000000000000000000000000000') in 0.000718 seconds
Import Error Code:(4)
Message: Build asset version error: packages/com.code-philosophy.luban/package.json in SourceAssetDB has modification time of '2024-06-06T09:11:14.4160437Z' while content on disk has modification time of '2024-06-06T09:11:32.0466182Z'
  ERROR: Build asset version error: packages/com.code-philosophy.luban/package.json in SourceAssetDB has modification time of '2024-06-06T09:11:14.4160437Z' while content on disk has modification time of '2024-06-06T09:11:32.0466182Z'
Number of updated asset objects reloaded before import = 0
Number of asset objects unloaded after import = 0
========================================================================
Received Import Request.
  Time since last request: 0.007542 seconds.
  path: Packages/com.code-philosophy.luban/package.json
  artifactKey: Guid(ff12bd64e92ccc647b703701cc341095) Importer(815301076,1909f56bfc062723c751e8b465ee728b)
Start importing Packages/com.code-philosophy.luban/package.json using Guid(ff12bd64e92ccc647b703701cc341095) Importer(815301076,1909f56bfc062723c751e8b465ee728b)  -> (artifact id: '00000000000000000000000000000000') in 0.000920 seconds
Import Error Code:(4)
Message: Build asset version error: packages/com.code-philosophy.luban/package.json in SourceAssetDB has modification time of '2024-06-06T09:11:14.4160437Z' while content on disk has modification time of '2024-06-06T09:11:32.0466182Z'
  ERROR: Build asset version error: packages/com.code-philosophy.luban/package.json in SourceAssetDB has modification time of '2024-06-06T09:11:14.4160437Z' while content on disk has modification time of '2024-06-06T09:11:32.0466182Z'
Number of updated asset objects reloaded before import = 0
Number of asset objects unloaded after import = 0
========================================================================
Received Import Request.
  Time since last request: 0.006591 seconds.
  path: Packages/com.code-philosophy.luban/package.json
  artifactKey: Guid(ff12bd64e92ccc647b703701cc341095) Importer(815301076,1909f56bfc062723c751e8b465ee728b)
Start importing Packages/com.code-philosophy.luban/package.json using Guid(ff12bd64e92ccc647b703701cc341095) Importer(815301076,1909f56bfc062723c751e8b465ee728b)  -> (artifact id: '00000000000000000000000000000000') in 0.000735 seconds
Import Error Code:(4)
Message: Build asset version error: packages/com.code-philosophy.luban/package.json in SourceAssetDB has modification time of '2024-06-06T09:11:14.4160437Z' while content on disk has modification time of '2024-06-06T09:11:32.0466182Z'
  ERROR: Build asset version error: packages/com.code-philosophy.luban/package.json in SourceAssetDB has modification time of '2024-06-06T09:11:14.4160437Z' while content on disk has modification time of '2024-06-06T09:11:32.0466182Z'
Number of updated asset objects reloaded before import = 0
Number of asset objects unloaded after import = 0
========================================================================
Received Import Request.
  Time since last request: 0.007785 seconds.
  path: Packages/com.code-philosophy.luban/package.json
  artifactKey: Guid(ff12bd64e92ccc647b703701cc341095) Importer(815301076,1909f56bfc062723c751e8b465ee728b)
Start importing Packages/com.code-philosophy.luban/package.json using Guid(ff12bd64e92ccc647b703701cc341095) Importer(815301076,1909f56bfc062723c751e8b465ee728b)  -> (artifact id: '00000000000000000000000000000000') in 0.000739 seconds
Import Error Code:(4)
Message: Build asset version error: packages/com.code-philosophy.luban/package.json in SourceAssetDB has modification time of '2024-06-06T09:11:14.4160437Z' while content on disk has modification time of '2024-06-06T09:11:32.0466182Z'
  ERROR: Build asset version error: packages/com.code-philosophy.luban/package.json in SourceAssetDB has modification time of '2024-06-06T09:11:14.4160437Z' while content on disk has modification time of '2024-06-06T09:11:32.0466182Z'
Number of updated asset objects reloaded before import = 0
Number of asset objects unloaded after import = 0
========================================================================
Received Import Request.
  Time since last request: 0.006716 seconds.
  path: Packages/com.code-philosophy.luban/package.json
  artifactKey: Guid(ff12bd64e92ccc647b703701cc341095) Importer(815301076,1909f56bfc062723c751e8b465ee728b)
Start importing Packages/com.code-philosophy.luban/package.json using Guid(ff12bd64e92ccc647b703701cc341095) Importer(815301076,1909f56bfc062723c751e8b465ee728b)  -> (artifact id: '00000000000000000000000000000000') in 0.000754 seconds
Import Error Code:(4)
Message: Build asset version error: packages/com.code-philosophy.luban/package.json in SourceAssetDB has modification time of '2024-06-06T09:11:14.4160437Z' while content on disk has modification time of '2024-06-06T09:11:32.0466182Z'
  ERROR: Build asset version error: packages/com.code-philosophy.luban/package.json in SourceAssetDB has modification time of '2024-06-06T09:11:14.4160437Z' while content on disk has modification time of '2024-06-06T09:11:32.0466182Z'
Number of updated asset objects reloaded before import = 0
Number of asset objects unloaded after import = 0
========================================================================
Received Import Request.
  Time since last request: 0.007428 seconds.
  path: Packages/com.code-philosophy.luban/package.json
  artifactKey: Guid(ff12bd64e92ccc647b703701cc341095) Importer(815301076,1909f56bfc062723c751e8b465ee728b)
Start importing Packages/com.code-philosophy.luban/package.json using Guid(ff12bd64e92ccc647b703701cc341095) Importer(815301076,1909f56bfc062723c751e8b465ee728b)  -> (artifact id: '00000000000000000000000000000000') in 0.000925 seconds
Import Error Code:(4)
Message: Build asset version error: packages/com.code-philosophy.luban/package.json in SourceAssetDB has modification time of '2024-06-06T09:11:14.4160437Z' while content on disk has modification time of '2024-06-06T09:11:32.0466182Z'
  ERROR: Build asset version error: packages/com.code-philosophy.luban/package.json in SourceAssetDB has modification time of '2024-06-06T09:11:14.4160437Z' while content on disk has modification time of '2024-06-06T09:11:32.0466182Z'
Number of updated asset objects reloaded before import = 0
Number of asset objects unloaded after import = 0
========================================================================
Received Import Request.
  Time since last request: 0.006555 seconds.
  path: Packages/com.code-philosophy.luban/package.json
  artifactKey: Guid(ff12bd64e92ccc647b703701cc341095) Importer(815301076,1909f56bfc062723c751e8b465ee728b)
Start importing Packages/com.code-philosophy.luban/package.json using Guid(ff12bd64e92ccc647b703701cc341095) Importer(815301076,1909f56bfc062723c751e8b465ee728b)  -> (artifact id: '00000000000000000000000000000000') in 0.000727 seconds
Import Error Code:(4)
Message: Build asset version error: packages/com.code-philosophy.luban/package.json in SourceAssetDB has modification time of '2024-06-06T09:11:14.4160437Z' while content on disk has modification time of '2024-06-06T09:11:32.0466182Z'
  ERROR: Build asset version error: packages/com.code-philosophy.luban/package.json in SourceAssetDB has modification time of '2024-06-06T09:11:14.4160437Z' while content on disk has modification time of '2024-06-06T09:11:32.0466182Z'
Number of updated asset objects reloaded before import = 0
Number of asset objects unloaded after import = 0
========================================================================
Received Import Request.
  Time since last request: 0.007212 seconds.
  path: Packages/com.code-philosophy.luban/package.json
  artifactKey: Guid(ff12bd64e92ccc647b703701cc341095) Importer(815301076,1909f56bfc062723c751e8b465ee728b)
Start importing Packages/com.code-philosophy.luban/package.json using Guid(ff12bd64e92ccc647b703701cc341095) Importer(815301076,1909f56bfc062723c751e8b465ee728b)  -> (artifact id: '00000000000000000000000000000000') in 0.000844 seconds
Import Error Code:(4)
Message: Build asset version error: packages/com.code-philosophy.luban/package.json in SourceAssetDB has modification time of '2024-06-06T09:11:14.4160437Z' while content on disk has modification time of '2024-06-06T09:11:32.0466182Z'
  ERROR: Build asset version error: packages/com.code-philosophy.luban/package.json in SourceAssetDB has modification time of '2024-06-06T09:11:14.4160437Z' while content on disk has modification time of '2024-06-06T09:11:32.0466182Z'
Number of updated asset objects reloaded before import = 0
Number of asset objects unloaded after import = 0
========================================================================
Received Import Request.
  Time since last request: 0.006607 seconds.
  path: Packages/com.code-philosophy.luban/package.json
  artifactKey: Guid(ff12bd64e92ccc647b703701cc341095) Importer(815301076,1909f56bfc062723c751e8b465ee728b)
Start importing Packages/com.code-philosophy.luban/package.json using Guid(ff12bd64e92ccc647b703701cc341095) Importer(815301076,1909f56bfc062723c751e8b465ee728b)  -> (artifact id: '00000000000000000000000000000000') in 0.000709 seconds
Import Error Code:(4)
Message: Build asset version error: packages/com.code-philosophy.luban/package.json in SourceAssetDB has modification time of '2024-06-06T09:11:14.4160437Z' while content on disk has modification time of '2024-06-06T09:11:32.0466182Z'
  ERROR: Build asset version error: packages/com.code-philosophy.luban/package.json in SourceAssetDB has modification time of '2024-06-06T09:11:14.4160437Z' while content on disk has modification time of '2024-06-06T09:11:32.0466182Z'
Number of updated asset objects reloaded before import = 0
Number of asset objects unloaded after import = 0
========================================================================
Received Import Request.
  Time since last request: 0.007508 seconds.
  path: Packages/com.code-philosophy.luban/package.json
  artifactKey: Guid(ff12bd64e92ccc647b703701cc341095) Importer(815301076,1909f56bfc062723c751e8b465ee728b)
Start importing Packages/com.code-philosophy.luban/package.json using Guid(ff12bd64e92ccc647b703701cc341095) Importer(815301076,1909f56bfc062723c751e8b465ee728b)  -> (artifact id: '00000000000000000000000000000000') in 0.000914 seconds
Import Error Code:(4)
Message: Build asset version error: packages/com.code-philosophy.luban/package.json in SourceAssetDB has modification time of '2024-06-06T09:11:14.4160437Z' while content on disk has modification time of '2024-06-06T09:11:32.0466182Z'
  ERROR: Build asset version error: packages/com.code-philosophy.luban/package.json in SourceAssetDB has modification time of '2024-06-06T09:11:14.4160437Z' while content on disk has modification time of '2024-06-06T09:11:32.0466182Z'
Number of updated asset objects reloaded before import = 0
Number of asset objects unloaded after import = 0
========================================================================
Received Import Request.
  Time since last request: 0.007469 seconds.
  path: Packages/com.code-philosophy.luban/package.json
  artifactKey: Guid(ff12bd64e92ccc647b703701cc341095) Importer(815301076,1909f56bfc062723c751e8b465ee728b)
Start importing Packages/com.code-philosophy.luban/package.json using Guid(ff12bd64e92ccc647b703701cc341095) Importer(815301076,1909f56bfc062723c751e8b465ee728b)  -> (artifact id: '00000000000000000000000000000000') in 0.000713 seconds
Import Error Code:(4)
Message: Build asset version error: packages/com.code-philosophy.luban/package.json in SourceAssetDB has modification time of '2024-06-06T09:11:14.4160437Z' while content on disk has modification time of '2024-06-06T09:11:32.0466182Z'
  ERROR: Build asset version error: packages/com.code-philosophy.luban/package.json in SourceAssetDB has modification time of '2024-06-06T09:11:14.4160437Z' while content on disk has modification time of '2024-06-06T09:11:32.0466182Z'
Number of updated asset objects reloaded before import = 0
Number of asset objects unloaded after import = 0
========================================================================
Received Import Request.
  Time since last request: 0.008136 seconds.
  path: Packages/com.code-philosophy.luban/package.json
  artifactKey: Guid(ff12bd64e92ccc647b703701cc341095) Importer(815301076,1909f56bfc062723c751e8b465ee728b)
Start importing Packages/com.code-philosophy.luban/package.json using Guid(ff12bd64e92ccc647b703701cc341095) Importer(815301076,1909f56bfc062723c751e8b465ee728b)  -> (artifact id: '00000000000000000000000000000000') in 0.000727 seconds
Import Error Code:(4)
Message: Build asset version error: packages/com.code-philosophy.luban/package.json in SourceAssetDB has modification time of '2024-06-06T09:11:14.4160437Z' while content on disk has modification time of '2024-06-06T09:11:32.0466182Z'
  ERROR: Build asset version error: packages/com.code-philosophy.luban/package.json in SourceAssetDB has modification time of '2024-06-06T09:11:14.4160437Z' while content on disk has modification time of '2024-06-06T09:11:32.0466182Z'
Number of updated asset objects reloaded before import = 0
Number of asset objects unloaded after import = 0
========================================================================
Received Import Request.
  Time since last request: 0.006738 seconds.
  path: Packages/com.code-philosophy.luban/package.json
  artifactKey: Guid(ff12bd64e92ccc647b703701cc341095) Importer(815301076,1909f56bfc062723c751e8b465ee728b)
Start importing Packages/com.code-philosophy.luban/package.json using Guid(ff12bd64e92ccc647b703701cc341095) Importer(815301076,1909f56bfc062723c751e8b465ee728b)  -> (artifact id: '00000000000000000000000000000000') in 0.000729 seconds
Import Error Code:(4)
Message: Build asset version error: packages/com.code-philosophy.luban/package.json in SourceAssetDB has modification time of '2024-06-06T09:11:14.4160437Z' while content on disk has modification time of '2024-06-06T09:11:32.0466182Z'
  ERROR: Build asset version error: packages/com.code-philosophy.luban/package.json in SourceAssetDB has modification time of '2024-06-06T09:11:14.4160437Z' while content on disk has modification time of '2024-06-06T09:11:32.0466182Z'
Number of updated asset objects reloaded before import = 0
Number of asset objects unloaded after import = 0
========================================================================
Received Import Request.
  Time since last request: 0.007707 seconds.
  path: Packages/com.code-philosophy.luban/package.json
  artifactKey: Guid(ff12bd64e92ccc647b703701cc341095) Importer(815301076,1909f56bfc062723c751e8b465ee728b)
Start importing Packages/com.code-philosophy.luban/package.json using Guid(ff12bd64e92ccc647b703701cc341095) Importer(815301076,1909f56bfc062723c751e8b465ee728b)  -> (artifact id: '00000000000000000000000000000000') in 0.000919 seconds
Import Error Code:(4)
Message: Build asset version error: packages/com.code-philosophy.luban/package.json in SourceAssetDB has modification time of '2024-06-06T09:11:14.4160437Z' while content on disk has modification time of '2024-06-06T09:11:32.0466182Z'
  ERROR: Build asset version error: packages/com.code-philosophy.luban/package.json in SourceAssetDB has modification time of '2024-06-06T09:11:14.4160437Z' while content on disk has modification time of '2024-06-06T09:11:32.0466182Z'
Number of updated asset objects reloaded before import = 0
Number of asset objects unloaded after import = 0
========================================================================
Received Import Request.
  Time since last request: 0.006498 seconds.
  path: Packages/com.code-philosophy.luban/package.json
  artifactKey: Guid(ff12bd64e92ccc647b703701cc341095) Importer(815301076,1909f56bfc062723c751e8b465ee728b)
Start importing Packages/com.code-philosophy.luban/package.json using Guid(ff12bd64e92ccc647b703701cc341095) Importer(815301076,1909f56bfc062723c751e8b465ee728b)  -> (artifact id: '00000000000000000000000000000000') in 0.000904 seconds
Import Error Code:(4)
Message: Build asset version error: packages/com.code-philosophy.luban/package.json in SourceAssetDB has modification time of '2024-06-06T09:11:14.4160437Z' while content on disk has modification time of '2024-06-06T09:11:32.0466182Z'
  ERROR: Build asset version error: packages/com.code-philosophy.luban/package.json in SourceAssetDB has modification time of '2024-06-06T09:11:14.4160437Z' while content on disk has modification time of '2024-06-06T09:11:32.0466182Z'
Number of updated asset objects reloaded before import = 0
Number of asset objects unloaded after import = 0
========================================================================
Received Import Request.
  Time since last request: 0.007370 seconds.
  path: Packages/com.code-philosophy.luban/package.json
  artifactKey: Guid(ff12bd64e92ccc647b703701cc341095) Importer(815301076,1909f56bfc062723c751e8b465ee728b)
Start importing Packages/com.code-philosophy.luban/package.json using Guid(ff12bd64e92ccc647b703701cc341095) Importer(815301076,1909f56bfc062723c751e8b465ee728b)  -> (artifact id: '00000000000000000000000000000000') in 0.000779 seconds
Import Error Code:(4)
Message: Build asset version error: packages/com.code-philosophy.luban/package.json in SourceAssetDB has modification time of '2024-06-06T09:11:14.4160437Z' while content on disk has modification time of '2024-06-06T09:11:32.0466182Z'
  ERROR: Build asset version error: packages/com.code-philosophy.luban/package.json in SourceAssetDB has modification time of '2024-06-06T09:11:14.4160437Z' while content on disk has modification time of '2024-06-06T09:11:32.0466182Z'
Number of updated asset objects reloaded before import = 0
Number of asset objects unloaded after import = 0
========================================================================
Received Import Request.
  Time since last request: 0.007126 seconds.
  path: Packages/com.code-philosophy.luban/package.json
  artifactKey: Guid(ff12bd64e92ccc647b703701cc341095) Importer(815301076,1909f56bfc062723c751e8b465ee728b)
Start importing Packages/com.code-philosophy.luban/package.json using Guid(ff12bd64e92ccc647b703701cc341095) Importer(815301076,1909f56bfc062723c751e8b465ee728b)  -> (artifact id: '00000000000000000000000000000000') in 0.000739 seconds
Import Error Code:(4)
Message: Build asset version error: packages/com.code-philosophy.luban/package.json in SourceAssetDB has modification time of '2024-06-06T09:11:14.4160437Z' while content on disk has modification time of '2024-06-06T09:11:32.0466182Z'
  ERROR: Build asset version error: packages/com.code-philosophy.luban/package.json in SourceAssetDB has modification time of '2024-06-06T09:11:14.4160437Z' while content on disk has modification time of '2024-06-06T09:11:32.0466182Z'
Number of updated asset objects reloaded before import = 0
Number of asset objects unloaded after import = 0
========================================================================
Received Import Request.
  Time since last request: 0.007404 seconds.
  path: Packages/com.code-philosophy.luban/package.json
  artifactKey: Guid(ff12bd64e92ccc647b703701cc341095) Importer(815301076,1909f56bfc062723c751e8b465ee728b)
Start importing Packages/com.code-philosophy.luban/package.json using Guid(ff12bd64e92ccc647b703701cc341095) Importer(815301076,1909f56bfc062723c751e8b465ee728b)  -> (artifact id: '00000000000000000000000000000000') in 0.000772 seconds
Import Error Code:(4)
Message: Build asset version error: packages/com.code-philosophy.luban/package.json in SourceAssetDB has modification time of '2024-06-06T09:11:14.4160437Z' while content on disk has modification time of '2024-06-06T09:11:32.0466182Z'
  ERROR: Build asset version error: packages/com.code-philosophy.luban/package.json in SourceAssetDB has modification time of '2024-06-06T09:11:14.4160437Z' while content on disk has modification time of '2024-06-06T09:11:32.0466182Z'
Number of updated asset objects reloaded before import = 0
Number of asset objects unloaded after import = 0
========================================================================
Received Import Request.
  Time since last request: 0.007040 seconds.
  path: Packages/com.code-philosophy.luban/package.json
  artifactKey: Guid(ff12bd64e92ccc647b703701cc341095) Importer(815301076,1909f56bfc062723c751e8b465ee728b)
Start importing Packages/com.code-philosophy.luban/package.json using Guid(ff12bd64e92ccc647b703701cc341095) Importer(815301076,1909f56bfc062723c751e8b465ee728b)  -> (artifact id: '00000000000000000000000000000000') in 0.000762 seconds
Import Error Code:(4)
Message: Build asset version error: packages/com.code-philosophy.luban/package.json in SourceAssetDB has modification time of '2024-06-06T09:11:14.4160437Z' while content on disk has modification time of '2024-06-06T09:11:32.0466182Z'
  ERROR: Build asset version error: packages/com.code-philosophy.luban/package.json in SourceAssetDB has modification time of '2024-06-06T09:11:14.4160437Z' while content on disk has modification time of '2024-06-06T09:11:32.0466182Z'
Number of updated asset objects reloaded before import = 0
Number of asset objects unloaded after import = 0
========================================================================
Received Import Request.
  Time since last request: 0.007627 seconds.
  path: Packages/com.code-philosophy.luban/package.json
  artifactKey: Guid(ff12bd64e92ccc647b703701cc341095) Importer(815301076,1909f56bfc062723c751e8b465ee728b)
Start importing Packages/com.code-philosophy.luban/package.json using Guid(ff12bd64e92ccc647b703701cc341095) Importer(815301076,1909f56bfc062723c751e8b465ee728b)  -> (artifact id: '00000000000000000000000000000000') in 0.000758 seconds
Import Error Code:(4)
Message: Build asset version error: packages/com.code-philosophy.luban/package.json in SourceAssetDB has modification time of '2024-06-06T09:11:14.4160437Z' while content on disk has modification time of '2024-06-06T09:11:32.0466182Z'
  ERROR: Build asset version error: packages/com.code-philosophy.luban/package.json in SourceAssetDB has modification time of '2024-06-06T09:11:14.4160437Z' while content on disk has modification time of '2024-06-06T09:11:32.0466182Z'
Number of updated asset objects reloaded before import = 0
Number of asset objects unloaded after import = 0
========================================================================
Received Import Request.
  Time since last request: 0.008176 seconds.
  path: Packages/com.code-philosophy.luban/package.json
  artifactKey: Guid(ff12bd64e92ccc647b703701cc341095) Importer(815301076,1909f56bfc062723c751e8b465ee728b)
Start importing Packages/com.code-philosophy.luban/package.json using Guid(ff12bd64e92ccc647b703701cc341095) Importer(815301076,1909f56bfc062723c751e8b465ee728b)  -> (artifact id: '00000000000000000000000000000000') in 0.000727 seconds
Import Error Code:(4)
Message: Build asset version error: packages/com.code-philosophy.luban/package.json in SourceAssetDB has modification time of '2024-06-06T09:11:14.4160437Z' while content on disk has modification time of '2024-06-06T09:11:32.0466182Z'
  ERROR: Build asset version error: packages/com.code-philosophy.luban/package.json in SourceAssetDB has modification time of '2024-06-06T09:11:14.4160437Z' while content on disk has modification time of '2024-06-06T09:11:32.0466182Z'
Number of updated asset objects reloaded before import = 0
Number of asset objects unloaded after import = 0
========================================================================
Received Import Request.
  Time since last request: 0.007130 seconds.
  path: Packages/com.code-philosophy.luban/package.json
  artifactKey: Guid(ff12bd64e92ccc647b703701cc341095) Importer(815301076,1909f56bfc062723c751e8b465ee728b)
Start importing Packages/com.code-philosophy.luban/package.json using Guid(ff12bd64e92ccc647b703701cc341095) Importer(815301076,1909f56bfc062723c751e8b465ee728b)  -> (artifact id: '00000000000000000000000000000000') in 0.000819 seconds
Import Error Code:(4)
Message: Build asset version error: packages/com.code-philosophy.luban/package.json in SourceAssetDB has modification time of '2024-06-06T09:11:14.4160437Z' while content on disk has modification time of '2024-06-06T09:11:32.0466182Z'
  ERROR: Build asset version error: packages/com.code-philosophy.luban/package.json in SourceAssetDB has modification time of '2024-06-06T09:11:14.4160437Z' while content on disk has modification time of '2024-06-06T09:11:32.0466182Z'
Number of updated asset objects reloaded before import = 0
Number of asset objects unloaded after import = 0
========================================================================
Received Import Request.
  Time since last request: 0.006834 seconds.
  path: Packages/com.code-philosophy.luban/package.json
  artifactKey: Guid(ff12bd64e92ccc647b703701cc341095) Importer(815301076,1909f56bfc062723c751e8b465ee728b)
Start importing Packages/com.code-philosophy.luban/package.json using Guid(ff12bd64e92ccc647b703701cc341095) Importer(815301076,1909f56bfc062723c751e8b465ee728b)  -> (artifact id: '00000000000000000000000000000000') in 0.000726 seconds
Import Error Code:(4)
Message: Build asset version error: packages/com.code-philosophy.luban/package.json in SourceAssetDB has modification time of '2024-06-06T09:11:14.4160437Z' while content on disk has modification time of '2024-06-06T09:11:32.0466182Z'
  ERROR: Build asset version error: packages/com.code-philosophy.luban/package.json in SourceAssetDB has modification time of '2024-06-06T09:11:14.4160437Z' while content on disk has modification time of '2024-06-06T09:11:32.0466182Z'
Number of updated asset objects reloaded before import = 0
Number of asset objects unloaded after import = 0
========================================================================
Received Import Request.
  Time since last request: 0.007361 seconds.
  path: Packages/com.code-philosophy.luban/package.json
  artifactKey: Guid(ff12bd64e92ccc647b703701cc341095) Importer(815301076,1909f56bfc062723c751e8b465ee728b)
Start importing Packages/com.code-philosophy.luban/package.json using Guid(ff12bd64e92ccc647b703701cc341095) Importer(815301076,1909f56bfc062723c751e8b465ee728b)  -> (artifact id: '00000000000000000000000000000000') in 0.000730 seconds
Import Error Code:(4)
Message: Build asset version error: packages/com.code-philosophy.luban/package.json in SourceAssetDB has modification time of '2024-06-06T09:11:14.4160437Z' while content on disk has modification time of '2024-06-06T09:11:32.0466182Z'
  ERROR: Build asset version error: packages/com.code-philosophy.luban/package.json in SourceAssetDB has modification time of '2024-06-06T09:11:14.4160437Z' while content on disk has modification time of '2024-06-06T09:11:32.0466182Z'
Number of updated asset objects reloaded before import = 0
Number of asset objects unloaded after import = 0
========================================================================
Received Import Request.
  Time since last request: 0.006410 seconds.
  path: Packages/com.code-philosophy.luban/package.json
  artifactKey: Guid(ff12bd64e92ccc647b703701cc341095) Importer(815301076,1909f56bfc062723c751e8b465ee728b)
Start importing Packages/com.code-philosophy.luban/package.json using Guid(ff12bd64e92ccc647b703701cc341095) Importer(815301076,1909f56bfc062723c751e8b465ee728b)  -> (artifact id: '00000000000000000000000000000000') in 0.000718 seconds
Import Error Code:(4)
Message: Build asset version error: packages/com.code-philosophy.luban/package.json in SourceAssetDB has modification time of '2024-06-06T09:11:14.4160437Z' while content on disk has modification time of '2024-06-06T09:11:32.0466182Z'
  ERROR: Build asset version error: packages/com.code-philosophy.luban/package.json in SourceAssetDB has modification time of '2024-06-06T09:11:14.4160437Z' while content on disk has modification time of '2024-06-06T09:11:32.0466182Z'
Number of updated asset objects reloaded before import = 0
Number of asset objects unloaded after import = 0
========================================================================
Received Import Request.
  Time since last request: 0.006932 seconds.
  path: Packages/com.code-philosophy.luban/package.json
  artifactKey: Guid(ff12bd64e92ccc647b703701cc341095) Importer(815301076,1909f56bfc062723c751e8b465ee728b)
Start importing Packages/com.code-philosophy.luban/package.json using Guid(ff12bd64e92ccc647b703701cc341095) Importer(815301076,1909f56bfc062723c751e8b465ee728b)  -> (artifact id: '00000000000000000000000000000000') in 0.000840 seconds
Import Error Code:(4)
Message: Build asset version error: packages/com.code-philosophy.luban/package.json in SourceAssetDB has modification time of '2024-06-06T09:11:14.4160437Z' while content on disk has modification time of '2024-06-06T09:11:32.0466182Z'
  ERROR: Build asset version error: packages/com.code-philosophy.luban/package.json in SourceAssetDB has modification time of '2024-06-06T09:11:14.4160437Z' while content on disk has modification time of '2024-06-06T09:11:32.0466182Z'
Number of updated asset objects reloaded before import = 0
Number of asset objects unloaded after import = 0
========================================================================
Received Import Request.
  Time since last request: 0.006798 seconds.
  path: Packages/com.code-philosophy.luban/package.json
  artifactKey: Guid(ff12bd64e92ccc647b703701cc341095) Importer(815301076,1909f56bfc062723c751e8b465ee728b)
Start importing Packages/com.code-philosophy.luban/package.json using Guid(ff12bd64e92ccc647b703701cc341095) Importer(815301076,1909f56bfc062723c751e8b465ee728b)  -> (artifact id: '00000000000000000000000000000000') in 0.000713 seconds
Import Error Code:(4)
Message: Build asset version error: packages/com.code-philosophy.luban/package.json in SourceAssetDB has modification time of '2024-06-06T09:11:14.4160437Z' while content on disk has modification time of '2024-06-06T09:11:32.0466182Z'
  ERROR: Build asset version error: packages/com.code-philosophy.luban/package.json in SourceAssetDB has modification time of '2024-06-06T09:11:14.4160437Z' while content on disk has modification time of '2024-06-06T09:11:32.0466182Z'
Number of updated asset objects reloaded before import = 0
Number of asset objects unloaded after import = 0
========================================================================
Received Import Request.
  Time since last request: 0.006805 seconds.
  path: Packages/com.code-philosophy.luban/package.json
  artifactKey: Guid(ff12bd64e92ccc647b703701cc341095) Importer(815301076,1909f56bfc062723c751e8b465ee728b)
Start importing Packages/com.code-philosophy.luban/package.json using Guid(ff12bd64e92ccc647b703701cc341095) Importer(815301076,1909f56bfc062723c751e8b465ee728b)  -> (artifact id: '00000000000000000000000000000000') in 0.000819 seconds
Import Error Code:(4)
Message: Build asset version error: packages/com.code-philosophy.luban/package.json in SourceAssetDB has modification time of '2024-06-06T09:11:14.4160437Z' while content on disk has modification time of '2024-06-06T09:11:32.0466182Z'
  ERROR: Build asset version error: packages/com.code-philosophy.luban/package.json in SourceAssetDB has modification time of '2024-06-06T09:11:14.4160437Z' while content on disk has modification time of '2024-06-06T09:11:32.0466182Z'
Number of updated asset objects reloaded before import = 0
Number of asset objects unloaded after import = 0
========================================================================
Received Import Request.
  Time since last request: 0.007111 seconds.
  path: Packages/com.code-philosophy.luban/package.json
  artifactKey: Guid(ff12bd64e92ccc647b703701cc341095) Importer(815301076,1909f56bfc062723c751e8b465ee728b)
Start importing Packages/com.code-philosophy.luban/package.json using Guid(ff12bd64e92ccc647b703701cc341095) Importer(815301076,1909f56bfc062723c751e8b465ee728b)  -> (artifact id: '00000000000000000000000000000000') in 0.000707 seconds
Import Error Code:(4)
Message: Build asset version error: packages/com.code-philosophy.luban/package.json in SourceAssetDB has modification time of '2024-06-06T09:11:14.4160437Z' while content on disk has modification time of '2024-06-06T09:11:32.0466182Z'
  ERROR: Build asset version error: packages/com.code-philosophy.luban/package.json in SourceAssetDB has modification time of '2024-06-06T09:11:14.4160437Z' while content on disk has modification time of '2024-06-06T09:11:32.0466182Z'
Number of updated asset objects reloaded before import = 0
Number of asset objects unloaded after import = 0
========================================================================
Received Import Request.
  Time since last request: 0.006392 seconds.
  path: Packages/com.code-philosophy.luban/package.json
  artifactKey: Guid(ff12bd64e92ccc647b703701cc341095) Importer(815301076,1909f56bfc062723c751e8b465ee728b)
Start importing Packages/com.code-philosophy.luban/package.json using Guid(ff12bd64e92ccc647b703701cc341095) Importer(815301076,1909f56bfc062723c751e8b465ee728b)  -> (artifact id: '00000000000000000000000000000000') in 0.001204 seconds
Import Error Code:(4)
Message: Build asset version error: packages/com.code-philosophy.luban/package.json in SourceAssetDB has modification time of '2024-06-06T09:11:14.4160437Z' while content on disk has modification time of '2024-06-06T09:11:32.0466182Z'
  ERROR: Build asset version error: packages/com.code-philosophy.luban/package.json in SourceAssetDB has modification time of '2024-06-06T09:11:14.4160437Z' while content on disk has modification time of '2024-06-06T09:11:32.0466182Z'
Number of updated asset objects reloaded before import = 0
Number of asset objects unloaded after import = 0
========================================================================
Received Import Request.
  Time since last request: 0.007205 seconds.
  path: Packages/com.code-philosophy.luban/package.json
  artifactKey: Guid(ff12bd64e92ccc647b703701cc341095) Importer(815301076,1909f56bfc062723c751e8b465ee728b)
Start importing Packages/com.code-philosophy.luban/package.json using Guid(ff12bd64e92ccc647b703701cc341095) Importer(815301076,1909f56bfc062723c751e8b465ee728b)  -> (artifact id: '00000000000000000000000000000000') in 0.000721 seconds
Import Error Code:(4)
Message: Build asset version error: packages/com.code-philosophy.luban/package.json in SourceAssetDB has modification time of '2024-06-06T09:11:14.4160437Z' while content on disk has modification time of '2024-06-06T09:11:32.0466182Z'
  ERROR: Build asset version error: packages/com.code-philosophy.luban/package.json in SourceAssetDB has modification time of '2024-06-06T09:11:14.4160437Z' while content on disk has modification time of '2024-06-06T09:11:32.0466182Z'
Number of updated asset objects reloaded before import = 0
Number of asset objects unloaded after import = 0
========================================================================
Received Import Request.
  Time since last request: 0.006672 seconds.
  path: Packages/com.code-philosophy.luban/package.json
  artifactKey: Guid(ff12bd64e92ccc647b703701cc341095) Importer(815301076,1909f56bfc062723c751e8b465ee728b)
Start importing Packages/com.code-philosophy.luban/package.json using Guid(ff12bd64e92ccc647b703701cc341095) Importer(815301076,1909f56bfc062723c751e8b465ee728b)  -> (artifact id: '00000000000000000000000000000000') in 0.000914 seconds
Import Error Code:(4)
Message: Build asset version error: packages/com.code-philosophy.luban/package.json in SourceAssetDB has modification time of '2024-06-06T09:11:14.4160437Z' while content on disk has modification time of '2024-06-06T09:11:32.0466182Z'
  ERROR: Build asset version error: packages/com.code-philosophy.luban/package.json in SourceAssetDB has modification time of '2024-06-06T09:11:14.4160437Z' while content on disk has modification time of '2024-06-06T09:11:32.0466182Z'
Number of updated asset objects reloaded before import = 0
Number of asset objects unloaded after import = 0
========================================================================
Received Import Request.
  Time since last request: 0.006732 seconds.
  path: Packages/com.code-philosophy.luban/package.json
  artifactKey: Guid(ff12bd64e92ccc647b703701cc341095) Importer(815301076,1909f56bfc062723c751e8b465ee728b)
Start importing Packages/com.code-philosophy.luban/package.json using Guid(ff12bd64e92ccc647b703701cc341095) Importer(815301076,1909f56bfc062723c751e8b465ee728b)  -> (artifact id: '00000000000000000000000000000000') in 0.000709 seconds
Import Error Code:(4)
Message: Build asset version error: packages/com.code-philosophy.luban/package.json in SourceAssetDB has modification time of '2024-06-06T09:11:14.4160437Z' while content on disk has modification time of '2024-06-06T09:11:32.0466182Z'
  ERROR: Build asset version error: packages/com.code-philosophy.luban/package.json in SourceAssetDB has modification time of '2024-06-06T09:11:14.4160437Z' while content on disk has modification time of '2024-06-06T09:11:32.0466182Z'
Number of updated asset objects reloaded before import = 0
Number of asset objects unloaded after import = 0
========================================================================
Received Import Request.
  Time since last request: 0.006297 seconds.
  path: Packages/com.code-philosophy.luban/package.json
  artifactKey: Guid(ff12bd64e92ccc647b703701cc341095) Importer(815301076,1909f56bfc062723c751e8b465ee728b)
Start importing Packages/com.code-philosophy.luban/package.json using Guid(ff12bd64e92ccc647b703701cc341095) Importer(815301076,1909f56bfc062723c751e8b465ee728b)  -> (artifact id: '00000000000000000000000000000000') in 0.000811 seconds
Import Error Code:(4)
Message: Build asset version error: packages/com.code-philosophy.luban/package.json in SourceAssetDB has modification time of '2024-06-06T09:11:14.4160437Z' while content on disk has modification time of '2024-06-06T09:11:32.0466182Z'
  ERROR: Build asset version error: packages/com.code-philosophy.luban/package.json in SourceAssetDB has modification time of '2024-06-06T09:11:14.4160437Z' while content on disk has modification time of '2024-06-06T09:11:32.0466182Z'
Number of updated asset objects reloaded before import = 0
Number of asset objects unloaded after import = 0
========================================================================
Received Import Request.
  Time since last request: 0.007199 seconds.
  path: Packages/com.code-philosophy.luban/package.json
  artifactKey: Guid(ff12bd64e92ccc647b703701cc341095) Importer(815301076,1909f56bfc062723c751e8b465ee728b)
Start importing Packages/com.code-philosophy.luban/package.json using Guid(ff12bd64e92ccc647b703701cc341095) Importer(815301076,1909f56bfc062723c751e8b465ee728b)  -> (artifact id: '00000000000000000000000000000000') in 0.000754 seconds
Import Error Code:(4)
Message: Build asset version error: packages/com.code-philosophy.luban/package.json in SourceAssetDB has modification time of '2024-06-06T09:11:14.4160437Z' while content on disk has modification time of '2024-06-06T09:11:32.0466182Z'
  ERROR: Build asset version error: packages/com.code-philosophy.luban/package.json in SourceAssetDB has modification time of '2024-06-06T09:11:14.4160437Z' while content on disk has modification time of '2024-06-06T09:11:32.0466182Z'
Number of updated asset objects reloaded before import = 0
Number of asset objects unloaded after import = 0
========================================================================
Received Import Request.
  Time since last request: 0.006470 seconds.
  path: Packages/com.code-philosophy.luban/package.json
  artifactKey: Guid(ff12bd64e92ccc647b703701cc341095) Importer(815301076,1909f56bfc062723c751e8b465ee728b)
Start importing Packages/com.code-philosophy.luban/package.json using Guid(ff12bd64e92ccc647b703701cc341095) Importer(815301076,1909f56bfc062723c751e8b465ee728b)  -> (artifact id: '00000000000000000000000000000000') in 0.000761 seconds
Import Error Code:(4)
Message: Build asset version error: packages/com.code-philosophy.luban/package.json in SourceAssetDB has modification time of '2024-06-06T09:11:14.4160437Z' while content on disk has modification time of '2024-06-06T09:11:32.0466182Z'
  ERROR: Build asset version error: packages/com.code-philosophy.luban/package.json in SourceAssetDB has modification time of '2024-06-06T09:11:14.4160437Z' while content on disk has modification time of '2024-06-06T09:11:32.0466182Z'
Number of updated asset objects reloaded before import = 0
Number of asset objects unloaded after import = 0
========================================================================
Received Import Request.
  Time since last request: 0.014309 seconds.
  path: Packages/com.code-philosophy.luban/package.json
  artifactKey: Guid(ff12bd64e92ccc647b703701cc341095) Importer(815301076,1909f56bfc062723c751e8b465ee728b)
Start importing Packages/com.code-philosophy.luban/package.json using Guid(ff12bd64e92ccc647b703701cc341095) Importer(815301076,1909f56bfc062723c751e8b465ee728b)  -> (artifact id: '00000000000000000000000000000000') in 0.000799 seconds
Import Error Code:(4)
Message: Build asset version error: packages/com.code-philosophy.luban/package.json in SourceAssetDB has modification time of '2024-06-06T09:11:14.4160437Z' while content on disk has modification time of '2024-06-06T09:11:32.0466182Z'
  ERROR: Build asset version error: packages/com.code-philosophy.luban/package.json in SourceAssetDB has modification time of '2024-06-06T09:11:14.4160437Z' while content on disk has modification time of '2024-06-06T09:11:32.0466182Z'
Number of updated asset objects reloaded before import = 0
Number of asset objects unloaded after import = 0
========================================================================
Received Import Request.
  Time since last request: 0.008374 seconds.
  path: Packages/com.code-philosophy.luban/package.json
  artifactKey: Guid(ff12bd64e92ccc647b703701cc341095) Importer(815301076,1909f56bfc062723c751e8b465ee728b)
Start importing Packages/com.code-philosophy.luban/package.json using Guid(ff12bd64e92ccc647b703701cc341095) Importer(815301076,1909f56bfc062723c751e8b465ee728b)  -> (artifact id: '00000000000000000000000000000000') in 0.000739 seconds
Import Error Code:(4)
Message: Build asset version error: packages/com.code-philosophy.luban/package.json in SourceAssetDB has modification time of '2024-06-06T09:11:14.4160437Z' while content on disk has modification time of '2024-06-06T09:11:32.0466182Z'
  ERROR: Build asset version error: packages/com.code-philosophy.luban/package.json in SourceAssetDB has modification time of '2024-06-06T09:11:14.4160437Z' while content on disk has modification time of '2024-06-06T09:11:32.0466182Z'
Number of updated asset objects reloaded before import = 0
Number of asset objects unloaded after import = 0
========================================================================
Received Import Request.
  Time since last request: 0.007459 seconds.
  path: Packages/com.code-philosophy.luban/package.json
  artifactKey: Guid(ff12bd64e92ccc647b703701cc341095) Importer(815301076,1909f56bfc062723c751e8b465ee728b)
Start importing Packages/com.code-philosophy.luban/package.json using Guid(ff12bd64e92ccc647b703701cc341095) Importer(815301076,1909f56bfc062723c751e8b465ee728b)  -> (artifact id: '00000000000000000000000000000000') in 0.000792 seconds
Import Error Code:(4)
Message: Build asset version error: packages/com.code-philosophy.luban/package.json in SourceAssetDB has modification time of '2024-06-06T09:11:14.4160437Z' while content on disk has modification time of '2024-06-06T09:11:32.0466182Z'
  ERROR: Build asset version error: packages/com.code-philosophy.luban/package.json in SourceAssetDB has modification time of '2024-06-06T09:11:14.4160437Z' while content on disk has modification time of '2024-06-06T09:11:32.0466182Z'
Number of updated asset objects reloaded before import = 0
Number of asset objects unloaded after import = 0
========================================================================
Received Import Request.
  Time since last request: 0.007384 seconds.
  path: Packages/com.code-philosophy.luban/package.json
  artifactKey: Guid(ff12bd64e92ccc647b703701cc341095) Importer(815301076,1909f56bfc062723c751e8b465ee728b)
Start importing Packages/com.code-philosophy.luban/package.json using Guid(ff12bd64e92ccc647b703701cc341095) Importer(815301076,1909f56bfc062723c751e8b465ee728b)  -> (artifact id: '00000000000000000000000000000000') in 0.000754 seconds
Import Error Code:(4)
Message: Build asset version error: packages/com.code-philosophy.luban/package.json in SourceAssetDB has modification time of '2024-06-06T09:11:14.4160437Z' while content on disk has modification time of '2024-06-06T09:11:32.0466182Z'
  ERROR: Build asset version error: packages/com.code-philosophy.luban/package.json in SourceAssetDB has modification time of '2024-06-06T09:11:14.4160437Z' while content on disk has modification time of '2024-06-06T09:11:32.0466182Z'
Number of updated asset objects reloaded before import = 0
Number of asset objects unloaded after import = 0
========================================================================
Received Import Request.
  Time since last request: 0.007158 seconds.
  path: Packages/com.code-philosophy.luban/package.json
  artifactKey: Guid(ff12bd64e92ccc647b703701cc341095) Importer(815301076,1909f56bfc062723c751e8b465ee728b)
Start importing Packages/com.code-philosophy.luban/package.json using Guid(ff12bd64e92ccc647b703701cc341095) Importer(815301076,1909f56bfc062723c751e8b465ee728b)  -> (artifact id: '00000000000000000000000000000000') in 0.000770 seconds
Import Error Code:(4)
Message: Build asset version error: packages/com.code-philosophy.luban/package.json in SourceAssetDB has modification time of '2024-06-06T09:11:14.4160437Z' while content on disk has modification time of '2024-06-06T09:11:32.0466182Z'
  ERROR: Build asset version error: packages/com.code-philosophy.luban/package.json in SourceAssetDB has modification time of '2024-06-06T09:11:14.4160437Z' while content on disk has modification time of '2024-06-06T09:11:32.0466182Z'
Number of updated asset objects reloaded before import = 0
Number of asset objects unloaded after import = 0
========================================================================
Received Import Request.
  Time since last request: 0.007862 seconds.
  path: Packages/com.code-philosophy.luban/package.json
  artifactKey: Guid(ff12bd64e92ccc647b703701cc341095) Importer(815301076,1909f56bfc062723c751e8b465ee728b)
Start importing Packages/com.code-philosophy.luban/package.json using Guid(ff12bd64e92ccc647b703701cc341095) Importer(815301076,1909f56bfc062723c751e8b465ee728b)  -> (artifact id: '00000000000000000000000000000000') in 0.000741 seconds
Import Error Code:(4)
Message: Build asset version error: packages/com.code-philosophy.luban/package.json in SourceAssetDB has modification time of '2024-06-06T09:11:14.4160437Z' while content on disk has modification time of '2024-06-06T09:11:32.0466182Z'
  ERROR: Build asset version error: packages/com.code-philosophy.luban/package.json in SourceAssetDB has modification time of '2024-06-06T09:11:14.4160437Z' while content on disk has modification time of '2024-06-06T09:11:32.0466182Z'
Number of updated asset objects reloaded before import = 0
Number of asset objects unloaded after import = 0
========================================================================
Received Import Request.
  Time since last request: 0.007218 seconds.
  path: Packages/com.code-philosophy.luban/package.json
  artifactKey: Guid(ff12bd64e92ccc647b703701cc341095) Importer(815301076,1909f56bfc062723c751e8b465ee728b)
Start importing Packages/com.code-philosophy.luban/package.json using Guid(ff12bd64e92ccc647b703701cc341095) Importer(815301076,1909f56bfc062723c751e8b465ee728b)  -> (artifact id: '00000000000000000000000000000000') in 0.001184 seconds
Import Error Code:(4)
Message: Build asset version error: packages/com.code-philosophy.luban/package.json in SourceAssetDB has modification time of '2024-06-06T09:11:14.4160437Z' while content on disk has modification time of '2024-06-06T09:11:32.0466182Z'
  ERROR: Build asset version error: packages/com.code-philosophy.luban/package.json in SourceAssetDB has modification time of '2024-06-06T09:11:14.4160437Z' while content on disk has modification time of '2024-06-06T09:11:32.0466182Z'
Number of updated asset objects reloaded before import = 0
Number of asset objects unloaded after import = 0
========================================================================
Received Import Request.
  Time since last request: 0.007139 seconds.
  path: Packages/com.code-philosophy.luban/package.json
  artifactKey: Guid(ff12bd64e92ccc647b703701cc341095) Importer(815301076,1909f56bfc062723c751e8b465ee728b)
Start importing Packages/com.code-philosophy.luban/package.json using Guid(ff12bd64e92ccc647b703701cc341095) Importer(815301076,1909f56bfc062723c751e8b465ee728b)  -> (artifact id: '00000000000000000000000000000000') in 0.000796 seconds
Import Error Code:(4)
Message: Build asset version error: packages/com.code-philosophy.luban/package.json in SourceAssetDB has modification time of '2024-06-06T09:11:14.4160437Z' while content on disk has modification time of '2024-06-06T09:11:32.0466182Z'
  ERROR: Build asset version error: packages/com.code-philosophy.luban/package.json in SourceAssetDB has modification time of '2024-06-06T09:11:14.4160437Z' while content on disk has modification time of '2024-06-06T09:11:32.0466182Z'
Number of updated asset objects reloaded before import = 0
Number of asset objects unloaded after import = 0
========================================================================
Received Import Request.
  Time since last request: 0.007065 seconds.
  path: Packages/com.code-philosophy.luban/package.json
  artifactKey: Guid(ff12bd64e92ccc647b703701cc341095) Importer(815301076,1909f56bfc062723c751e8b465ee728b)
Start importing Packages/com.code-philosophy.luban/package.json using Guid(ff12bd64e92ccc647b703701cc341095) Importer(815301076,1909f56bfc062723c751e8b465ee728b)  -> (artifact id: '00000000000000000000000000000000') in 0.001126 seconds
Import Error Code:(4)
Message: Build asset version error: packages/com.code-philosophy.luban/package.json in SourceAssetDB has modification time of '2024-06-06T09:11:14.4160437Z' while content on disk has modification time of '2024-06-06T09:11:32.0466182Z'
  ERROR: Build asset version error: packages/com.code-philosophy.luban/package.json in SourceAssetDB has modification time of '2024-06-06T09:11:14.4160437Z' while content on disk has modification time of '2024-06-06T09:11:32.0466182Z'
Number of updated asset objects reloaded before import = 0
Number of asset objects unloaded after import = 0
========================================================================
Received Import Request.
  Time since last request: 0.007505 seconds.
  path: Packages/com.code-philosophy.luban/package.json
  artifactKey: Guid(ff12bd64e92ccc647b703701cc341095) Importer(815301076,1909f56bfc062723c751e8b465ee728b)
Start importing Packages/com.code-philosophy.luban/package.json using Guid(ff12bd64e92ccc647b703701cc341095) Importer(815301076,1909f56bfc062723c751e8b465ee728b)  -> (artifact id: '00000000000000000000000000000000') in 0.000706 seconds
Import Error Code:(4)
Message: Build asset version error: packages/com.code-philosophy.luban/package.json in SourceAssetDB has modification time of '2024-06-06T09:11:14.4160437Z' while content on disk has modification time of '2024-06-06T09:11:32.0466182Z'
  ERROR: Build asset version error: packages/com.code-philosophy.luban/package.json in SourceAssetDB has modification time of '2024-06-06T09:11:14.4160437Z' while content on disk has modification time of '2024-06-06T09:11:32.0466182Z'
Number of updated asset objects reloaded before import = 0
Number of asset objects unloaded after import = 0
========================================================================
Received Import Request.
  Time since last request: 0.007121 seconds.
  path: Packages/com.code-philosophy.luban/package.json
  artifactKey: Guid(ff12bd64e92ccc647b703701cc341095) Importer(815301076,1909f56bfc062723c751e8b465ee728b)
Start importing Packages/com.code-philosophy.luban/package.json using Guid(ff12bd64e92ccc647b703701cc341095) Importer(815301076,1909f56bfc062723c751e8b465ee728b)  -> (artifact id: '00000000000000000000000000000000') in 0.000808 seconds
Import Error Code:(4)
Message: Build asset version error: packages/com.code-philosophy.luban/package.json in SourceAssetDB has modification time of '2024-06-06T09:11:14.4160437Z' while content on disk has modification time of '2024-06-06T09:11:32.0466182Z'
  ERROR: Build asset version error: packages/com.code-philosophy.luban/package.json in SourceAssetDB has modification time of '2024-06-06T09:11:14.4160437Z' while content on disk has modification time of '2024-06-06T09:11:32.0466182Z'
Number of updated asset objects reloaded before import = 0
Number of asset objects unloaded after import = 0
========================================================================
Received Import Request.
  Time since last request: 0.007381 seconds.
  path: Packages/com.code-philosophy.luban/package.json
  artifactKey: Guid(ff12bd64e92ccc647b703701cc341095) Importer(815301076,1909f56bfc062723c751e8b465ee728b)
Start importing Packages/com.code-philosophy.luban/package.json using Guid(ff12bd64e92ccc647b703701cc341095) Importer(815301076,1909f56bfc062723c751e8b465ee728b)  -> (artifact id: '00000000000000000000000000000000') in 0.000729 seconds
Import Error Code:(4)
Message: Build asset version error: packages/com.code-philosophy.luban/package.json in SourceAssetDB has modification time of '2024-06-06T09:11:14.4160437Z' while content on disk has modification time of '2024-06-06T09:11:32.0466182Z'
  ERROR: Build asset version error: packages/com.code-philosophy.luban/package.json in SourceAssetDB has modification time of '2024-06-06T09:11:14.4160437Z' while content on disk has modification time of '2024-06-06T09:11:32.0466182Z'
Number of updated asset objects reloaded before import = 0
Number of asset objects unloaded after import = 0
========================================================================
Received Import Request.
  Time since last request: 0.006981 seconds.
  path: Packages/com.code-philosophy.luban/package.json
  artifactKey: Guid(ff12bd64e92ccc647b703701cc341095) Importer(815301076,1909f56bfc062723c751e8b465ee728b)
Start importing Packages/com.code-philosophy.luban/package.json using Guid(ff12bd64e92ccc647b703701cc341095) Importer(815301076,1909f56bfc062723c751e8b465ee728b)  -> (artifact id: '00000000000000000000000000000000') in 0.001221 seconds
Import Error Code:(4)
Message: Build asset version error: packages/com.code-philosophy.luban/package.json in SourceAssetDB has modification time of '2024-06-06T09:11:14.4160437Z' while content on disk has modification time of '2024-06-06T09:11:32.0466182Z'
  ERROR: Build asset version error: packages/com.code-philosophy.luban/package.json in SourceAssetDB has modification time of '2024-06-06T09:11:14.4160437Z' while content on disk has modification time of '2024-06-06T09:11:32.0466182Z'
Number of updated asset objects reloaded before import = 0
Number of asset objects unloaded after import = 0
========================================================================
Received Import Request.
  Time since last request: 0.007298 seconds.
  path: Packages/com.code-philosophy.luban/package.json
  artifactKey: Guid(ff12bd64e92ccc647b703701cc341095) Importer(815301076,1909f56bfc062723c751e8b465ee728b)
Start importing Packages/com.code-philosophy.luban/package.json using Guid(ff12bd64e92ccc647b703701cc341095) Importer(815301076,1909f56bfc062723c751e8b465ee728b)  -> (artifact id: '00000000000000000000000000000000') in 0.000721 seconds
Import Error Code:(4)
Message: Build asset version error: packages/com.code-philosophy.luban/package.json in SourceAssetDB has modification time of '2024-06-06T09:11:14.4160437Z' while content on disk has modification time of '2024-06-06T09:11:32.0466182Z'
  ERROR: Build asset version error: packages/com.code-philosophy.luban/package.json in SourceAssetDB has modification time of '2024-06-06T09:11:14.4160437Z' while content on disk has modification time of '2024-06-06T09:11:32.0466182Z'
Number of updated asset objects reloaded before import = 0
Number of asset objects unloaded after import = 0
========================================================================
Received Import Request.
  Time since last request: 0.006956 seconds.
  path: Packages/com.code-philosophy.luban/package.json
  artifactKey: Guid(ff12bd64e92ccc647b703701cc341095) Importer(815301076,1909f56bfc062723c751e8b465ee728b)
Start importing Packages/com.code-philosophy.luban/package.json using Guid(ff12bd64e92ccc647b703701cc341095) Importer(815301076,1909f56bfc062723c751e8b465ee728b)  -> (artifact id: '00000000000000000000000000000000') in 0.000836 seconds
Import Error Code:(4)
Message: Build asset version error: packages/com.code-philosophy.luban/package.json in SourceAssetDB has modification time of '2024-06-06T09:11:14.4160437Z' while content on disk has modification time of '2024-06-06T09:11:32.0466182Z'
  ERROR: Build asset version error: packages/com.code-philosophy.luban/package.json in SourceAssetDB has modification time of '2024-06-06T09:11:14.4160437Z' while content on disk has modification time of '2024-06-06T09:11:32.0466182Z'
Number of updated asset objects reloaded before import = 0
Number of asset objects unloaded after import = 0
========================================================================
Received Import Request.
  Time since last request: 0.007448 seconds.
  path: Packages/com.code-philosophy.luban/package.json
  artifactKey: Guid(ff12bd64e92ccc647b703701cc341095) Importer(815301076,1909f56bfc062723c751e8b465ee728b)
Start importing Packages/com.code-philosophy.luban/package.json using Guid(ff12bd64e92ccc647b703701cc341095) Importer(815301076,1909f56bfc062723c751e8b465ee728b)  -> (artifact id: '00000000000000000000000000000000') in 0.000731 seconds
Import Error Code:(4)
Message: Build asset version error: packages/com.code-philosophy.luban/package.json in SourceAssetDB has modification time of '2024-06-06T09:11:14.4160437Z' while content on disk has modification time of '2024-06-06T09:11:32.0466182Z'
  ERROR: Build asset version error: packages/com.code-philosophy.luban/package.json in SourceAssetDB has modification time of '2024-06-06T09:11:14.4160437Z' while content on disk has modification time of '2024-06-06T09:11:32.0466182Z'
Number of updated asset objects reloaded before import = 0
Number of asset objects unloaded after import = 0
========================================================================
Received Import Request.
  Time since last request: 0.006737 seconds.
  path: Packages/com.code-philosophy.luban/package.json
  artifactKey: Guid(ff12bd64e92ccc647b703701cc341095) Importer(815301076,1909f56bfc062723c751e8b465ee728b)
Start importing Packages/com.code-philosophy.luban/package.json using Guid(ff12bd64e92ccc647b703701cc341095) Importer(815301076,1909f56bfc062723c751e8b465ee728b)  -> (artifact id: '00000000000000000000000000000000') in 0.001178 seconds
Import Error Code:(4)
Message: Build asset version error: packages/com.code-philosophy.luban/package.json in SourceAssetDB has modification time of '2024-06-06T09:11:14.4160437Z' while content on disk has modification time of '2024-06-06T09:11:32.0466182Z'
  ERROR: Build asset version error: packages/com.code-philosophy.luban/package.json in SourceAssetDB has modification time of '2024-06-06T09:11:14.4160437Z' while content on disk has modification time of '2024-06-06T09:11:32.0466182Z'
Number of updated asset objects reloaded before import = 0
Number of asset objects unloaded after import = 0
========================================================================
Received Import Request.
  Time since last request: 0.007541 seconds.
  path: Packages/com.code-philosophy.luban/package.json
  artifactKey: Guid(ff12bd64e92ccc647b703701cc341095) Importer(815301076,1909f56bfc062723c751e8b465ee728b)
Start importing Packages/com.code-philosophy.luban/package.json using Guid(ff12bd64e92ccc647b703701cc341095) Importer(815301076,1909f56bfc062723c751e8b465ee728b)  -> (artifact id: '00000000000000000000000000000000') in 0.000735 seconds
Import Error Code:(4)
Message: Build asset version error: packages/com.code-philosophy.luban/package.json in SourceAssetDB has modification time of '2024-06-06T09:11:14.4160437Z' while content on disk has modification time of '2024-06-06T09:11:32.0466182Z'
  ERROR: Build asset version error: packages/com.code-philosophy.luban/package.json in SourceAssetDB has modification time of '2024-06-06T09:11:14.4160437Z' while content on disk has modification time of '2024-06-06T09:11:32.0466182Z'
Number of updated asset objects reloaded before import = 0
Number of asset objects unloaded after import = 0
========================================================================
Received Import Request.
  Time since last request: 0.007349 seconds.
  path: Packages/com.code-philosophy.luban/package.json
  artifactKey: Guid(ff12bd64e92ccc647b703701cc341095) Importer(815301076,1909f56bfc062723c751e8b465ee728b)
Start importing Packages/com.code-philosophy.luban/package.json using Guid(ff12bd64e92ccc647b703701cc341095) Importer(815301076,1909f56bfc062723c751e8b465ee728b)  -> (artifact id: '00000000000000000000000000000000') in 0.001296 seconds
Import Error Code:(4)
Message: Build asset version error: packages/com.code-philosophy.luban/package.json in SourceAssetDB has modification time of '2024-06-06T09:11:14.4160437Z' while content on disk has modification time of '2024-06-06T09:11:32.0466182Z'
  ERROR: Build asset version error: packages/com.code-philosophy.luban/package.json in SourceAssetDB has modification time of '2024-06-06T09:11:14.4160437Z' while content on disk has modification time of '2024-06-06T09:11:32.0466182Z'
Number of updated asset objects reloaded before import = 0
Number of asset objects unloaded after import = 0
========================================================================
Received Import Request.
  Time since last request: 0.007873 seconds.
  path: Packages/com.code-philosophy.luban/package.json
  artifactKey: Guid(ff12bd64e92ccc647b703701cc341095) Importer(815301076,1909f56bfc062723c751e8b465ee728b)
Start importing Packages/com.code-philosophy.luban/package.json using Guid(ff12bd64e92ccc647b703701cc341095) Importer(815301076,1909f56bfc062723c751e8b465ee728b)  -> (artifact id: '00000000000000000000000000000000') in 0.000692 seconds
Import Error Code:(4)
Message: Build asset version error: packages/com.code-philosophy.luban/package.json in SourceAssetDB has modification time of '2024-06-06T09:11:14.4160437Z' while content on disk has modification time of '2024-06-06T09:11:32.0466182Z'
  ERROR: Build asset version error: packages/com.code-philosophy.luban/package.json in SourceAssetDB has modification time of '2024-06-06T09:11:14.4160437Z' while content on disk has modification time of '2024-06-06T09:11:32.0466182Z'
Number of updated asset objects reloaded before import = 0
Number of asset objects unloaded after import = 0
========================================================================
Received Import Request.
  Time since last request: 0.008339 seconds.
  path: Packages/com.code-philosophy.luban/package.json
  artifactKey: Guid(ff12bd64e92ccc647b703701cc341095) Importer(815301076,1909f56bfc062723c751e8b465ee728b)
Start importing Packages/com.code-philosophy.luban/package.json using Guid(ff12bd64e92ccc647b703701cc341095) Importer(815301076,1909f56bfc062723c751e8b465ee728b)  -> (artifact id: '00000000000000000000000000000000') in 0.000760 seconds
Import Error Code:(4)
Message: Build asset version error: packages/com.code-philosophy.luban/package.json in SourceAssetDB has modification time of '2024-06-06T09:11:14.4160437Z' while content on disk has modification time of '2024-06-06T09:11:32.0466182Z'
  ERROR: Build asset version error: packages/com.code-philosophy.luban/package.json in SourceAssetDB has modification time of '2024-06-06T09:11:14.4160437Z' while content on disk has modification time of '2024-06-06T09:11:32.0466182Z'
Number of updated asset objects reloaded before import = 0
Number of asset objects unloaded after import = 0
========================================================================
Received Import Request.
  Time since last request: 0.006879 seconds.
  path: Packages/com.code-philosophy.luban/package.json
  artifactKey: Guid(ff12bd64e92ccc647b703701cc341095) Importer(815301076,1909f56bfc062723c751e8b465ee728b)
Start importing Packages/com.code-philosophy.luban/package.json using Guid(ff12bd64e92ccc647b703701cc341095) Importer(815301076,1909f56bfc062723c751e8b465ee728b)  -> (artifact id: '00000000000000000000000000000000') in 0.000712 seconds
Import Error Code:(4)
Message: Build asset version error: packages/com.code-philosophy.luban/package.json in SourceAssetDB has modification time of '2024-06-06T09:11:14.4160437Z' while content on disk has modification time of '2024-06-06T09:11:32.0466182Z'
  ERROR: Build asset version error: packages/com.code-philosophy.luban/package.json in SourceAssetDB has modification time of '2024-06-06T09:11:14.4160437Z' while content on disk has modification time of '2024-06-06T09:11:32.0466182Z'
Number of updated asset objects reloaded before import = 0
Number of asset objects unloaded after import = 0
========================================================================
Received Import Request.
  Time since last request: 0.007406 seconds.
  path: Packages/com.code-philosophy.luban/package.json
  artifactKey: Guid(ff12bd64e92ccc647b703701cc341095) Importer(815301076,1909f56bfc062723c751e8b465ee728b)
Start importing Packages/com.code-philosophy.luban/package.json using Guid(ff12bd64e92ccc647b703701cc341095) Importer(815301076,1909f56bfc062723c751e8b465ee728b)  -> (artifact id: '00000000000000000000000000000000') in 0.000843 seconds
Import Error Code:(4)
Message: Build asset version error: packages/com.code-philosophy.luban/package.json in SourceAssetDB has modification time of '2024-06-06T09:11:14.4160437Z' while content on disk has modification time of '2024-06-06T09:11:32.0466182Z'
  ERROR: Build asset version error: packages/com.code-philosophy.luban/package.json in SourceAssetDB has modification time of '2024-06-06T09:11:14.4160437Z' while content on disk has modification time of '2024-06-06T09:11:32.0466182Z'
Number of updated asset objects reloaded before import = 0
Number of asset objects unloaded after import = 0
========================================================================
Received Import Request.
  Time since last request: 0.006646 seconds.
  path: Packages/com.code-philosophy.luban/package.json
  artifactKey: Guid(ff12bd64e92ccc647b703701cc341095) Importer(815301076,1909f56bfc062723c751e8b465ee728b)
Start importing Packages/com.code-philosophy.luban/package.json using Guid(ff12bd64e92ccc647b703701cc341095) Importer(815301076,1909f56bfc062723c751e8b465ee728b)  -> (artifact id: '00000000000000000000000000000000') in 0.000732 seconds
Import Error Code:(4)
Message: Build asset version error: packages/com.code-philosophy.luban/package.json in SourceAssetDB has modification time of '2024-06-06T09:11:14.4160437Z' while content on disk has modification time of '2024-06-06T09:11:32.0466182Z'
  ERROR: Build asset version error: packages/com.code-philosophy.luban/package.json in SourceAssetDB has modification time of '2024-06-06T09:11:14.4160437Z' while content on disk has modification time of '2024-06-06T09:11:32.0466182Z'
Number of updated asset objects reloaded before import = 0
Number of asset objects unloaded after import = 0
========================================================================
Received Import Request.
  Time since last request: 0.007222 seconds.
  path: Packages/com.code-philosophy.luban/package.json
  artifactKey: Guid(ff12bd64e92ccc647b703701cc341095) Importer(815301076,1909f56bfc062723c751e8b465ee728b)
Start importing Packages/com.code-philosophy.luban/package.json using Guid(ff12bd64e92ccc647b703701cc341095) Importer(815301076,1909f56bfc062723c751e8b465ee728b)  -> (artifact id: '00000000000000000000000000000000') in 0.001019 seconds
Import Error Code:(4)
Message: Build asset version error: packages/com.code-philosophy.luban/package.json in SourceAssetDB has modification time of '2024-06-06T09:11:14.4160437Z' while content on disk has modification time of '2024-06-06T09:11:32.0466182Z'
  ERROR: Build asset version error: packages/com.code-philosophy.luban/package.json in SourceAssetDB has modification time of '2024-06-06T09:11:14.4160437Z' while content on disk has modification time of '2024-06-06T09:11:32.0466182Z'
Number of updated asset objects reloaded before import = 0
Number of asset objects unloaded after import = 0
========================================================================
Received Import Request.
  Time since last request: 0.006741 seconds.
  path: Packages/com.code-philosophy.luban/package.json
  artifactKey: Guid(ff12bd64e92ccc647b703701cc341095) Importer(815301076,1909f56bfc062723c751e8b465ee728b)
Start importing Packages/com.code-philosophy.luban/package.json using Guid(ff12bd64e92ccc647b703701cc341095) Importer(815301076,1909f56bfc062723c751e8b465ee728b)  -> (artifact id: '00000000000000000000000000000000') in 0.000730 seconds
Import Error Code:(4)
Message: Build asset version error: packages/com.code-philosophy.luban/package.json in SourceAssetDB has modification time of '2024-06-06T09:11:14.4160437Z' while content on disk has modification time of '2024-06-06T09:11:32.0466182Z'
  ERROR: Build asset version error: packages/com.code-philosophy.luban/package.json in SourceAssetDB has modification time of '2024-06-06T09:11:14.4160437Z' while content on disk has modification time of '2024-06-06T09:11:32.0466182Z'
Number of updated asset objects reloaded before import = 0
Number of asset objects unloaded after import = 0
========================================================================
Received Import Request.
  Time since last request: 0.007509 seconds.
  path: Packages/com.code-philosophy.luban/package.json
  artifactKey: Guid(ff12bd64e92ccc647b703701cc341095) Importer(815301076,1909f56bfc062723c751e8b465ee728b)
Start importing Packages/com.code-philosophy.luban/package.json using Guid(ff12bd64e92ccc647b703701cc341095) Importer(815301076,1909f56bfc062723c751e8b465ee728b)  -> (artifact id: '00000000000000000000000000000000') in 0.000929 seconds
Import Error Code:(4)
Message: Build asset version error: packages/com.code-philosophy.luban/package.json in SourceAssetDB has modification time of '2024-06-06T09:11:14.4160437Z' while content on disk has modification time of '2024-06-06T09:11:32.0466182Z'
  ERROR: Build asset version error: packages/com.code-philosophy.luban/package.json in SourceAssetDB has modification time of '2024-06-06T09:11:14.4160437Z' while content on disk has modification time of '2024-06-06T09:11:32.0466182Z'
Number of updated asset objects reloaded before import = 0
Number of asset objects unloaded after import = 0
========================================================================
Received Import Request.
  Time since last request: 0.006635 seconds.
  path: Packages/com.code-philosophy.luban/package.json
  artifactKey: Guid(ff12bd64e92ccc647b703701cc341095) Importer(815301076,1909f56bfc062723c751e8b465ee728b)
Start importing Packages/com.code-philosophy.luban/package.json using Guid(ff12bd64e92ccc647b703701cc341095) Importer(815301076,1909f56bfc062723c751e8b465ee728b)  -> (artifact id: '00000000000000000000000000000000') in 0.000728 seconds
Import Error Code:(4)
Message: Build asset version error: packages/com.code-philosophy.luban/package.json in SourceAssetDB has modification time of '2024-06-06T09:11:14.4160437Z' while content on disk has modification time of '2024-06-06T09:11:32.0466182Z'
  ERROR: Build asset version error: packages/com.code-philosophy.luban/package.json in SourceAssetDB has modification time of '2024-06-06T09:11:14.4160437Z' while content on disk has modification time of '2024-06-06T09:11:32.0466182Z'
Number of updated asset objects reloaded before import = 0
Number of asset objects unloaded after import = 0
========================================================================
Received Import Request.
  Time since last request: 0.007990 seconds.
  path: Packages/com.code-philosophy.luban/package.json
  artifactKey: Guid(ff12bd64e92ccc647b703701cc341095) Importer(815301076,1909f56bfc062723c751e8b465ee728b)
Start importing Packages/com.code-philosophy.luban/package.json using Guid(ff12bd64e92ccc647b703701cc341095) Importer(815301076,1909f56bfc062723c751e8b465ee728b)  -> (artifact id: '00000000000000000000000000000000') in 0.000756 seconds
Import Error Code:(4)
Message: Build asset version error: packages/com.code-philosophy.luban/package.json in SourceAssetDB has modification time of '2024-06-06T09:11:14.4160437Z' while content on disk has modification time of '2024-06-06T09:11:32.0466182Z'
  ERROR: Build asset version error: packages/com.code-philosophy.luban/package.json in SourceAssetDB has modification time of '2024-06-06T09:11:14.4160437Z' while content on disk has modification time of '2024-06-06T09:11:32.0466182Z'
Number of updated asset objects reloaded before import = 0
Number of asset objects unloaded after import = 0
========================================================================
Received Import Request.
  Time since last request: 0.006582 seconds.
  path: Packages/com.code-philosophy.luban/package.json
  artifactKey: Guid(ff12bd64e92ccc647b703701cc341095) Importer(815301076,1909f56bfc062723c751e8b465ee728b)
Start importing Packages/com.code-philosophy.luban/package.json using Guid(ff12bd64e92ccc647b703701cc341095) Importer(815301076,1909f56bfc062723c751e8b465ee728b)  -> (artifact id: '00000000000000000000000000000000') in 0.000723 seconds
Import Error Code:(4)
Message: Build asset version error: packages/com.code-philosophy.luban/package.json in SourceAssetDB has modification time of '2024-06-06T09:11:14.4160437Z' while content on disk has modification time of '2024-06-06T09:11:32.0466182Z'
  ERROR: Build asset version error: packages/com.code-philosophy.luban/package.json in SourceAssetDB has modification time of '2024-06-06T09:11:14.4160437Z' while content on disk has modification time of '2024-06-06T09:11:32.0466182Z'
Number of updated asset objects reloaded before import = 0
Number of asset objects unloaded after import = 0
========================================================================
Received Import Request.
  Time since last request: 0.007298 seconds.
  path: Packages/com.code-philosophy.luban/package.json
  artifactKey: Guid(ff12bd64e92ccc647b703701cc341095) Importer(815301076,1909f56bfc062723c751e8b465ee728b)
Start importing Packages/com.code-philosophy.luban/package.json using Guid(ff12bd64e92ccc647b703701cc341095) Importer(815301076,1909f56bfc062723c751e8b465ee728b)  -> (artifact id: '00000000000000000000000000000000') in 0.000782 seconds
Import Error Code:(4)
Message: Build asset version error: packages/com.code-philosophy.luban/package.json in SourceAssetDB has modification time of '2024-06-06T09:11:14.4160437Z' while content on disk has modification time of '2024-06-06T09:11:32.0466182Z'
  ERROR: Build asset version error: packages/com.code-philosophy.luban/package.json in SourceAssetDB has modification time of '2024-06-06T09:11:14.4160437Z' while content on disk has modification time of '2024-06-06T09:11:32.0466182Z'
Number of updated asset objects reloaded before import = 0
Number of asset objects unloaded after import = 0
========================================================================
Received Import Request.
  Time since last request: 0.006728 seconds.
  path: Packages/com.code-philosophy.luban/package.json
  artifactKey: Guid(ff12bd64e92ccc647b703701cc341095) Importer(815301076,1909f56bfc062723c751e8b465ee728b)
Start importing Packages/com.code-philosophy.luban/package.json using Guid(ff12bd64e92ccc647b703701cc341095) Importer(815301076,1909f56bfc062723c751e8b465ee728b)  -> (artifact id: '00000000000000000000000000000000') in 0.000980 seconds
Import Error Code:(4)
Message: Build asset version error: packages/com.code-philosophy.luban/package.json in SourceAssetDB has modification time of '2024-06-06T09:11:14.4160437Z' while content on disk has modification time of '2024-06-06T09:11:32.0466182Z'
  ERROR: Build asset version error: packages/com.code-philosophy.luban/package.json in SourceAssetDB has modification time of '2024-06-06T09:11:14.4160437Z' while content on disk has modification time of '2024-06-06T09:11:32.0466182Z'
Number of updated asset objects reloaded before import = 0
Number of asset objects unloaded after import = 0
========================================================================
Received Import Request.
  Time since last request: 0.006914 seconds.
  path: Packages/com.code-philosophy.luban/package.json
  artifactKey: Guid(ff12bd64e92ccc647b703701cc341095) Importer(815301076,1909f56bfc062723c751e8b465ee728b)
Start importing Packages/com.code-philosophy.luban/package.json using Guid(ff12bd64e92ccc647b703701cc341095) Importer(815301076,1909f56bfc062723c751e8b465ee728b)  -> (artifact id: '00000000000000000000000000000000') in 0.000886 seconds
Import Error Code:(4)
Message: Build asset version error: packages/com.code-philosophy.luban/package.json in SourceAssetDB has modification time of '2024-06-06T09:11:14.4160437Z' while content on disk has modification time of '2024-06-06T09:11:32.0466182Z'
  ERROR: Build asset version error: packages/com.code-philosophy.luban/package.json in SourceAssetDB has modification time of '2024-06-06T09:11:14.4160437Z' while content on disk has modification time of '2024-06-06T09:11:32.0466182Z'
Number of updated asset objects reloaded before import = 0
Number of asset objects unloaded after import = 0
========================================================================
Received Import Request.
  Time since last request: 0.007968 seconds.
  path: Packages/com.code-philosophy.luban/package.json
  artifactKey: Guid(ff12bd64e92ccc647b703701cc341095) Importer(815301076,1909f56bfc062723c751e8b465ee728b)
Start importing Packages/com.code-philosophy.luban/package.json using Guid(ff12bd64e92ccc647b703701cc341095) Importer(815301076,1909f56bfc062723c751e8b465ee728b)  -> (artifact id: '00000000000000000000000000000000') in 0.000713 seconds
Import Error Code:(4)
Message: Build asset version error: packages/com.code-philosophy.luban/package.json in SourceAssetDB has modification time of '2024-06-06T09:11:14.4160437Z' while content on disk has modification time of '2024-06-06T09:11:32.0466182Z'
  ERROR: Build asset version error: packages/com.code-philosophy.luban/package.json in SourceAssetDB has modification time of '2024-06-06T09:11:14.4160437Z' while content on disk has modification time of '2024-06-06T09:11:32.0466182Z'
Number of updated asset objects reloaded before import = 0
Number of asset objects unloaded after import = 0
========================================================================
Received Import Request.
  Time since last request: 0.007537 seconds.
  path: Packages/com.code-philosophy.luban/package.json
  artifactKey: Guid(ff12bd64e92ccc647b703701cc341095) Importer(815301076,1909f56bfc062723c751e8b465ee728b)
Start importing Packages/com.code-philosophy.luban/package.json using Guid(ff12bd64e92ccc647b703701cc341095) Importer(815301076,1909f56bfc062723c751e8b465ee728b)  -> (artifact id: '00000000000000000000000000000000') in 0.000881 seconds
Import Error Code:(4)
Message: Build asset version error: packages/com.code-philosophy.luban/package.json in SourceAssetDB has modification time of '2024-06-06T09:11:14.4160437Z' while content on disk has modification time of '2024-06-06T09:11:32.0466182Z'
  ERROR: Build asset version error: packages/com.code-philosophy.luban/package.json in SourceAssetDB has modification time of '2024-06-06T09:11:14.4160437Z' while content on disk has modification time of '2024-06-06T09:11:32.0466182Z'
Number of updated asset objects reloaded before import = 0
Number of asset objects unloaded after import = 0
========================================================================
Received Import Request.
  Time since last request: 0.007020 seconds.
  path: Packages/com.code-philosophy.luban/package.json
  artifactKey: Guid(ff12bd64e92ccc647b703701cc341095) Importer(815301076,1909f56bfc062723c751e8b465ee728b)
Start importing Packages/com.code-philosophy.luban/package.json using Guid(ff12bd64e92ccc647b703701cc341095) Importer(815301076,1909f56bfc062723c751e8b465ee728b)  -> (artifact id: '00000000000000000000000000000000') in 0.000732 seconds
Import Error Code:(4)
Message: Build asset version error: packages/com.code-philosophy.luban/package.json in SourceAssetDB has modification time of '2024-06-06T09:11:14.4160437Z' while content on disk has modification time of '2024-06-06T09:11:32.0466182Z'
  ERROR: Build asset version error: packages/com.code-philosophy.luban/package.json in SourceAssetDB has modification time of '2024-06-06T09:11:14.4160437Z' while content on disk has modification time of '2024-06-06T09:11:32.0466182Z'
Number of updated asset objects reloaded before import = 0
Number of asset objects unloaded after import = 0
========================================================================
Received Import Request.
  Time since last request: 0.007600 seconds.
  path: Packages/com.code-philosophy.luban/package.json
  artifactKey: Guid(ff12bd64e92ccc647b703701cc341095) Importer(815301076,1909f56bfc062723c751e8b465ee728b)
Start importing Packages/com.code-philosophy.luban/package.json using Guid(ff12bd64e92ccc647b703701cc341095) Importer(815301076,1909f56bfc062723c751e8b465ee728b)  -> (artifact id: '00000000000000000000000000000000') in 0.000752 seconds
Import Error Code:(4)
Message: Build asset version error: packages/com.code-philosophy.luban/package.json in SourceAssetDB has modification time of '2024-06-06T09:11:14.4160437Z' while content on disk has modification time of '2024-06-06T09:11:32.0466182Z'
  ERROR: Build asset version error: packages/com.code-philosophy.luban/package.json in SourceAssetDB has modification time of '2024-06-06T09:11:14.4160437Z' while content on disk has modification time of '2024-06-06T09:11:32.0466182Z'
Number of updated asset objects reloaded before import = 0
Number of asset objects unloaded after import = 0
========================================================================
Received Import Request.
  Time since last request: 0.007236 seconds.
  path: Packages/com.code-philosophy.luban/package.json
  artifactKey: Guid(ff12bd64e92ccc647b703701cc341095) Importer(815301076,1909f56bfc062723c751e8b465ee728b)
Start importing Packages/com.code-philosophy.luban/package.json using Guid(ff12bd64e92ccc647b703701cc341095) Importer(815301076,1909f56bfc062723c751e8b465ee728b)  -> (artifact id: '00000000000000000000000000000000') in 0.000710 seconds
Import Error Code:(4)
Message: Build asset version error: packages/com.code-philosophy.luban/package.json in SourceAssetDB has modification time of '2024-06-06T09:11:14.4160437Z' while content on disk has modification time of '2024-06-06T09:11:32.0466182Z'
  ERROR: Build asset version error: packages/com.code-philosophy.luban/package.json in SourceAssetDB has modification time of '2024-06-06T09:11:14.4160437Z' while content on disk has modification time of '2024-06-06T09:11:32.0466182Z'
Number of updated asset objects reloaded before import = 0
Number of asset objects unloaded after import = 0
========================================================================
Received Import Request.
  Time since last request: 0.008119 seconds.
  path: Packages/com.code-philosophy.luban/package.json
  artifactKey: Guid(ff12bd64e92ccc647b703701cc341095) Importer(815301076,1909f56bfc062723c751e8b465ee728b)
Start importing Packages/com.code-philosophy.luban/package.json using Guid(ff12bd64e92ccc647b703701cc341095) Importer(815301076,1909f56bfc062723c751e8b465ee728b)  -> (artifact id: '00000000000000000000000000000000') in 0.000848 seconds
Import Error Code:(4)
Message: Build asset version error: packages/com.code-philosophy.luban/package.json in SourceAssetDB has modification time of '2024-06-06T09:11:14.4160437Z' while content on disk has modification time of '2024-06-06T09:11:32.0466182Z'
  ERROR: Build asset version error: packages/com.code-philosophy.luban/package.json in SourceAssetDB has modification time of '2024-06-06T09:11:14.4160437Z' while content on disk has modification time of '2024-06-06T09:11:32.0466182Z'
Number of updated asset objects reloaded before import = 0
Number of asset objects unloaded after import = 0
========================================================================
Received Import Request.
  Time since last request: 0.009903 seconds.
  path: Packages/com.code-philosophy.luban/package.json
  artifactKey: Guid(ff12bd64e92ccc647b703701cc341095) Importer(815301076,1909f56bfc062723c751e8b465ee728b)
Start importing Packages/com.code-philosophy.luban/package.json using Guid(ff12bd64e92ccc647b703701cc341095) Importer(815301076,1909f56bfc062723c751e8b465ee728b)  -> (artifact id: '00000000000000000000000000000000') in 0.001040 seconds
Import Error Code:(4)
Message: Build asset version error: packages/com.code-philosophy.luban/package.json in SourceAssetDB has modification time of '2024-06-06T09:11:14.4160437Z' while content on disk has modification time of '2024-06-06T09:11:32.0466182Z'
  ERROR: Build asset version error: packages/com.code-philosophy.luban/package.json in SourceAssetDB has modification time of '2024-06-06T09:11:14.4160437Z' while content on disk has modification time of '2024-06-06T09:11:32.0466182Z'
Number of updated asset objects reloaded before import = 0
Number of asset objects unloaded after import = 0
========================================================================
Received Import Request.
  Time since last request: 0.009577 seconds.
  path: Packages/com.code-philosophy.luban/package.json
  artifactKey: Guid(ff12bd64e92ccc647b703701cc341095) Importer(815301076,1909f56bfc062723c751e8b465ee728b)
Start importing Packages/com.code-philosophy.luban/package.json using Guid(ff12bd64e92ccc647b703701cc341095) Importer(815301076,1909f56bfc062723c751e8b465ee728b)  -> (artifact id: '00000000000000000000000000000000') in 0.000754 seconds
Import Error Code:(4)
Message: Build asset version error: packages/com.code-philosophy.luban/package.json in SourceAssetDB has modification time of '2024-06-06T09:11:14.4160437Z' while content on disk has modification time of '2024-06-06T09:11:32.0466182Z'
  ERROR: Build asset version error: packages/com.code-philosophy.luban/package.json in SourceAssetDB has modification time of '2024-06-06T09:11:14.4160437Z' while content on disk has modification time of '2024-06-06T09:11:32.0466182Z'
Number of updated asset objects reloaded before import = 0
Number of asset objects unloaded after import = 0
========================================================================
Received Import Request.
  Time since last request: 0.007812 seconds.
  path: Packages/com.code-philosophy.luban/package.json
  artifactKey: Guid(ff12bd64e92ccc647b703701cc341095) Importer(815301076,1909f56bfc062723c751e8b465ee728b)
Start importing Packages/com.code-philosophy.luban/package.json using Guid(ff12bd64e92ccc647b703701cc341095) Importer(815301076,1909f56bfc062723c751e8b465ee728b)  -> (artifact id: '00000000000000000000000000000000') in 0.000997 seconds
Import Error Code:(4)
Message: Build asset version error: packages/com.code-philosophy.luban/package.json in SourceAssetDB has modification time of '2024-06-06T09:11:14.4160437Z' while content on disk has modification time of '2024-06-06T09:11:32.0466182Z'
  ERROR: Build asset version error: packages/com.code-philosophy.luban/package.json in SourceAssetDB has modification time of '2024-06-06T09:11:14.4160437Z' while content on disk has modification time of '2024-06-06T09:11:32.0466182Z'
Number of updated asset objects reloaded before import = 0
Number of asset objects unloaded after import = 0
========================================================================
Received Import Request.
  Time since last request: 0.008985 seconds.
  path: Packages/com.code-philosophy.luban/package.json
  artifactKey: Guid(ff12bd64e92ccc647b703701cc341095) Importer(815301076,1909f56bfc062723c751e8b465ee728b)
Start importing Packages/com.code-philosophy.luban/package.json using Guid(ff12bd64e92ccc647b703701cc341095) Importer(815301076,1909f56bfc062723c751e8b465ee728b)  -> (artifact id: '00000000000000000000000000000000') in 0.000754 seconds
Import Error Code:(4)
Message: Build asset version error: packages/com.code-philosophy.luban/package.json in SourceAssetDB has modification time of '2024-06-06T09:11:14.4160437Z' while content on disk has modification time of '2024-06-06T09:11:32.0466182Z'
  ERROR: Build asset version error: packages/com.code-philosophy.luban/package.json in SourceAssetDB has modification time of '2024-06-06T09:11:14.4160437Z' while content on disk has modification time of '2024-06-06T09:11:32.0466182Z'
Number of updated asset objects reloaded before import = 0
Number of asset objects unloaded after import = 0
========================================================================
Received Import Request.
  Time since last request: 0.008731 seconds.
  path: Packages/com.code-philosophy.luban/package.json
  artifactKey: Guid(ff12bd64e92ccc647b703701cc341095) Importer(815301076,1909f56bfc062723c751e8b465ee728b)
Start importing Packages/com.code-philosophy.luban/package.json using Guid(ff12bd64e92ccc647b703701cc341095) Importer(815301076,1909f56bfc062723c751e8b465ee728b)  -> (artifact id: '00000000000000000000000000000000') in 0.000794 seconds
Import Error Code:(4)
Message: Build asset version error: packages/com.code-philosophy.luban/package.json in SourceAssetDB has modification time of '2024-06-06T09:11:14.4160437Z' while content on disk has modification time of '2024-06-06T09:11:32.0466182Z'
  ERROR: Build asset version error: packages/com.code-philosophy.luban/package.json in SourceAssetDB has modification time of '2024-06-06T09:11:14.4160437Z' while content on disk has modification time of '2024-06-06T09:11:32.0466182Z'
Number of updated asset objects reloaded before import = 0
Number of asset objects unloaded after import = 0
========================================================================
Received Import Request.
  Time since last request: 0.007120 seconds.
  path: Packages/com.code-philosophy.luban/package.json
  artifactKey: Guid(ff12bd64e92ccc647b703701cc341095) Importer(815301076,1909f56bfc062723c751e8b465ee728b)
Start importing Packages/com.code-philosophy.luban/package.json using Guid(ff12bd64e92ccc647b703701cc341095) Importer(815301076,1909f56bfc062723c751e8b465ee728b)  -> (artifact id: '00000000000000000000000000000000') in 0.000785 seconds
Import Error Code:(4)
Message: Build asset version error: packages/com.code-philosophy.luban/package.json in SourceAssetDB has modification time of '2024-06-06T09:11:14.4160437Z' while content on disk has modification time of '2024-06-06T09:11:32.0466182Z'
  ERROR: Build asset version error: packages/com.code-philosophy.luban/package.json in SourceAssetDB has modification time of '2024-06-06T09:11:14.4160437Z' while content on disk has modification time of '2024-06-06T09:11:32.0466182Z'
Number of updated asset objects reloaded before import = 0
Number of asset objects unloaded after import = 0
========================================================================
Received Import Request.
  Time since last request: 0.007909 seconds.
  path: Packages/com.code-philosophy.luban/package.json
  artifactKey: Guid(ff12bd64e92ccc647b703701cc341095) Importer(815301076,1909f56bfc062723c751e8b465ee728b)
Start importing Packages/com.code-philosophy.luban/package.json using Guid(ff12bd64e92ccc647b703701cc341095) Importer(815301076,1909f56bfc062723c751e8b465ee728b)  -> (artifact id: '00000000000000000000000000000000') in 0.000734 seconds
Import Error Code:(4)
Message: Build asset version error: packages/com.code-philosophy.luban/package.json in SourceAssetDB has modification time of '2024-06-06T09:11:14.4160437Z' while content on disk has modification time of '2024-06-06T09:11:32.0466182Z'
  ERROR: Build asset version error: packages/com.code-philosophy.luban/package.json in SourceAssetDB has modification time of '2024-06-06T09:11:14.4160437Z' while content on disk has modification time of '2024-06-06T09:11:32.0466182Z'
Number of updated asset objects reloaded before import = 0
Number of asset objects unloaded after import = 0
========================================================================
Received Import Request.
  Time since last request: 0.006545 seconds.
  path: Packages/com.code-philosophy.luban/package.json
  artifactKey: Guid(ff12bd64e92ccc647b703701cc341095) Importer(815301076,1909f56bfc062723c751e8b465ee728b)
Start importing Packages/com.code-philosophy.luban/package.json using Guid(ff12bd64e92ccc647b703701cc341095) Importer(815301076,1909f56bfc062723c751e8b465ee728b)  -> (artifact id: '00000000000000000000000000000000') in 0.000778 seconds
Import Error Code:(4)
Message: Build asset version error: packages/com.code-philosophy.luban/package.json in SourceAssetDB has modification time of '2024-06-06T09:11:14.4160437Z' while content on disk has modification time of '2024-06-06T09:11:32.0466182Z'
  ERROR: Build asset version error: packages/com.code-philosophy.luban/package.json in SourceAssetDB has modification time of '2024-06-06T09:11:14.4160437Z' while content on disk has modification time of '2024-06-06T09:11:32.0466182Z'
Number of updated asset objects reloaded before import = 0
Number of asset objects unloaded after import = 0
========================================================================
Received Import Request.
  Time since last request: 0.009466 seconds.
  path: Packages/com.code-philosophy.luban/package.json
  artifactKey: Guid(ff12bd64e92ccc647b703701cc341095) Importer(815301076,1909f56bfc062723c751e8b465ee728b)
Start importing Packages/com.code-philosophy.luban/package.json using Guid(ff12bd64e92ccc647b703701cc341095) Importer(815301076,1909f56bfc062723c751e8b465ee728b)  -> (artifact id: '00000000000000000000000000000000') in 0.000708 seconds
Import Error Code:(4)
Message: Build asset version error: packages/com.code-philosophy.luban/package.json in SourceAssetDB has modification time of '2024-06-06T09:11:14.4160437Z' while content on disk has modification time of '2024-06-06T09:11:32.0466182Z'
  ERROR: Build asset version error: packages/com.code-philosophy.luban/package.json in SourceAssetDB has modification time of '2024-06-06T09:11:14.4160437Z' while content on disk has modification time of '2024-06-06T09:11:32.0466182Z'
Number of updated asset objects reloaded before import = 0
Number of asset objects unloaded after import = 0
========================================================================
Received Import Request.
  Time since last request: 0.007628 seconds.
  path: Packages/com.code-philosophy.luban/package.json
  artifactKey: Guid(ff12bd64e92ccc647b703701cc341095) Importer(815301076,1909f56bfc062723c751e8b465ee728b)
Start importing Packages/com.code-philosophy.luban/package.json using Guid(ff12bd64e92ccc647b703701cc341095) Importer(815301076,1909f56bfc062723c751e8b465ee728b)  -> (artifact id: '00000000000000000000000000000000') in 0.000781 seconds
Import Error Code:(4)
Message: Build asset version error: packages/com.code-philosophy.luban/package.json in SourceAssetDB has modification time of '2024-06-06T09:11:14.4160437Z' while content on disk has modification time of '2024-06-06T09:11:32.0466182Z'
  ERROR: Build asset version error: packages/com.code-philosophy.luban/package.json in SourceAssetDB has modification time of '2024-06-06T09:11:14.4160437Z' while content on disk has modification time of '2024-06-06T09:11:32.0466182Z'
Number of updated asset objects reloaded before import = 0
Number of asset objects unloaded after import = 0
========================================================================
Received Import Request.
  Time since last request: 0.007639 seconds.
  path: Packages/com.code-philosophy.luban/package.json
  artifactKey: Guid(ff12bd64e92ccc647b703701cc341095) Importer(815301076,1909f56bfc062723c751e8b465ee728b)
Start importing Packages/com.code-philosophy.luban/package.json using Guid(ff12bd64e92ccc647b703701cc341095) Importer(815301076,1909f56bfc062723c751e8b465ee728b)  -> (artifact id: '00000000000000000000000000000000') in 0.000732 seconds
Import Error Code:(4)
Message: Build asset version error: packages/com.code-philosophy.luban/package.json in SourceAssetDB has modification time of '2024-06-06T09:11:14.4160437Z' while content on disk has modification time of '2024-06-06T09:11:32.0466182Z'
  ERROR: Build asset version error: packages/com.code-philosophy.luban/package.json in SourceAssetDB has modification time of '2024-06-06T09:11:14.4160437Z' while content on disk has modification time of '2024-06-06T09:11:32.0466182Z'
Number of updated asset objects reloaded before import = 0
Number of asset objects unloaded after import = 0
========================================================================
Received Import Request.
  Time since last request: 0.007580 seconds.
  path: Packages/com.code-philosophy.luban/package.json
  artifactKey: Guid(ff12bd64e92ccc647b703701cc341095) Importer(815301076,1909f56bfc062723c751e8b465ee728b)
Start importing Packages/com.code-philosophy.luban/package.json using Guid(ff12bd64e92ccc647b703701cc341095) Importer(815301076,1909f56bfc062723c751e8b465ee728b)  -> (artifact id: '00000000000000000000000000000000') in 0.001280 seconds
Import Error Code:(4)
Message: Build asset version error: packages/com.code-philosophy.luban/package.json in SourceAssetDB has modification time of '2024-06-06T09:11:14.4160437Z' while content on disk has modification time of '2024-06-06T09:11:32.0466182Z'
  ERROR: Build asset version error: packages/com.code-philosophy.luban/package.json in SourceAssetDB has modification time of '2024-06-06T09:11:14.4160437Z' while content on disk has modification time of '2024-06-06T09:11:32.0466182Z'
Number of updated asset objects reloaded before import = 0
Number of asset objects unloaded after import = 0
========================================================================
Received Import Request.
  Time since last request: 0.007934 seconds.
  path: Packages/com.code-philosophy.luban/package.json
  artifactKey: Guid(ff12bd64e92ccc647b703701cc341095) Importer(815301076,1909f56bfc062723c751e8b465ee728b)
Start importing Packages/com.code-philosophy.luban/package.json using Guid(ff12bd64e92ccc647b703701cc341095) Importer(815301076,1909f56bfc062723c751e8b465ee728b)  -> (artifact id: '00000000000000000000000000000000') in 0.000724 seconds
Import Error Code:(4)
Message: Build asset version error: packages/com.code-philosophy.luban/package.json in SourceAssetDB has modification time of '2024-06-06T09:11:14.4160437Z' while content on disk has modification time of '2024-06-06T09:11:32.0466182Z'
  ERROR: Build asset version error: packages/com.code-philosophy.luban/package.json in SourceAssetDB has modification time of '2024-06-06T09:11:14.4160437Z' while content on disk has modification time of '2024-06-06T09:11:32.0466182Z'
Number of updated asset objects reloaded before import = 0
Number of asset objects unloaded after import = 0
========================================================================
Received Import Request.
  Time since last request: 0.007605 seconds.
  path: Packages/com.code-philosophy.luban/package.json
  artifactKey: Guid(ff12bd64e92ccc647b703701cc341095) Importer(815301076,1909f56bfc062723c751e8b465ee728b)
Start importing Packages/com.code-philosophy.luban/package.json using Guid(ff12bd64e92ccc647b703701cc341095) Importer(815301076,1909f56bfc062723c751e8b465ee728b)  -> (artifact id: '00000000000000000000000000000000') in 0.000959 seconds
Import Error Code:(4)
Message: Build asset version error: packages/com.code-philosophy.luban/package.json in SourceAssetDB has modification time of '2024-06-06T09:11:14.4160437Z' while content on disk has modification time of '2024-06-06T09:11:32.0466182Z'
  ERROR: Build asset version error: packages/com.code-philosophy.luban/package.json in SourceAssetDB has modification time of '2024-06-06T09:11:14.4160437Z' while content on disk has modification time of '2024-06-06T09:11:32.0466182Z'
Number of updated asset objects reloaded before import = 0
Number of asset objects unloaded after import = 0
========================================================================
Received Import Request.
  Time since last request: 0.009926 seconds.
  path: Packages/com.code-philosophy.luban/package.json
  artifactKey: Guid(ff12bd64e92ccc647b703701cc341095) Importer(815301076,1909f56bfc062723c751e8b465ee728b)
Start importing Packages/com.code-philosophy.luban/package.json using Guid(ff12bd64e92ccc647b703701cc341095) Importer(815301076,1909f56bfc062723c751e8b465ee728b)  -> (artifact id: '00000000000000000000000000000000') in 0.000878 seconds
Import Error Code:(4)
Message: Build asset version error: packages/com.code-philosophy.luban/package.json in SourceAssetDB has modification time of '2024-06-06T09:11:14.4160437Z' while content on disk has modification time of '2024-06-06T09:11:32.0466182Z'
  ERROR: Build asset version error: packages/com.code-philosophy.luban/package.json in SourceAssetDB has modification time of '2024-06-06T09:11:14.4160437Z' while content on disk has modification time of '2024-06-06T09:11:32.0466182Z'
Number of updated asset objects reloaded before import = 0
Number of asset objects unloaded after import = 0
========================================================================
Received Import Request.
  Time since last request: 0.011705 seconds.
  path: Packages/com.code-philosophy.luban/package.json
  artifactKey: Guid(ff12bd64e92ccc647b703701cc341095) Importer(815301076,1909f56bfc062723c751e8b465ee728b)
Start importing Packages/com.code-philosophy.luban/package.json using Guid(ff12bd64e92ccc647b703701cc341095) Importer(815301076,1909f56bfc062723c751e8b465ee728b)  -> (artifact id: '00000000000000000000000000000000') in 0.000915 seconds
Import Error Code:(4)
Message: Build asset version error: packages/com.code-philosophy.luban/package.json in SourceAssetDB has modification time of '2024-06-06T09:11:14.4160437Z' while content on disk has modification time of '2024-06-06T09:11:32.0466182Z'
  ERROR: Build asset version error: packages/com.code-philosophy.luban/package.json in SourceAssetDB has modification time of '2024-06-06T09:11:14.4160437Z' while content on disk has modification time of '2024-06-06T09:11:32.0466182Z'
Number of updated asset objects reloaded before import = 0
Number of asset objects unloaded after import = 0
========================================================================
Received Import Request.
  Time since last request: 0.007735 seconds.
  path: Packages/com.code-philosophy.luban/package.json
  artifactKey: Guid(ff12bd64e92ccc647b703701cc341095) Importer(815301076,1909f56bfc062723c751e8b465ee728b)
Start importing Packages/com.code-philosophy.luban/package.json using Guid(ff12bd64e92ccc647b703701cc341095) Importer(815301076,1909f56bfc062723c751e8b465ee728b)  -> (artifact id: '00000000000000000000000000000000') in 0.001095 seconds
Import Error Code:(4)
Message: Build asset version error: packages/com.code-philosophy.luban/package.json in SourceAssetDB has modification time of '2024-06-06T09:11:14.4160437Z' while content on disk has modification time of '2024-06-06T09:11:32.0466182Z'
  ERROR: Build asset version error: packages/com.code-philosophy.luban/package.json in SourceAssetDB has modification time of '2024-06-06T09:11:14.4160437Z' while content on disk has modification time of '2024-06-06T09:11:32.0466182Z'
Number of updated asset objects reloaded before import = 0
Number of asset objects unloaded after import = 0
========================================================================
Received Import Request.
  Time since last request: 0.008560 seconds.
  path: Packages/com.code-philosophy.luban/package.json
  artifactKey: Guid(ff12bd64e92ccc647b703701cc341095) Importer(815301076,1909f56bfc062723c751e8b465ee728b)
Start importing Packages/com.code-philosophy.luban/package.json using Guid(ff12bd64e92ccc647b703701cc341095) Importer(815301076,1909f56bfc062723c751e8b465ee728b)  -> (artifact id: '00000000000000000000000000000000') in 0.000761 seconds
Import Error Code:(4)
Message: Build asset version error: packages/com.code-philosophy.luban/package.json in SourceAssetDB has modification time of '2024-06-06T09:11:14.4160437Z' while content on disk has modification time of '2024-06-06T09:11:32.0466182Z'
  ERROR: Build asset version error: packages/com.code-philosophy.luban/package.json in SourceAssetDB has modification time of '2024-06-06T09:11:14.4160437Z' while content on disk has modification time of '2024-06-06T09:11:32.0466182Z'
Number of updated asset objects reloaded before import = 0
Number of asset objects unloaded after import = 0
========================================================================
Received Import Request.
  Time since last request: 0.007960 seconds.
  path: Packages/com.code-philosophy.luban/package.json
  artifactKey: Guid(ff12bd64e92ccc647b703701cc341095) Importer(815301076,1909f56bfc062723c751e8b465ee728b)
Start importing Packages/com.code-philosophy.luban/package.json using Guid(ff12bd64e92ccc647b703701cc341095) Importer(815301076,1909f56bfc062723c751e8b465ee728b)  -> (artifact id: '00000000000000000000000000000000') in 0.000853 seconds
Import Error Code:(4)
Message: Build asset version error: packages/com.code-philosophy.luban/package.json in SourceAssetDB has modification time of '2024-06-06T09:11:14.4160437Z' while content on disk has modification time of '2024-06-06T09:11:32.0466182Z'
  ERROR: Build asset version error: packages/com.code-philosophy.luban/package.json in SourceAssetDB has modification time of '2024-06-06T09:11:14.4160437Z' while content on disk has modification time of '2024-06-06T09:11:32.0466182Z'
Number of updated asset objects reloaded before import = 0
Number of asset objects unloaded after import = 0
========================================================================
Received Import Request.
  Time since last request: 0.007849 seconds.
  path: Packages/com.code-philosophy.luban/package.json
  artifactKey: Guid(ff12bd64e92ccc647b703701cc341095) Importer(815301076,1909f56bfc062723c751e8b465ee728b)
Start importing Packages/com.code-philosophy.luban/package.json using Guid(ff12bd64e92ccc647b703701cc341095) Importer(815301076,1909f56bfc062723c751e8b465ee728b)  -> (artifact id: '00000000000000000000000000000000') in 0.000768 seconds
Import Error Code:(4)
Message: Build asset version error: packages/com.code-philosophy.luban/package.json in SourceAssetDB has modification time of '2024-06-06T09:11:14.4160437Z' while content on disk has modification time of '2024-06-06T09:11:32.0466182Z'
  ERROR: Build asset version error: packages/com.code-philosophy.luban/package.json in SourceAssetDB has modification time of '2024-06-06T09:11:14.4160437Z' while content on disk has modification time of '2024-06-06T09:11:32.0466182Z'
Number of updated asset objects reloaded before import = 0
Number of asset objects unloaded after import = 0
========================================================================
Received Import Request.
  Time since last request: 0.007761 seconds.
  path: Packages/com.code-philosophy.luban/package.json
  artifactKey: Guid(ff12bd64e92ccc647b703701cc341095) Importer(815301076,1909f56bfc062723c751e8b465ee728b)
Start importing Packages/com.code-philosophy.luban/package.json using Guid(ff12bd64e92ccc647b703701cc341095) Importer(815301076,1909f56bfc062723c751e8b465ee728b)  -> (artifact id: '00000000000000000000000000000000') in 0.000750 seconds
Import Error Code:(4)
Message: Build asset version error: packages/com.code-philosophy.luban/package.json in SourceAssetDB has modification time of '2024-06-06T09:11:14.4160437Z' while content on disk has modification time of '2024-06-06T09:11:32.0466182Z'
  ERROR: Build asset version error: packages/com.code-philosophy.luban/package.json in SourceAssetDB has modification time of '2024-06-06T09:11:14.4160437Z' while content on disk has modification time of '2024-06-06T09:11:32.0466182Z'
Number of updated asset objects reloaded before import = 0
Number of asset objects unloaded after import = 0
========================================================================
Received Import Request.
  Time since last request: 0.006938 seconds.
  path: Packages/com.code-philosophy.luban/package.json
  artifactKey: Guid(ff12bd64e92ccc647b703701cc341095) Importer(815301076,1909f56bfc062723c751e8b465ee728b)
Start importing Packages/com.code-philosophy.luban/package.json using Guid(ff12bd64e92ccc647b703701cc341095) Importer(815301076,1909f56bfc062723c751e8b465ee728b)  -> (artifact id: '00000000000000000000000000000000') in 0.000824 seconds
Import Error Code:(4)
Message: Build asset version error: packages/com.code-philosophy.luban/package.json in SourceAssetDB has modification time of '2024-06-06T09:11:14.4160437Z' while content on disk has modification time of '2024-06-06T09:11:32.0466182Z'
  ERROR: Build asset version error: packages/com.code-philosophy.luban/package.json in SourceAssetDB has modification time of '2024-06-06T09:11:14.4160437Z' while content on disk has modification time of '2024-06-06T09:11:32.0466182Z'
Number of updated asset objects reloaded before import = 0
Number of asset objects unloaded after import = 0
========================================================================
Received Import Request.
  Time since last request: 0.008703 seconds.
  path: Packages/com.code-philosophy.luban/package.json
  artifactKey: Guid(ff12bd64e92ccc647b703701cc341095) Importer(815301076,1909f56bfc062723c751e8b465ee728b)
Start importing Packages/com.code-philosophy.luban/package.json using Guid(ff12bd64e92ccc647b703701cc341095) Importer(815301076,1909f56bfc062723c751e8b465ee728b)  -> (artifact id: '00000000000000000000000000000000') in 0.000711 seconds
Import Error Code:(4)
Message: Build asset version error: packages/com.code-philosophy.luban/package.json in SourceAssetDB has modification time of '2024-06-06T09:11:14.4160437Z' while content on disk has modification time of '2024-06-06T09:11:32.0466182Z'
  ERROR: Build asset version error: packages/com.code-philosophy.luban/package.json in SourceAssetDB has modification time of '2024-06-06T09:11:14.4160437Z' while content on disk has modification time of '2024-06-06T09:11:32.0466182Z'
Number of updated asset objects reloaded before import = 0
Number of asset objects unloaded after import = 0
========================================================================
Received Import Request.
  Time since last request: 0.007969 seconds.
  path: Packages/com.code-philosophy.luban/package.json
  artifactKey: Guid(ff12bd64e92ccc647b703701cc341095) Importer(815301076,1909f56bfc062723c751e8b465ee728b)
Start importing Packages/com.code-philosophy.luban/package.json using Guid(ff12bd64e92ccc647b703701cc341095) Importer(815301076,1909f56bfc062723c751e8b465ee728b)  -> (artifact id: '00000000000000000000000000000000') in 0.000773 seconds
Import Error Code:(4)
Message: Build asset version error: packages/com.code-philosophy.luban/package.json in SourceAssetDB has modification time of '2024-06-06T09:11:14.4160437Z' while content on disk has modification time of '2024-06-06T09:11:32.0466182Z'
  ERROR: Build asset version error: packages/com.code-philosophy.luban/package.json in SourceAssetDB has modification time of '2024-06-06T09:11:14.4160437Z' while content on disk has modification time of '2024-06-06T09:11:32.0466182Z'
Number of updated asset objects reloaded before import = 0
Number of asset objects unloaded after import = 0
========================================================================
Received Import Request.
  Time since last request: 0.007624 seconds.
  path: Packages/com.code-philosophy.luban/package.json
  artifactKey: Guid(ff12bd64e92ccc647b703701cc341095) Importer(815301076,1909f56bfc062723c751e8b465ee728b)
Start importing Packages/com.code-philosophy.luban/package.json using Guid(ff12bd64e92ccc647b703701cc341095) Importer(815301076,1909f56bfc062723c751e8b465ee728b)  -> (artifact id: '00000000000000000000000000000000') in 0.000774 seconds
Import Error Code:(4)
Message: Build asset version error: packages/com.code-philosophy.luban/package.json in SourceAssetDB has modification time of '2024-06-06T09:11:14.4160437Z' while content on disk has modification time of '2024-06-06T09:11:32.0466182Z'
  ERROR: Build asset version error: packages/com.code-philosophy.luban/package.json in SourceAssetDB has modification time of '2024-06-06T09:11:14.4160437Z' while content on disk has modification time of '2024-06-06T09:11:32.0466182Z'
Number of updated asset objects reloaded before import = 0
Number of asset objects unloaded after import = 0
========================================================================
Received Import Request.
  Time since last request: 0.007175 seconds.
  path: Packages/com.code-philosophy.luban/package.json
  artifactKey: Guid(ff12bd64e92ccc647b703701cc341095) Importer(815301076,1909f56bfc062723c751e8b465ee728b)
Start importing Packages/com.code-philosophy.luban/package.json using Guid(ff12bd64e92ccc647b703701cc341095) Importer(815301076,1909f56bfc062723c751e8b465ee728b)  -> (artifact id: '00000000000000000000000000000000') in 0.000760 seconds
Import Error Code:(4)
Message: Build asset version error: packages/com.code-philosophy.luban/package.json in SourceAssetDB has modification time of '2024-06-06T09:11:14.4160437Z' while content on disk has modification time of '2024-06-06T09:11:32.0466182Z'
  ERROR: Build asset version error: packages/com.code-philosophy.luban/package.json in SourceAssetDB has modification time of '2024-06-06T09:11:14.4160437Z' while content on disk has modification time of '2024-06-06T09:11:32.0466182Z'
Number of updated asset objects reloaded before import = 0
Number of asset objects unloaded after import = 0
========================================================================
Received Import Request.
  Time since last request: 0.007727 seconds.
  path: Packages/com.code-philosophy.luban/package.json
  artifactKey: Guid(ff12bd64e92ccc647b703701cc341095) Importer(815301076,1909f56bfc062723c751e8b465ee728b)
Start importing Packages/com.code-philosophy.luban/package.json using Guid(ff12bd64e92ccc647b703701cc341095) Importer(815301076,1909f56bfc062723c751e8b465ee728b)  -> (artifact id: '00000000000000000000000000000000') in 0.000721 seconds
Import Error Code:(4)
Message: Build asset version error: packages/com.code-philosophy.luban/package.json in SourceAssetDB has modification time of '2024-06-06T09:11:14.4160437Z' while content on disk has modification time of '2024-06-06T09:11:32.0466182Z'
  ERROR: Build asset version error: packages/com.code-philosophy.luban/package.json in SourceAssetDB has modification time of '2024-06-06T09:11:14.4160437Z' while content on disk has modification time of '2024-06-06T09:11:32.0466182Z'
Number of updated asset objects reloaded before import = 0
Number of asset objects unloaded after import = 0
========================================================================
Received Import Request.
  Time since last request: 0.006655 seconds.
  path: Packages/com.code-philosophy.luban/package.json
  artifactKey: Guid(ff12bd64e92ccc647b703701cc341095) Importer(815301076,1909f56bfc062723c751e8b465ee728b)
Start importing Packages/com.code-philosophy.luban/package.json using Guid(ff12bd64e92ccc647b703701cc341095) Importer(815301076,1909f56bfc062723c751e8b465ee728b)  -> (artifact id: '00000000000000000000000000000000') in 0.000929 seconds
Import Error Code:(4)
Message: Build asset version error: packages/com.code-philosophy.luban/package.json in SourceAssetDB has modification time of '2024-06-06T09:11:14.4160437Z' while content on disk has modification time of '2024-06-06T09:11:32.0466182Z'
  ERROR: Build asset version error: packages/com.code-philosophy.luban/package.json in SourceAssetDB has modification time of '2024-06-06T09:11:14.4160437Z' while content on disk has modification time of '2024-06-06T09:11:32.0466182Z'
Number of updated asset objects reloaded before import = 0
Number of asset objects unloaded after import = 0
========================================================================
Received Import Request.
  Time since last request: 0.007843 seconds.
  path: Packages/com.code-philosophy.luban/package.json
  artifactKey: Guid(ff12bd64e92ccc647b703701cc341095) Importer(815301076,1909f56bfc062723c751e8b465ee728b)
Start importing Packages/com.code-philosophy.luban/package.json using Guid(ff12bd64e92ccc647b703701cc341095) Importer(815301076,1909f56bfc062723c751e8b465ee728b)  -> (artifact id: '00000000000000000000000000000000') in 0.000738 seconds
Import Error Code:(4)
Message: Build asset version error: packages/com.code-philosophy.luban/package.json in SourceAssetDB has modification time of '2024-06-06T09:11:14.4160437Z' while content on disk has modification time of '2024-06-06T09:11:32.0466182Z'
  ERROR: Build asset version error: packages/com.code-philosophy.luban/package.json in SourceAssetDB has modification time of '2024-06-06T09:11:14.4160437Z' while content on disk has modification time of '2024-06-06T09:11:32.0466182Z'
Number of updated asset objects reloaded before import = 0
Number of asset objects unloaded after import = 0
========================================================================
Received Import Request.
  Time since last request: 0.007367 seconds.
  path: Packages/com.code-philosophy.luban/package.json
  artifactKey: Guid(ff12bd64e92ccc647b703701cc341095) Importer(815301076,1909f56bfc062723c751e8b465ee728b)
Start importing Packages/com.code-philosophy.luban/package.json using Guid(ff12bd64e92ccc647b703701cc341095) Importer(815301076,1909f56bfc062723c751e8b465ee728b)  -> (artifact id: '00000000000000000000000000000000') in 0.001221 seconds
Import Error Code:(4)
Message: Build asset version error: packages/com.code-philosophy.luban/package.json in SourceAssetDB has modification time of '2024-06-06T09:11:14.4160437Z' while content on disk has modification time of '2024-06-06T09:11:32.0466182Z'
  ERROR: Build asset version error: packages/com.code-philosophy.luban/package.json in SourceAssetDB has modification time of '2024-06-06T09:11:14.4160437Z' while content on disk has modification time of '2024-06-06T09:11:32.0466182Z'
Number of updated asset objects reloaded before import = 0
Number of asset objects unloaded after import = 0
========================================================================
Received Import Request.
  Time since last request: 0.008473 seconds.
  path: Packages/com.code-philosophy.luban/package.json
  artifactKey: Guid(ff12bd64e92ccc647b703701cc341095) Importer(815301076,1909f56bfc062723c751e8b465ee728b)
Start importing Packages/com.code-philosophy.luban/package.json using Guid(ff12bd64e92ccc647b703701cc341095) Importer(815301076,1909f56bfc062723c751e8b465ee728b)  -> (artifact id: '00000000000000000000000000000000') in 0.000754 seconds
Import Error Code:(4)
Message: Build asset version error: packages/com.code-philosophy.luban/package.json in SourceAssetDB has modification time of '2024-06-06T09:11:14.4160437Z' while content on disk has modification time of '2024-06-06T09:11:32.0466182Z'
  ERROR: Build asset version error: packages/com.code-philosophy.luban/package.json in SourceAssetDB has modification time of '2024-06-06T09:11:14.4160437Z' while content on disk has modification time of '2024-06-06T09:11:32.0466182Z'
Number of updated asset objects reloaded before import = 0
Number of asset objects unloaded after import = 0
========================================================================
Received Import Request.
  Time since last request: 0.007602 seconds.
  path: Packages/com.code-philosophy.luban/package.json
  artifactKey: Guid(ff12bd64e92ccc647b703701cc341095) Importer(815301076,1909f56bfc062723c751e8b465ee728b)
Start importing Packages/com.code-philosophy.luban/package.json using Guid(ff12bd64e92ccc647b703701cc341095) Importer(815301076,1909f56bfc062723c751e8b465ee728b)  -> (artifact id: '00000000000000000000000000000000') in 0.000811 seconds
Import Error Code:(4)
Message: Build asset version error: packages/com.code-philosophy.luban/package.json in SourceAssetDB has modification time of '2024-06-06T09:11:14.4160437Z' while content on disk has modification time of '2024-06-06T09:11:32.0466182Z'
  ERROR: Build asset version error: packages/com.code-philosophy.luban/package.json in SourceAssetDB has modification time of '2024-06-06T09:11:14.4160437Z' while content on disk has modification time of '2024-06-06T09:11:32.0466182Z'
Number of updated asset objects reloaded before import = 0
Number of asset objects unloaded after import = 0
========================================================================
Received Import Request.
  Time since last request: 0.008015 seconds.
  path: Packages/com.code-philosophy.luban/package.json
  artifactKey: Guid(ff12bd64e92ccc647b703701cc341095) Importer(815301076,1909f56bfc062723c751e8b465ee728b)
Start importing Packages/com.code-philosophy.luban/package.json using Guid(ff12bd64e92ccc647b703701cc341095) Importer(815301076,1909f56bfc062723c751e8b465ee728b)  -> (artifact id: '00000000000000000000000000000000') in 0.000737 seconds
Import Error Code:(4)
Message: Build asset version error: packages/com.code-philosophy.luban/package.json in SourceAssetDB has modification time of '2024-06-06T09:11:14.4160437Z' while content on disk has modification time of '2024-06-06T09:11:32.0466182Z'
  ERROR: Build asset version error: packages/com.code-philosophy.luban/package.json in SourceAssetDB has modification time of '2024-06-06T09:11:14.4160437Z' while content on disk has modification time of '2024-06-06T09:11:32.0466182Z'
Number of updated asset objects reloaded before import = 0
Number of asset objects unloaded after import = 0
========================================================================
Received Import Request.
  Time since last request: 0.008450 seconds.
  path: Packages/com.code-philosophy.luban/package.json
  artifactKey: Guid(ff12bd64e92ccc647b703701cc341095) Importer(815301076,1909f56bfc062723c751e8b465ee728b)
Start importing Packages/com.code-philosophy.luban/package.json using Guid(ff12bd64e92ccc647b703701cc341095) Importer(815301076,1909f56bfc062723c751e8b465ee728b)  -> (artifact id: '00000000000000000000000000000000') in 0.000758 seconds
Import Error Code:(4)
Message: Build asset version error: packages/com.code-philosophy.luban/package.json in SourceAssetDB has modification time of '2024-06-06T09:11:14.4160437Z' while content on disk has modification time of '2024-06-06T09:11:32.0466182Z'
  ERROR: Build asset version error: packages/com.code-philosophy.luban/package.json in SourceAssetDB has modification time of '2024-06-06T09:11:14.4160437Z' while content on disk has modification time of '2024-06-06T09:11:32.0466182Z'
Number of updated asset objects reloaded before import = 0
Number of asset objects unloaded after import = 0
========================================================================
Received Import Request.
  Time since last request: 0.007531 seconds.
  path: Packages/com.code-philosophy.luban/package.json
  artifactKey: Guid(ff12bd64e92ccc647b703701cc341095) Importer(815301076,1909f56bfc062723c751e8b465ee728b)
Start importing Packages/com.code-philosophy.luban/package.json using Guid(ff12bd64e92ccc647b703701cc341095) Importer(815301076,1909f56bfc062723c751e8b465ee728b)  -> (artifact id: '00000000000000000000000000000000') in 0.000758 seconds
Import Error Code:(4)
Message: Build asset version error: packages/com.code-philosophy.luban/package.json in SourceAssetDB has modification time of '2024-06-06T09:11:14.4160437Z' while content on disk has modification time of '2024-06-06T09:11:32.0466182Z'
  ERROR: Build asset version error: packages/com.code-philosophy.luban/package.json in SourceAssetDB has modification time of '2024-06-06T09:11:14.4160437Z' while content on disk has modification time of '2024-06-06T09:11:32.0466182Z'
Number of updated asset objects reloaded before import = 0
Number of asset objects unloaded after import = 0
========================================================================
Received Import Request.
  Time since last request: 0.007866 seconds.
  path: Packages/com.code-philosophy.luban/package.json
  artifactKey: Guid(ff12bd64e92ccc647b703701cc341095) Importer(815301076,1909f56bfc062723c751e8b465ee728b)
Start importing Packages/com.code-philosophy.luban/package.json using Guid(ff12bd64e92ccc647b703701cc341095) Importer(815301076,1909f56bfc062723c751e8b465ee728b)  -> (artifact id: '00000000000000000000000000000000') in 0.000739 seconds
Import Error Code:(4)
Message: Build asset version error: packages/com.code-philosophy.luban/package.json in SourceAssetDB has modification time of '2024-06-06T09:11:14.4160437Z' while content on disk has modification time of '2024-06-06T09:11:32.0466182Z'
  ERROR: Build asset version error: packages/com.code-philosophy.luban/package.json in SourceAssetDB has modification time of '2024-06-06T09:11:14.4160437Z' while content on disk has modification time of '2024-06-06T09:11:32.0466182Z'
Number of updated asset objects reloaded before import = 0
Number of asset objects unloaded after import = 0
========================================================================
Received Import Request.
  Time since last request: 0.007627 seconds.
  path: Packages/com.code-philosophy.luban/package.json
  artifactKey: Guid(ff12bd64e92ccc647b703701cc341095) Importer(815301076,1909f56bfc062723c751e8b465ee728b)
Start importing Packages/com.code-philosophy.luban/package.json using Guid(ff12bd64e92ccc647b703701cc341095) Importer(815301076,1909f56bfc062723c751e8b465ee728b)  -> (artifact id: '00000000000000000000000000000000') in 0.000752 seconds
Import Error Code:(4)
Message: Build asset version error: packages/com.code-philosophy.luban/package.json in SourceAssetDB has modification time of '2024-06-06T09:11:14.4160437Z' while content on disk has modification time of '2024-06-06T09:11:32.0466182Z'
  ERROR: Build asset version error: packages/com.code-philosophy.luban/package.json in SourceAssetDB has modification time of '2024-06-06T09:11:14.4160437Z' while content on disk has modification time of '2024-06-06T09:11:32.0466182Z'
Number of updated asset objects reloaded before import = 0
Number of asset objects unloaded after import = 0
========================================================================
Received Import Request.
  Time since last request: 0.008613 seconds.
  path: Packages/com.code-philosophy.luban/package.json
  artifactKey: Guid(ff12bd64e92ccc647b703701cc341095) Importer(815301076,1909f56bfc062723c751e8b465ee728b)
Start importing Packages/com.code-philosophy.luban/package.json using Guid(ff12bd64e92ccc647b703701cc341095) Importer(815301076,1909f56bfc062723c751e8b465ee728b)  -> (artifact id: '00000000000000000000000000000000') in 0.000755 seconds
Import Error Code:(4)
Message: Build asset version error: packages/com.code-philosophy.luban/package.json in SourceAssetDB has modification time of '2024-06-06T09:11:14.4160437Z' while content on disk has modification time of '2024-06-06T09:11:32.0466182Z'
  ERROR: Build asset version error: packages/com.code-philosophy.luban/package.json in SourceAssetDB has modification time of '2024-06-06T09:11:14.4160437Z' while content on disk has modification time of '2024-06-06T09:11:32.0466182Z'
Number of updated asset objects reloaded before import = 0
Number of asset objects unloaded after import = 0
========================================================================
Received Import Request.
  Time since last request: 0.007197 seconds.
  path: Packages/com.code-philosophy.luban/package.json
  artifactKey: Guid(ff12bd64e92ccc647b703701cc341095) Importer(815301076,1909f56bfc062723c751e8b465ee728b)
Start importing Packages/com.code-philosophy.luban/package.json using Guid(ff12bd64e92ccc647b703701cc341095) Importer(815301076,1909f56bfc062723c751e8b465ee728b)  -> (artifact id: '00000000000000000000000000000000') in 0.000862 seconds
Import Error Code:(4)
Message: Build asset version error: packages/com.code-philosophy.luban/package.json in SourceAssetDB has modification time of '2024-06-06T09:11:14.4160437Z' while content on disk has modification time of '2024-06-06T09:11:32.0466182Z'
  ERROR: Build asset version error: packages/com.code-philosophy.luban/package.json in SourceAssetDB has modification time of '2024-06-06T09:11:14.4160437Z' while content on disk has modification time of '2024-06-06T09:11:32.0466182Z'
Number of updated asset objects reloaded before import = 0
Number of asset objects unloaded after import = 0
========================================================================
Received Import Request.
  Time since last request: 0.008183 seconds.
  path: Packages/com.code-philosophy.luban/package.json
  artifactKey: Guid(ff12bd64e92ccc647b703701cc341095) Importer(815301076,1909f56bfc062723c751e8b465ee728b)
Start importing Packages/com.code-philosophy.luban/package.json using Guid(ff12bd64e92ccc647b703701cc341095) Importer(815301076,1909f56bfc062723c751e8b465ee728b)  -> (artifact id: '00000000000000000000000000000000') in 0.000733 seconds
Import Error Code:(4)
Message: Build asset version error: packages/com.code-philosophy.luban/package.json in SourceAssetDB has modification time of '2024-06-06T09:11:14.4160437Z' while content on disk has modification time of '2024-06-06T09:11:32.0466182Z'
  ERROR: Build asset version error: packages/com.code-philosophy.luban/package.json in SourceAssetDB has modification time of '2024-06-06T09:11:14.4160437Z' while content on disk has modification time of '2024-06-06T09:11:32.0466182Z'
Number of updated asset objects reloaded before import = 0
Number of asset objects unloaded after import = 0
========================================================================
Received Import Request.
  Time since last request: 0.006956 seconds.
  path: Packages/com.code-philosophy.luban/package.json
  artifactKey: Guid(ff12bd64e92ccc647b703701cc341095) Importer(815301076,1909f56bfc062723c751e8b465ee728b)
Start importing Packages/com.code-philosophy.luban/package.json using Guid(ff12bd64e92ccc647b703701cc341095) Importer(815301076,1909f56bfc062723c751e8b465ee728b)  -> (artifact id: '00000000000000000000000000000000') in 0.000841 seconds
Import Error Code:(4)
Message: Build asset version error: packages/com.code-philosophy.luban/package.json in SourceAssetDB has modification time of '2024-06-06T09:11:14.4160437Z' while content on disk has modification time of '2024-06-06T09:11:32.0466182Z'
  ERROR: Build asset version error: packages/com.code-philosophy.luban/package.json in SourceAssetDB has modification time of '2024-06-06T09:11:14.4160437Z' while content on disk has modification time of '2024-06-06T09:11:32.0466182Z'
Number of updated asset objects reloaded before import = 0
Number of asset objects unloaded after import = 0
========================================================================
Received Import Request.
  Time since last request: 0.008119 seconds.
  path: Packages/com.code-philosophy.luban/package.json
  artifactKey: Guid(ff12bd64e92ccc647b703701cc341095) Importer(815301076,1909f56bfc062723c751e8b465ee728b)
Start importing Packages/com.code-philosophy.luban/package.json using Guid(ff12bd64e92ccc647b703701cc341095) Importer(815301076,1909f56bfc062723c751e8b465ee728b)  -> (artifact id: '00000000000000000000000000000000') in 0.000733 seconds
Import Error Code:(4)
Message: Build asset version error: packages/com.code-philosophy.luban/package.json in SourceAssetDB has modification time of '2024-06-06T09:11:14.4160437Z' while content on disk has modification time of '2024-06-06T09:11:32.0466182Z'
  ERROR: Build asset version error: packages/com.code-philosophy.luban/package.json in SourceAssetDB has modification time of '2024-06-06T09:11:14.4160437Z' while content on disk has modification time of '2024-06-06T09:11:32.0466182Z'
Number of updated asset objects reloaded before import = 0
Number of asset objects unloaded after import = 0
========================================================================
Received Import Request.
  Time since last request: 0.007473 seconds.
  path: Packages/com.code-philosophy.luban/package.json
  artifactKey: Guid(ff12bd64e92ccc647b703701cc341095) Importer(815301076,1909f56bfc062723c751e8b465ee728b)
Start importing Packages/com.code-philosophy.luban/package.json using Guid(ff12bd64e92ccc647b703701cc341095) Importer(815301076,1909f56bfc062723c751e8b465ee728b)  -> (artifact id: '00000000000000000000000000000000') in 0.000811 seconds
Import Error Code:(4)
Message: Build asset version error: packages/com.code-philosophy.luban/package.json in SourceAssetDB has modification time of '2024-06-06T09:11:14.4160437Z' while content on disk has modification time of '2024-06-06T09:11:32.0466182Z'
  ERROR: Build asset version error: packages/com.code-philosophy.luban/package.json in SourceAssetDB has modification time of '2024-06-06T09:11:14.4160437Z' while content on disk has modification time of '2024-06-06T09:11:32.0466182Z'
Number of updated asset objects reloaded before import = 0
Number of asset objects unloaded after import = 0
========================================================================
Received Import Request.
  Time since last request: 0.007115 seconds.
  path: Packages/com.code-philosophy.luban/package.json
  artifactKey: Guid(ff12bd64e92ccc647b703701cc341095) Importer(815301076,1909f56bfc062723c751e8b465ee728b)
Start importing Packages/com.code-philosophy.luban/package.json using Guid(ff12bd64e92ccc647b703701cc341095) Importer(815301076,1909f56bfc062723c751e8b465ee728b)  -> (artifact id: '00000000000000000000000000000000') in 0.000742 seconds
Import Error Code:(4)
Message: Build asset version error: packages/com.code-philosophy.luban/package.json in SourceAssetDB has modification time of '2024-06-06T09:11:14.4160437Z' while content on disk has modification time of '2024-06-06T09:11:32.0466182Z'
  ERROR: Build asset version error: packages/com.code-philosophy.luban/package.json in SourceAssetDB has modification time of '2024-06-06T09:11:14.4160437Z' while content on disk has modification time of '2024-06-06T09:11:32.0466182Z'
Number of updated asset objects reloaded before import = 0
Number of asset objects unloaded after import = 0
========================================================================
Received Import Request.
  Time since last request: 0.006682 seconds.
  path: Packages/com.code-philosophy.luban/package.json
  artifactKey: Guid(ff12bd64e92ccc647b703701cc341095) Importer(815301076,1909f56bfc062723c751e8b465ee728b)
Start importing Packages/com.code-philosophy.luban/package.json using Guid(ff12bd64e92ccc647b703701cc341095) Importer(815301076,1909f56bfc062723c751e8b465ee728b)  -> (artifact id: '00000000000000000000000000000000') in 0.001198 seconds
Import Error Code:(4)
Message: Build asset version error: packages/com.code-philosophy.luban/package.json in SourceAssetDB has modification time of '2024-06-06T09:11:14.4160437Z' while content on disk has modification time of '2024-06-06T09:11:32.0466182Z'
  ERROR: Build asset version error: packages/com.code-philosophy.luban/package.json in SourceAssetDB has modification time of '2024-06-06T09:11:14.4160437Z' while content on disk has modification time of '2024-06-06T09:11:32.0466182Z'
Number of updated asset objects reloaded before import = 0
Number of asset objects unloaded after import = 0
========================================================================
Received Import Request.
  Time since last request: 0.006873 seconds.
  path: Packages/com.code-philosophy.luban/package.json
  artifactKey: Guid(ff12bd64e92ccc647b703701cc341095) Importer(815301076,1909f56bfc062723c751e8b465ee728b)
Start importing Packages/com.code-philosophy.luban/package.json using Guid(ff12bd64e92ccc647b703701cc341095) Importer(815301076,1909f56bfc062723c751e8b465ee728b)  -> (artifact id: '00000000000000000000000000000000') in 0.000730 seconds
Import Error Code:(4)
Message: Build asset version error: packages/com.code-philosophy.luban/package.json in SourceAssetDB has modification time of '2024-06-06T09:11:14.4160437Z' while content on disk has modification time of '2024-06-06T09:11:32.0466182Z'
  ERROR: Build asset version error: packages/com.code-philosophy.luban/package.json in SourceAssetDB has modification time of '2024-06-06T09:11:14.4160437Z' while content on disk has modification time of '2024-06-06T09:11:32.0466182Z'
Number of updated asset objects reloaded before import = 0
Number of asset objects unloaded after import = 0
========================================================================
Received Import Request.
  Time since last request: 0.006545 seconds.
  path: Packages/com.code-philosophy.luban/package.json
  artifactKey: Guid(ff12bd64e92ccc647b703701cc341095) Importer(815301076,1909f56bfc062723c751e8b465ee728b)
Start importing Packages/com.code-philosophy.luban/package.json using Guid(ff12bd64e92ccc647b703701cc341095) Importer(815301076,1909f56bfc062723c751e8b465ee728b)  -> (artifact id: '00000000000000000000000000000000') in 0.001187 seconds
Import Error Code:(4)
Message: Build asset version error: packages/com.code-philosophy.luban/package.json in SourceAssetDB has modification time of '2024-06-06T09:11:14.4160437Z' while content on disk has modification time of '2024-06-06T09:11:32.0466182Z'
  ERROR: Build asset version error: packages/com.code-philosophy.luban/package.json in SourceAssetDB has modification time of '2024-06-06T09:11:14.4160437Z' while content on disk has modification time of '2024-06-06T09:11:32.0466182Z'
Number of updated asset objects reloaded before import = 0
Number of asset objects unloaded after import = 0
========================================================================
Received Import Request.
  Time since last request: 0.007031 seconds.
  path: Packages/com.code-philosophy.luban/package.json
  artifactKey: Guid(ff12bd64e92ccc647b703701cc341095) Importer(815301076,1909f56bfc062723c751e8b465ee728b)
Start importing Packages/com.code-philosophy.luban/package.json using Guid(ff12bd64e92ccc647b703701cc341095) Importer(815301076,1909f56bfc062723c751e8b465ee728b)  -> (artifact id: '00000000000000000000000000000000') in 0.000713 seconds
Import Error Code:(4)
Message: Build asset version error: packages/com.code-philosophy.luban/package.json in SourceAssetDB has modification time of '2024-06-06T09:11:14.4160437Z' while content on disk has modification time of '2024-06-06T09:11:32.0466182Z'
  ERROR: Build asset version error: packages/com.code-philosophy.luban/package.json in SourceAssetDB has modification time of '2024-06-06T09:11:14.4160437Z' while content on disk has modification time of '2024-06-06T09:11:32.0466182Z'
Number of updated asset objects reloaded before import = 0
Number of asset objects unloaded after import = 0
========================================================================
Received Import Request.
  Time since last request: 0.007194 seconds.
  path: Packages/com.code-philosophy.luban/package.json
  artifactKey: Guid(ff12bd64e92ccc647b703701cc341095) Importer(815301076,1909f56bfc062723c751e8b465ee728b)
Start importing Packages/com.code-philosophy.luban/package.json using Guid(ff12bd64e92ccc647b703701cc341095) Importer(815301076,1909f56bfc062723c751e8b465ee728b)  -> (artifact id: '00000000000000000000000000000000') in 0.000827 seconds
Import Error Code:(4)
Message: Build asset version error: packages/com.code-philosophy.luban/package.json in SourceAssetDB has modification time of '2024-06-06T09:11:14.4160437Z' while content on disk has modification time of '2024-06-06T09:11:32.0466182Z'
  ERROR: Build asset version error: packages/com.code-philosophy.luban/package.json in SourceAssetDB has modification time of '2024-06-06T09:11:14.4160437Z' while content on disk has modification time of '2024-06-06T09:11:32.0466182Z'
Number of updated asset objects reloaded before import = 0
Number of asset objects unloaded after import = 0
========================================================================
Received Import Request.
  Time since last request: 0.007199 seconds.
  path: Packages/com.code-philosophy.luban/package.json
  artifactKey: Guid(ff12bd64e92ccc647b703701cc341095) Importer(815301076,1909f56bfc062723c751e8b465ee728b)
Start importing Packages/com.code-philosophy.luban/package.json using Guid(ff12bd64e92ccc647b703701cc341095) Importer(815301076,1909f56bfc062723c751e8b465ee728b)  -> (artifact id: '00000000000000000000000000000000') in 0.000769 seconds
Import Error Code:(4)
Message: Build asset version error: packages/com.code-philosophy.luban/package.json in SourceAssetDB has modification time of '2024-06-06T09:11:14.4160437Z' while content on disk has modification time of '2024-06-06T09:11:32.0466182Z'
  ERROR: Build asset version error: packages/com.code-philosophy.luban/package.json in SourceAssetDB has modification time of '2024-06-06T09:11:14.4160437Z' while content on disk has modification time of '2024-06-06T09:11:32.0466182Z'
Number of updated asset objects reloaded before import = 0
Number of asset objects unloaded after import = 0
========================================================================
Received Import Request.
  Time since last request: 0.007078 seconds.
  path: Packages/com.code-philosophy.luban/package.json
  artifactKey: Guid(ff12bd64e92ccc647b703701cc341095) Importer(815301076,1909f56bfc062723c751e8b465ee728b)
Start importing Packages/com.code-philosophy.luban/package.json using Guid(ff12bd64e92ccc647b703701cc341095) Importer(815301076,1909f56bfc062723c751e8b465ee728b)  -> (artifact id: '00000000000000000000000000000000') in 0.001197 seconds
Import Error Code:(4)
Message: Build asset version error: packages/com.code-philosophy.luban/package.json in SourceAssetDB has modification time of '2024-06-06T09:11:14.4160437Z' while content on disk has modification time of '2024-06-06T09:11:32.0466182Z'
  ERROR: Build asset version error: packages/com.code-philosophy.luban/package.json in SourceAssetDB has modification time of '2024-06-06T09:11:14.4160437Z' while content on disk has modification time of '2024-06-06T09:11:32.0466182Z'
Number of updated asset objects reloaded before import = 0
Number of asset objects unloaded after import = 0
========================================================================
Received Import Request.
  Time since last request: 0.008242 seconds.
  path: Packages/com.code-philosophy.luban/package.json
  artifactKey: Guid(ff12bd64e92ccc647b703701cc341095) Importer(815301076,1909f56bfc062723c751e8b465ee728b)
Start importing Packages/com.code-philosophy.luban/package.json using Guid(ff12bd64e92ccc647b703701cc341095) Importer(815301076,1909f56bfc062723c751e8b465ee728b)  -> (artifact id: '00000000000000000000000000000000') in 0.000737 seconds
Import Error Code:(4)
Message: Build asset version error: packages/com.code-philosophy.luban/package.json in SourceAssetDB has modification time of '2024-06-06T09:11:14.4160437Z' while content on disk has modification time of '2024-06-06T09:11:32.0466182Z'
  ERROR: Build asset version error: packages/com.code-philosophy.luban/package.json in SourceAssetDB has modification time of '2024-06-06T09:11:14.4160437Z' while content on disk has modification time of '2024-06-06T09:11:32.0466182Z'
Number of updated asset objects reloaded before import = 0
Number of asset objects unloaded after import = 0
========================================================================
Received Import Request.
  Time since last request: 0.006953 seconds.
  path: Packages/com.code-philosophy.luban/package.json
  artifactKey: Guid(ff12bd64e92ccc647b703701cc341095) Importer(815301076,1909f56bfc062723c751e8b465ee728b)
Start importing Packages/com.code-philosophy.luban/package.json using Guid(ff12bd64e92ccc647b703701cc341095) Importer(815301076,1909f56bfc062723c751e8b465ee728b)  -> (artifact id: '00000000000000000000000000000000') in 0.000741 seconds
Import Error Code:(4)
Message: Build asset version error: packages/com.code-philosophy.luban/package.json in SourceAssetDB has modification time of '2024-06-06T09:11:14.4160437Z' while content on disk has modification time of '2024-06-06T09:11:32.0466182Z'
  ERROR: Build asset version error: packages/com.code-philosophy.luban/package.json in SourceAssetDB has modification time of '2024-06-06T09:11:14.4160437Z' while content on disk has modification time of '2024-06-06T09:11:32.0466182Z'
Number of updated asset objects reloaded before import = 0
Number of asset objects unloaded after import = 0
========================================================================
Received Import Request.
  Time since last request: 0.007235 seconds.
  path: Packages/com.code-philosophy.luban/package.json
  artifactKey: Guid(ff12bd64e92ccc647b703701cc341095) Importer(815301076,1909f56bfc062723c751e8b465ee728b)
Start importing Packages/com.code-philosophy.luban/package.json using Guid(ff12bd64e92ccc647b703701cc341095) Importer(815301076,1909f56bfc062723c751e8b465ee728b)  -> (artifact id: '00000000000000000000000000000000') in 0.000735 seconds
Import Error Code:(4)
Message: Build asset version error: packages/com.code-philosophy.luban/package.json in SourceAssetDB has modification time of '2024-06-06T09:11:14.4160437Z' while content on disk has modification time of '2024-06-06T09:11:32.0466182Z'
  ERROR: Build asset version error: packages/com.code-philosophy.luban/package.json in SourceAssetDB has modification time of '2024-06-06T09:11:14.4160437Z' while content on disk has modification time of '2024-06-06T09:11:32.0466182Z'
Number of updated asset objects reloaded before import = 0
Number of asset objects unloaded after import = 0
========================================================================
Received Import Request.
  Time since last request: 0.007010 seconds.
  path: Packages/com.code-philosophy.luban/package.json
  artifactKey: Guid(ff12bd64e92ccc647b703701cc341095) Importer(815301076,1909f56bfc062723c751e8b465ee728b)
Start importing Packages/com.code-philosophy.luban/package.json using Guid(ff12bd64e92ccc647b703701cc341095) Importer(815301076,1909f56bfc062723c751e8b465ee728b)  -> (artifact id: '00000000000000000000000000000000') in 0.000989 seconds
Import Error Code:(4)
Message: Build asset version error: packages/com.code-philosophy.luban/package.json in SourceAssetDB has modification time of '2024-06-06T09:11:14.4160437Z' while content on disk has modification time of '2024-06-06T09:11:32.0466182Z'
  ERROR: Build asset version error: packages/com.code-philosophy.luban/package.json in SourceAssetDB has modification time of '2024-06-06T09:11:14.4160437Z' while content on disk has modification time of '2024-06-06T09:11:32.0466182Z'
Number of updated asset objects reloaded before import = 0
Number of asset objects unloaded after import = 0
========================================================================
Received Import Request.
  Time since last request: 0.006816 seconds.
  path: Packages/com.code-philosophy.luban/package.json
  artifactKey: Guid(ff12bd64e92ccc647b703701cc341095) Importer(815301076,1909f56bfc062723c751e8b465ee728b)
Start importing Packages/com.code-philosophy.luban/package.json using Guid(ff12bd64e92ccc647b703701cc341095) Importer(815301076,1909f56bfc062723c751e8b465ee728b)  -> (artifact id: '00000000000000000000000000000000') in 0.000745 seconds
Import Error Code:(4)
Message: Build asset version error: packages/com.code-philosophy.luban/package.json in SourceAssetDB has modification time of '2024-06-06T09:11:14.4160437Z' while content on disk has modification time of '2024-06-06T09:11:32.0466182Z'
  ERROR: Build asset version error: packages/com.code-philosophy.luban/package.json in SourceAssetDB has modification time of '2024-06-06T09:11:14.4160437Z' while content on disk has modification time of '2024-06-06T09:11:32.0466182Z'
Number of updated asset objects reloaded before import = 0
Number of asset objects unloaded after import = 0
========================================================================
Received Import Request.
  Time since last request: 0.006625 seconds.
  path: Packages/com.code-philosophy.luban/package.json
  artifactKey: Guid(ff12bd64e92ccc647b703701cc341095) Importer(815301076,1909f56bfc062723c751e8b465ee728b)
Start importing Packages/com.code-philosophy.luban/package.json using Guid(ff12bd64e92ccc647b703701cc341095) Importer(815301076,1909f56bfc062723c751e8b465ee728b)  -> (artifact id: '00000000000000000000000000000000') in 0.000894 seconds
Import Error Code:(4)
Message: Build asset version error: packages/com.code-philosophy.luban/package.json in SourceAssetDB has modification time of '2024-06-06T09:11:14.4160437Z' while content on disk has modification time of '2024-06-06T09:11:32.0466182Z'
  ERROR: Build asset version error: packages/com.code-philosophy.luban/package.json in SourceAssetDB has modification time of '2024-06-06T09:11:14.4160437Z' while content on disk has modification time of '2024-06-06T09:11:32.0466182Z'
Number of updated asset objects reloaded before import = 0
Number of asset objects unloaded after import = 0
========================================================================
Received Import Request.
  Time since last request: 0.007529 seconds.
  path: Packages/com.code-philosophy.luban/package.json
  artifactKey: Guid(ff12bd64e92ccc647b703701cc341095) Importer(815301076,1909f56bfc062723c751e8b465ee728b)
Start importing Packages/com.code-philosophy.luban/package.json using Guid(ff12bd64e92ccc647b703701cc341095) Importer(815301076,1909f56bfc062723c751e8b465ee728b)  -> (artifact id: '00000000000000000000000000000000') in 0.000727 seconds
Import Error Code:(4)
Message: Build asset version error: packages/com.code-philosophy.luban/package.json in SourceAssetDB has modification time of '2024-06-06T09:11:14.4160437Z' while content on disk has modification time of '2024-06-06T09:11:32.0466182Z'
  ERROR: Build asset version error: packages/com.code-philosophy.luban/package.json in SourceAssetDB has modification time of '2024-06-06T09:11:14.4160437Z' while content on disk has modification time of '2024-06-06T09:11:32.0466182Z'
Number of updated asset objects reloaded before import = 0
Number of asset objects unloaded after import = 0
========================================================================
Received Import Request.
  Time since last request: 0.006486 seconds.
  path: Packages/com.code-philosophy.luban/package.json
  artifactKey: Guid(ff12bd64e92ccc647b703701cc341095) Importer(815301076,1909f56bfc062723c751e8b465ee728b)
Start importing Packages/com.code-philosophy.luban/package.json using Guid(ff12bd64e92ccc647b703701cc341095) Importer(815301076,1909f56bfc062723c751e8b465ee728b)  -> (artifact id: '00000000000000000000000000000000') in 0.001221 seconds
Import Error Code:(4)
Message: Build asset version error: packages/com.code-philosophy.luban/package.json in SourceAssetDB has modification time of '2024-06-06T09:11:14.4160437Z' while content on disk has modification time of '2024-06-06T09:11:32.0466182Z'
  ERROR: Build asset version error: packages/com.code-philosophy.luban/package.json in SourceAssetDB has modification time of '2024-06-06T09:11:14.4160437Z' while content on disk has modification time of '2024-06-06T09:11:32.0466182Z'
Number of updated asset objects reloaded before import = 0
Number of asset objects unloaded after import = 0
========================================================================
Received Import Request.
  Time since last request: 0.007046 seconds.
  path: Packages/com.code-philosophy.luban/package.json
  artifactKey: Guid(ff12bd64e92ccc647b703701cc341095) Importer(815301076,1909f56bfc062723c751e8b465ee728b)
Start importing Packages/com.code-philosophy.luban/package.json using Guid(ff12bd64e92ccc647b703701cc341095) Importer(815301076,1909f56bfc062723c751e8b465ee728b)  -> (artifact id: '00000000000000000000000000000000') in 0.000742 seconds
Import Error Code:(4)
Message: Build asset version error: packages/com.code-philosophy.luban/package.json in SourceAssetDB has modification time of '2024-06-06T09:11:14.4160437Z' while content on disk has modification time of '2024-06-06T09:11:32.0466182Z'
  ERROR: Build asset version error: packages/com.code-philosophy.luban/package.json in SourceAssetDB has modification time of '2024-06-06T09:11:14.4160437Z' while content on disk has modification time of '2024-06-06T09:11:32.0466182Z'
Number of updated asset objects reloaded before import = 0
Number of asset objects unloaded after import = 0
========================================================================
Received Import Request.
  Time since last request: 0.006143 seconds.
  path: Packages/com.code-philosophy.luban/package.json
  artifactKey: Guid(ff12bd64e92ccc647b703701cc341095) Importer(815301076,1909f56bfc062723c751e8b465ee728b)
Start importing Packages/com.code-philosophy.luban/package.json using Guid(ff12bd64e92ccc647b703701cc341095) Importer(815301076,1909f56bfc062723c751e8b465ee728b)  -> (artifact id: '00000000000000000000000000000000') in 0.000758 seconds
Import Error Code:(4)
Message: Build asset version error: packages/com.code-philosophy.luban/package.json in SourceAssetDB has modification time of '2024-06-06T09:11:14.4160437Z' while content on disk has modification time of '2024-06-06T09:11:32.0466182Z'
  ERROR: Build asset version error: packages/com.code-philosophy.luban/package.json in SourceAssetDB has modification time of '2024-06-06T09:11:14.4160437Z' while content on disk has modification time of '2024-06-06T09:11:32.0466182Z'
Number of updated asset objects reloaded before import = 0
Number of asset objects unloaded after import = 0
========================================================================
Received Import Request.
  Time since last request: 0.007892 seconds.
  path: Packages/com.code-philosophy.luban/package.json
  artifactKey: Guid(ff12bd64e92ccc647b703701cc341095) Importer(815301076,1909f56bfc062723c751e8b465ee728b)
Start importing Packages/com.code-philosophy.luban/package.json using Guid(ff12bd64e92ccc647b703701cc341095) Importer(815301076,1909f56bfc062723c751e8b465ee728b)  -> (artifact id: '00000000000000000000000000000000') in 0.000727 seconds
Import Error Code:(4)
Message: Build asset version error: packages/com.code-philosophy.luban/package.json in SourceAssetDB has modification time of '2024-06-06T09:11:14.4160437Z' while content on disk has modification time of '2024-06-06T09:11:32.0466182Z'
  ERROR: Build asset version error: packages/com.code-philosophy.luban/package.json in SourceAssetDB has modification time of '2024-06-06T09:11:14.4160437Z' while content on disk has modification time of '2024-06-06T09:11:32.0466182Z'
Number of updated asset objects reloaded before import = 0
Number of asset objects unloaded after import = 0
========================================================================
Received Import Request.
  Time since last request: 0.006458 seconds.
  path: Packages/com.code-philosophy.luban/package.json
  artifactKey: Guid(ff12bd64e92ccc647b703701cc341095) Importer(815301076,1909f56bfc062723c751e8b465ee728b)
Start importing Packages/com.code-philosophy.luban/package.json using Guid(ff12bd64e92ccc647b703701cc341095) Importer(815301076,1909f56bfc062723c751e8b465ee728b)  -> (artifact id: '00000000000000000000000000000000') in 0.000746 seconds
Import Error Code:(4)
Message: Build asset version error: packages/com.code-philosophy.luban/package.json in SourceAssetDB has modification time of '2024-06-06T09:11:14.4160437Z' while content on disk has modification time of '2024-06-06T09:11:32.0466182Z'
  ERROR: Build asset version error: packages/com.code-philosophy.luban/package.json in SourceAssetDB has modification time of '2024-06-06T09:11:14.4160437Z' while content on disk has modification time of '2024-06-06T09:11:32.0466182Z'
Number of updated asset objects reloaded before import = 0
Number of asset objects unloaded after import = 0
========================================================================
Received Import Request.
  Time since last request: 0.007401 seconds.
  path: Packages/com.code-philosophy.luban/package.json
  artifactKey: Guid(ff12bd64e92ccc647b703701cc341095) Importer(815301076,1909f56bfc062723c751e8b465ee728b)
Start importing Packages/com.code-philosophy.luban/package.json using Guid(ff12bd64e92ccc647b703701cc341095) Importer(815301076,1909f56bfc062723c751e8b465ee728b)  -> (artifact id: '00000000000000000000000000000000') in 0.000712 seconds
Import Error Code:(4)
Message: Build asset version error: packages/com.code-philosophy.luban/package.json in SourceAssetDB has modification time of '2024-06-06T09:11:14.4160437Z' while content on disk has modification time of '2024-06-06T09:11:32.0466182Z'
  ERROR: Build asset version error: packages/com.code-philosophy.luban/package.json in SourceAssetDB has modification time of '2024-06-06T09:11:14.4160437Z' while content on disk has modification time of '2024-06-06T09:11:32.0466182Z'
Number of updated asset objects reloaded before import = 0
Number of asset objects unloaded after import = 0
========================================================================
Received Import Request.
  Time since last request: 0.006338 seconds.
  path: Packages/com.code-philosophy.luban/package.json
  artifactKey: Guid(ff12bd64e92ccc647b703701cc341095) Importer(815301076,1909f56bfc062723c751e8b465ee728b)
Start importing Packages/com.code-philosophy.luban/package.json using Guid(ff12bd64e92ccc647b703701cc341095) Importer(815301076,1909f56bfc062723c751e8b465ee728b)  -> (artifact id: '00000000000000000000000000000000') in 0.000754 seconds
Import Error Code:(4)
Message: Build asset version error: packages/com.code-philosophy.luban/package.json in SourceAssetDB has modification time of '2024-06-06T09:11:14.4160437Z' while content on disk has modification time of '2024-06-06T09:11:32.0466182Z'
  ERROR: Build asset version error: packages/com.code-philosophy.luban/package.json in SourceAssetDB has modification time of '2024-06-06T09:11:14.4160437Z' while content on disk has modification time of '2024-06-06T09:11:32.0466182Z'
Number of updated asset objects reloaded before import = 0
Number of asset objects unloaded after import = 0
========================================================================
Received Import Request.
  Time since last request: 0.008083 seconds.
  path: Packages/com.code-philosophy.luban/package.json
  artifactKey: Guid(ff12bd64e92ccc647b703701cc341095) Importer(815301076,1909f56bfc062723c751e8b465ee728b)
Start importing Packages/com.code-philosophy.luban/package.json using Guid(ff12bd64e92ccc647b703701cc341095) Importer(815301076,1909f56bfc062723c751e8b465ee728b)  -> (artifact id: '00000000000000000000000000000000') in 0.000724 seconds
Import Error Code:(4)
Message: Build asset version error: packages/com.code-philosophy.luban/package.json in SourceAssetDB has modification time of '2024-06-06T09:11:14.4160437Z' while content on disk has modification time of '2024-06-06T09:11:32.0466182Z'
  ERROR: Build asset version error: packages/com.code-philosophy.luban/package.json in SourceAssetDB has modification time of '2024-06-06T09:11:14.4160437Z' while content on disk has modification time of '2024-06-06T09:11:32.0466182Z'
Number of updated asset objects reloaded before import = 0
Number of asset objects unloaded after import = 0
