Using pre-set license
Built from '2022.3/staging' branch; Version is '2022.3.30f1 (70558241b701) revision 7361922'; Using compiler version '192829333'; Build Type 'Release'
OS: 'Windows 11  (10.0.22631) 64bit Professional' Language: 'zh' Physical Memory: 32603 MB
BatchMode: 1, IsHumanControllingUs: 0, StartBugReporterOnCrash: 0, Is64bit: 1, IsPro: 1

COMMAND LINE ARGUMENTS:
D:\UnityEditor\2022.3.30f1\Editor\Unity.exe
-adb2
-batchMode
-noUpm
-name
AssetImportWorker1
-projectPath
D:/UnityProject/FeatherFramework
-logFile
Logs/AssetImportWorker1.log
-srvPort
54635
Successfully changed project path to: D:/UnityProject/FeatherFramework
D:/UnityProject/FeatherFramework
[UnityMemory] Configuration Parameters - Can be set up in boot.config
    "memorysetup-bucket-allocator-granularity=16"
    "memorysetup-bucket-allocator-bucket-count=8"
    "memorysetup-bucket-allocator-block-size=33554432"
    "memorysetup-bucket-allocator-block-count=8"
    "memorysetup-main-allocator-block-size=16777216"
    "memorysetup-thread-allocator-block-size=16777216"
    "memorysetup-gfx-main-allocator-block-size=16777216"
    "memorysetup-gfx-thread-allocator-block-size=16777216"
    "memorysetup-cache-allocator-block-size=4194304"
    "memorysetup-typetree-allocator-block-size=2097152"
    "memorysetup-profiler-bucket-allocator-granularity=16"
    "memorysetup-profiler-bucket-allocator-bucket-count=8"
    "memorysetup-profiler-bucket-allocator-block-size=33554432"
    "memorysetup-profiler-bucket-allocator-block-count=8"
    "memorysetup-profiler-allocator-block-size=16777216"
    "memorysetup-profiler-editor-allocator-block-size=1048576"
    "memorysetup-temp-allocator-size-main=16777216"
    "memorysetup-job-temp-allocator-block-size=2097152"
    "memorysetup-job-temp-allocator-block-size-background=1048576"
    "memorysetup-job-temp-allocator-reduction-small-platforms=262144"
    "memorysetup-allocator-temp-initial-block-size-main=262144"
    "memorysetup-allocator-temp-initial-block-size-worker=262144"
    "memorysetup-temp-allocator-size-background-worker=32768"
    "memorysetup-temp-allocator-size-job-worker=262144"
    "memorysetup-temp-allocator-size-preload-manager=33554432"
    "memorysetup-temp-allocator-size-nav-mesh-worker=65536"
    "memorysetup-temp-allocator-size-audio-worker=65536"
    "memorysetup-temp-allocator-size-cloud-worker=32768"
    "memorysetup-temp-allocator-size-gi-baking-worker=262144"
    "memorysetup-temp-allocator-size-gfx=262144"
Player connection [5684] Host "[IP] 172.20.170.212 [Port] 0 [Flags] 2 [Guid] 134435140 [EditorId] 134435140 [Version] 1048832 [Id] WindowsEditor(7,T4F-PC-1904029) [Debug] 1 [PackageName] WindowsEditor [ProjectName] Editor" joined multi-casting on [225.0.0.222:54997]...

Player connection [5684] Host "[IP] 172.20.170.212 [Port] 0 [Flags] 2 [Guid] 134435140 [EditorId] 134435140 [Version] 1048832 [Id] WindowsEditor(7,T4F-PC-1904029) [Debug] 1 [PackageName] WindowsEditor [ProjectName] Editor" joined alternative multi-casting on [225.0.0.222:34997]...

[Physics::Module] Initialized MultithreadedJobDispatcher with 11 workers.
Refreshing native plugins compatible for Editor in 11.68 ms, found 2 plugins.
Preloading 0 native plugins for Editor in 0.00 ms.
Initialize engine version: 2022.3.30f1 (70558241b701)
[Subsystems] Discovering subsystems at path D:/UnityEditor/2022.3.30f1/Editor/Data/Resources/UnitySubsystems
[Subsystems] Discovering subsystems at path D:/UnityProject/FeatherFramework/Assets
GfxDevice: creating device client; threaded=0; jobified=0
Direct3D:
    Version:  Direct3D 11.0 [level 11.1]
    Renderer: NVIDIA GeForce GTX 1060 6GB (ID=0x1c03)
    Vendor:   NVIDIA
    VRAM:     6052 MB
    Driver:   27.21.14.6137
Initialize mono
Mono path[0] = 'D:/UnityEditor/2022.3.30f1/Editor/Data/Managed'
Mono path[1] = 'D:/UnityEditor/2022.3.30f1/Editor/Data/MonoBleedingEdge/lib/mono/unityjit-win32'
Mono config path = 'D:/UnityEditor/2022.3.30f1/Editor/Data/MonoBleedingEdge/etc'
Using monoOptions --debugger-agent=transport=dt_socket,embedding=1,server=y,suspend=n,address=127.0.0.1:56820
Begin MonoManager ReloadAssembly
Registering precompiled unity dll's ...
Register platform support module: D:/UnityEditor/2022.3.30f1/Editor/Data/PlaybackEngines/WindowsStandaloneSupport/UnityEditor.WindowsStandalone.Extensions.dll
Registered in 0.002836 seconds.
- Loaded All Assemblies, in  0.326 seconds
Native extension for WindowsStandalone target not found
Mono: successfully reloaded assembly
- Finished resetting the current domain, in  0.265 seconds
Domain Reload Profiling: 591ms
	BeginReloadAssembly (100ms)
		ExecutionOrderSort (0ms)
		DisableScriptedObjects (0ms)
		BackupInstance (0ms)
		ReleaseScriptingObjects (0ms)
		CreateAndSetChildDomain (1ms)
	RebuildCommonClasses (34ms)
	RebuildNativeTypeToScriptingClass (11ms)
	initialDomainReloadingComplete (47ms)
	LoadAllAssembliesAndSetupDomain (133ms)
		LoadAssemblies (99ms)
		RebuildTransferFunctionScriptingTraits (0ms)
		AnalyzeDomain (132ms)
			TypeCache.Refresh (130ms)
				TypeCache.ScanAssembly (117ms)
			ScanForSourceGeneratedMonoScriptInfo (0ms)
			ResolveRequiredComponents (0ms)
	FinalizeReload (266ms)
		ReleaseScriptCaches (0ms)
		RebuildScriptCaches (0ms)
		SetupLoadedEditorAssemblies (211ms)
			LogAssemblyErrors (0ms)
			InitializePlatformSupportModulesInManaged (7ms)
			SetLoadedEditorAssemblies (6ms)
			RefreshPlugins (0ms)
			BeforeProcessingInitializeOnLoad (2ms)
			ProcessInitializeOnLoadAttributes (146ms)
			ProcessInitializeOnLoadMethodAttributes (49ms)
			AfterProcessingInitializeOnLoad (0ms)
			EditorAssembliesLoaded (0ms)
		ExecutionOrderSort2 (0ms)
		AwakeInstancesAfterBackupRestoration (0ms)
========================================================================
Worker process is ready to serve import requests
Begin MonoManager ReloadAssembly
Duplicate assembly 'Newtonsoft.Json.dll' with different versions detected, using 'Packages/com.unity.nuget.newtonsoft-json/Runtime/Newtonsoft.Json.dll, AssemblyName=Newtonsoft.Json, Version=13.0.0.0, Culture=neutral, PublicKeyToken=30ad4fe6b2a6aeed' and ignoring 'Assets/JsonDotNet/Assemblies/Standalone/Newtonsoft.Json.dll, AssemblyName=Newtonsoft.Json, Version=8.0.0.0, Culture=neutral, PublicKeyToken=null'.Symbol file LoadedFromMemory is not a mono symbol file
- Loaded All Assemblies, in  0.632 seconds
Refreshing native plugins compatible for Editor in 6.23 ms, found 2 plugins.
Native extension for WindowsStandalone target not found
Package Manager log level set to [2]
[Package Manager] Server::EnsureServerProcessIsRunning -- launch failed, reason: Unity was launched with the -noUpm command-line argument
[Package Manager] UpmClient::Send -- Unable to send message (not connected to UPM process).
[Package Manager] Cannot connect to Unity Package Manager local server
Mono: successfully reloaded assembly
- Finished resetting the current domain, in  0.731 seconds
Domain Reload Profiling: 1363ms
	BeginReloadAssembly (151ms)
		ExecutionOrderSort (0ms)
		DisableScriptedObjects (5ms)
		BackupInstance (0ms)
		ReleaseScriptingObjects (0ms)
		CreateAndSetChildDomain (21ms)
	RebuildCommonClasses (35ms)
	RebuildNativeTypeToScriptingClass (12ms)
	initialDomainReloadingComplete (36ms)
	LoadAllAssembliesAndSetupDomain (399ms)
		LoadAssemblies (320ms)
		RebuildTransferFunctionScriptingTraits (0ms)
		AnalyzeDomain (166ms)
			TypeCache.Refresh (137ms)
				TypeCache.ScanAssembly (118ms)
			ScanForSourceGeneratedMonoScriptInfo (22ms)
			ResolveRequiredComponents (6ms)
	FinalizeReload (732ms)
		ReleaseScriptCaches (0ms)
		RebuildScriptCaches (0ms)
		SetupLoadedEditorAssemblies (580ms)
			LogAssemblyErrors (0ms)
			InitializePlatformSupportModulesInManaged (4ms)
			SetLoadedEditorAssemblies (3ms)
			RefreshPlugins (0ms)
			BeforeProcessingInitializeOnLoad (53ms)
			ProcessInitializeOnLoadAttributes (322ms)
			ProcessInitializeOnLoadMethodAttributes (195ms)
			AfterProcessingInitializeOnLoad (2ms)
			EditorAssembliesLoaded (0ms)
		ExecutionOrderSort2 (0ms)
		AwakeInstancesAfterBackupRestoration (7ms)
Launched and connected shader compiler UnityShaderCompiler.exe after 0.05 seconds
Refreshing native plugins compatible for Editor in 8.07 ms, found 2 plugins.
Preloading 0 native plugins for Editor in 0.00 ms.
Unloading 2750 Unused Serialized files (Serialized files now loaded: 0)
Unloading 73 unused Assets / (73.1 KB). Loaded Objects now: 3197.
Memory consumption went from 115.7 MB to 115.7 MB.
Total: 9.147500 ms (FindLiveObjects: 0.237500 ms CreateObjectMapping: 0.232900 ms MarkObjects: 8.510000 ms  DeleteObjects: 0.166100 ms)

AssetImportParameters requested are different than current active one (requested -> active):
  custom:video-decoder-webm-vp8: 9c59270c3fd7afecdb556c50c9e8de78 -> 
  custom:SearchIndexIgnoredProperties: e643bd26f0fe6173181afceb89e7c659 -> 
  custom:container-demuxer-ogg: 62fdf1f143b41e24485cea50d1cbac27 -> 
  custom:AudioImporter_EditorPlatform: d09bf68614088b80899f8185d706f6e7 -> 
  custom:video-codec-MediaFoundation-h265: 746d11721c4dcdbdad8f713fa42b33f4 -> 
  custom:video-decoder-ogg-theora: a1e56fd34408186e4bbccfd4996cb3dc -> 
  custom:framework-win-MediaFoundation: 216162199b28c13a410421893ffa2e32 -> 
  custom:video-encoder-webm-vp8: eb34c28f22e8b96e1ab97ce403110664 -> 
  custom:audio-decoder-ogg-vorbis: bf7c407c2cedff20999df2af8eb42d56 -> 
  custom:CustomObjectIndexerAttribute: 9a22284fe3817be447336de3de66b15e -> 
  custom:container-demuxer-webm: 4f35f7cbe854078d1ac9338744f61a02 -> 
  custom:audio-encoder-webm-vorbis: bf7c407c2cedff20999df2af8eb42d56 -> 
  custom:container-muxer-webm: aa71ff27fc2769a1b78a27578f13a17b -> 
========================================================================
Received Import Request.
  Time since last request: 1204035.396901 seconds.
  path: Assets/JsonDotNet/Assemblies/Windows/Newtonsoft.Json.dll
  artifactKey: Guid(9b6ba260dada0ea4a871a42011f8b87d) Importer(2089858483,0ecaa5967403d082aa24f35e1b516d23)
Start importing Assets/JsonDotNet/Assemblies/Windows/Newtonsoft.Json.dll using Guid(9b6ba260dada0ea4a871a42011f8b87d) Importer(2089858483,0ecaa5967403d082aa24f35e1b516d23)  -> (artifact id: '4b9f68fd78c9d914f080aacfb16c4bf1') in 0.099467 seconds
Number of updated asset objects reloaded before import = 0
Number of asset objects unloaded after import = 1
========================================================================
Received Import Request.
  Time since last request: 0.000031 seconds.
  path: Assets/Plugins/Easy Save 3/Editor/ES3ScriptableObjectTypeTemplate.txt
  artifactKey: Guid(3b4ae594e55834c35b197df04c2e81cb) Importer(2089858483,0ecaa5967403d082aa24f35e1b516d23)
Start importing Assets/Plugins/Easy Save 3/Editor/ES3ScriptableObjectTypeTemplate.txt using Guid(3b4ae594e55834c35b197df04c2e81cb) Importer(2089858483,0ecaa5967403d082aa24f35e1b516d23)  -> (artifact id: 'd4b0fddbbb60a2e532da6350e71b991b') in 0.033637 seconds
Number of updated asset objects reloaded before import = 0
Number of asset objects unloaded after import = 1
========================================================================
Received Import Request.
  Time since last request: 0.000020 seconds.
  path: Assets/Plugins/Easy Save 3/Editor/checkmark.png
  artifactKey: Guid(9d92f481545af4a45b06e8fe44778d93) Importer(2089858483,0ecaa5967403d082aa24f35e1b516d23)
Start importing Assets/Plugins/Easy Save 3/Editor/checkmark.png using Guid(9d92f481545af4a45b06e8fe44778d93) Importer(2089858483,0ecaa5967403d082aa24f35e1b516d23)  -> (artifact id: 'd063bd9a3b4d8432d18469d29557a153') in 0.084469 seconds
Number of updated asset objects reloaded before import = 0
Number of asset objects unloaded after import = 1
========================================================================
Received Import Request.
  Time since last request: 0.000038 seconds.
  path: Assets/Demigiant/DOTweenPro/DOTweenTk2d.cs
  artifactKey: Guid(b590cd7c24ffa5d4faa5b6fa993cccad) Importer(2089858483,0ecaa5967403d082aa24f35e1b516d23)
Start importing Assets/Demigiant/DOTweenPro/DOTweenTk2d.cs using Guid(b590cd7c24ffa5d4faa5b6fa993cccad) Importer(2089858483,0ecaa5967403d082aa24f35e1b516d23)  -> (artifact id: '7d89a751e3dd38b297a4ae9b75d54e15') in 0.017553 seconds
Number of updated asset objects reloaded before import = 0
Number of asset objects unloaded after import = 1
========================================================================
Received Import Request.
  Time since last request: 0.000026 seconds.
  path: Assets/Demigiant/DOTweenPro/Editor/DOTweenPreviewManager.cs
  artifactKey: Guid(22292a5f27a9a644ba9e6ad1bf863531) Importer(2089858483,0ecaa5967403d082aa24f35e1b516d23)
Start importing Assets/Demigiant/DOTweenPro/Editor/DOTweenPreviewManager.cs using Guid(22292a5f27a9a644ba9e6ad1bf863531) Importer(2089858483,0ecaa5967403d082aa24f35e1b516d23)  -> (artifact id: 'a6652c25160a1c70f0f099ad38a9d36c') in 0.027735 seconds
Number of updated asset objects reloaded before import = 0
Number of asset objects unloaded after import = 1
========================================================================
Received Import Request.
  Time since last request: 0.000022 seconds.
  path: Assets/Plugins/Easy Save 3/Scripts/ES3.cs
  artifactKey: Guid(ca1cdcde6d39a44b39ee5f5b86ddfd73) Importer(2089858483,0ecaa5967403d082aa24f35e1b516d23)
Start importing Assets/Plugins/Easy Save 3/Scripts/ES3.cs using Guid(ca1cdcde6d39a44b39ee5f5b86ddfd73) Importer(2089858483,0ecaa5967403d082aa24f35e1b516d23)  -> (artifact id: '3414bff5a33b4af583c689100e258c46') in 0.013814 seconds
Number of updated asset objects reloaded before import = 0
Number of asset objects unloaded after import = 1
========================================================================
Received Import Request.
  Time since last request: 0.000026 seconds.
  path: Assets/JsonDotNet/Assemblies/Windows/Newtonsoft.Json.XML
  artifactKey: Guid(36f7323c55864364d8bb88c736e4bca6) Importer(2089858483,0ecaa5967403d082aa24f35e1b516d23)
Start importing Assets/JsonDotNet/Assemblies/Windows/Newtonsoft.Json.XML using Guid(36f7323c55864364d8bb88c736e4bca6) Importer(2089858483,0ecaa5967403d082aa24f35e1b516d23)  -> (artifact id: '46964b7b60dac7d574505a1b44f0722d') in 0.036978 seconds
Number of updated asset objects reloaded before import = 0
Number of asset objects unloaded after import = 1
========================================================================
Received Import Request.
  Time since last request: 0.000082 seconds.
  path: Assets/Plugins/Easy Save 3/Editor/AutoSaveWindow.cs
  artifactKey: Guid(6065cc5492e9f49728674de9a0c1fe84) Importer(2089858483,0ecaa5967403d082aa24f35e1b516d23)
Start importing Assets/Plugins/Easy Save 3/Editor/AutoSaveWindow.cs using Guid(6065cc5492e9f49728674de9a0c1fe84) Importer(2089858483,0ecaa5967403d082aa24f35e1b516d23)  -> (artifact id: 'e92b2133c3f164a21359f9c5aa144196') in 0.013380 seconds
Number of updated asset objects reloaded before import = 0
Number of asset objects unloaded after import = 1
========================================================================
Received Import Request.
  Time since last request: 0.000018 seconds.
  path: Assets/Editor/CompressTextureHelper.cs
  artifactKey: Guid(32cbbfc89ee193a42bbbe969c9e66849) Importer(2089858483,0ecaa5967403d082aa24f35e1b516d23)
Start importing Assets/Editor/CompressTextureHelper.cs using Guid(32cbbfc89ee193a42bbbe969c9e66849) Importer(2089858483,0ecaa5967403d082aa24f35e1b516d23)  -> (artifact id: 'ef6919d0447fc3041942d08323c45f07') in 0.016031 seconds
Number of updated asset objects reloaded before import = 0
Number of asset objects unloaded after import = 1
========================================================================
Received Import Request.
  Time since last request: 0.000025 seconds.
  path: Assets/Resources/BillingMode.json
  artifactKey: Guid(af5e5bfbe73d30b43968e5d78c4c7bc8) Importer(2089858483,0ecaa5967403d082aa24f35e1b516d23)
Start importing Assets/Resources/BillingMode.json using Guid(af5e5bfbe73d30b43968e5d78c4c7bc8) Importer(2089858483,0ecaa5967403d082aa24f35e1b516d23)  -> (artifact id: '7186262bba462e90acf69bb1a23d572b') in 0.036904 seconds
Number of updated asset objects reloaded before import = 0
Number of asset objects unloaded after import = 1
========================================================================
Received Import Request.
  Time since last request: 0.000017 seconds.
  path: Assets/Plugins/Easy Save 3/Web/ES3Cloud.php
  artifactKey: Guid(5b891e253fd1a40e999dd9064b8a0d6f) Importer(2089858483,0ecaa5967403d082aa24f35e1b516d23)
Start importing Assets/Plugins/Easy Save 3/Web/ES3Cloud.php using Guid(5b891e253fd1a40e999dd9064b8a0d6f) Importer(2089858483,0ecaa5967403d082aa24f35e1b516d23)  -> (artifact id: '317e4fc3387fb961495d72fbac49bd8b') in 0.042934 seconds
Number of updated asset objects reloaded before import = 0
Number of asset objects unloaded after import = 1
========================================================================
Received Import Request.
  Time since last request: 0.000030 seconds.
  path: Assets/Scripts/FeatherFramework/RedPoint/RedPointConst.cs
  artifactKey: Guid(b322db01c2142bd4fbdfccb88ef0a164) Importer(2089858483,0ecaa5967403d082aa24f35e1b516d23)
Start importing Assets/Scripts/FeatherFramework/RedPoint/RedPointConst.cs using Guid(b322db01c2142bd4fbdfccb88ef0a164) Importer(2089858483,0ecaa5967403d082aa24f35e1b516d23)  -> (artifact id: 'bbddd66c26a791701a0ed7a30caf94e3') in 0.017837 seconds
Number of updated asset objects reloaded before import = 0
Number of asset objects unloaded after import = 1
========================================================================
Received Import Request.
  Time since last request: 0.000203 seconds.
  path: Assets/Scripts/FeatherFramework/DataMgr/ScriptableObjectWithID.cs
  artifactKey: Guid(1cb55058c308659498278c7f1a0978d9) Importer(2089858483,0ecaa5967403d082aa24f35e1b516d23)
Start importing Assets/Scripts/FeatherFramework/DataMgr/ScriptableObjectWithID.cs using Guid(1cb55058c308659498278c7f1a0978d9) Importer(2089858483,0ecaa5967403d082aa24f35e1b516d23)  -> (artifact id: '953cb30f11e893cfd42b0ba07bd2d01d') in 0.016593 seconds
Number of updated asset objects reloaded before import = 0
Number of asset objects unloaded after import = 1
========================================================================
Received Import Request.
  Time since last request: 0.000021 seconds.
  path: Assets/Scripts/FeatherFramework/RedPoint/RedPointSystem.cs
  artifactKey: Guid(10ef456b3b4f7d74bacd0b90f2c5bc68) Importer(2089858483,0ecaa5967403d082aa24f35e1b516d23)
Start importing Assets/Scripts/FeatherFramework/RedPoint/RedPointSystem.cs using Guid(10ef456b3b4f7d74bacd0b90f2c5bc68) Importer(2089858483,0ecaa5967403d082aa24f35e1b516d23)  -> (artifact id: '187a399e11b789f8f634eee7a2d1eaea') in 0.032696 seconds
Number of updated asset objects reloaded before import = 0
Number of asset objects unloaded after import = 1
========================================================================
Received Import Request.
  Time since last request: 0.000029 seconds.
  path: Assets/Demigiant/DOTweenPro/Editor/DOTweenAnimationInspector.cs
  artifactKey: Guid(e0203fd81362bab4d842d87ad09ee76e) Importer(2089858483,0ecaa5967403d082aa24f35e1b516d23)
Start importing Assets/Demigiant/DOTweenPro/Editor/DOTweenAnimationInspector.cs using Guid(e0203fd81362bab4d842d87ad09ee76e) Importer(2089858483,0ecaa5967403d082aa24f35e1b516d23)  -> (artifact id: '62fdb3bfceb9dacd4beeca0170ed70da') in 0.016894 seconds
Number of updated asset objects reloaded before import = 0
Number of asset objects unloaded after import = 1
========================================================================
Received Import Request.
  Time since last request: 0.000063 seconds.
  path: Assets/Demigiant/DOTween/Modules/DOTweenModuleUnityVersion.cs
  artifactKey: Guid(63c02322328255542995bd02b47b0457) Importer(2089858483,0ecaa5967403d082aa24f35e1b516d23)
Start importing Assets/Demigiant/DOTween/Modules/DOTweenModuleUnityVersion.cs using Guid(63c02322328255542995bd02b47b0457) Importer(2089858483,0ecaa5967403d082aa24f35e1b516d23)  -> (artifact id: 'ca5fff084c266b62641d6fe737b68bc7') in 0.017290 seconds
Number of updated asset objects reloaded before import = 0
Number of asset objects unloaded after import = 1
========================================================================
Received Import Request.
  Time since last request: 0.000026 seconds.
  path: Assets/Demigiant/DOTween/Modules/DOTweenModuleAudio.cs
  artifactKey: Guid(b766d08851589514b97afb23c6f30a70) Importer(2089858483,0ecaa5967403d082aa24f35e1b516d23)
Start importing Assets/Demigiant/DOTween/Modules/DOTweenModuleAudio.cs using Guid(b766d08851589514b97afb23c6f30a70) Importer(2089858483,0ecaa5967403d082aa24f35e1b516d23)  -> (artifact id: 'c2944e7b226171baa5ab77704b68e418') in 0.020475 seconds
Number of updated asset objects reloaded before import = 0
Number of asset objects unloaded after import = 1
========================================================================
Received Import Request.
  Time since last request: 0.000245 seconds.
  path: Assets/Scripts/FeatherFramework/AudioMgr/AudioAction.cs
  artifactKey: Guid(5b8322667628a1f44a473e966175504a) Importer(2089858483,0ecaa5967403d082aa24f35e1b516d23)
Start importing Assets/Scripts/FeatherFramework/AudioMgr/AudioAction.cs using Guid(5b8322667628a1f44a473e966175504a) Importer(2089858483,0ecaa5967403d082aa24f35e1b516d23)  -> (artifact id: '90577994ae756252818f920a0b8e064c') in 0.016875 seconds
Number of updated asset objects reloaded before import = 0
Number of asset objects unloaded after import = 1
========================================================================
Received Import Request.
  Time since last request: 0.000046 seconds.
  path: Assets/Scripts/FeatherFramework/DataMgr/IDActivationController.cs
  artifactKey: Guid(f20bf050837a65b429ec7740192f1e63) Importer(2089858483,0ecaa5967403d082aa24f35e1b516d23)
Start importing Assets/Scripts/FeatherFramework/DataMgr/IDActivationController.cs using Guid(f20bf050837a65b429ec7740192f1e63) Importer(2089858483,0ecaa5967403d082aa24f35e1b516d23)  -> (artifact id: 'e29fd5d6cce49aedf8fdc69d42869c34') in 0.017136 seconds
Number of updated asset objects reloaded before import = 0
Number of asset objects unloaded after import = 1
========================================================================
Received Import Request.
  Time since last request: 0.000023 seconds.
  path: Assets/Data/IDHolder/temp.asset
  artifactKey: Guid(b108709ac9180204091883c5c8f1abb9) Importer(2089858483,0ecaa5967403d082aa24f35e1b516d23)
Start importing Assets/Data/IDHolder/temp.asset using Guid(b108709ac9180204091883c5c8f1abb9) Importer(2089858483,0ecaa5967403d082aa24f35e1b516d23)  -> (artifact id: '9566851590e95cf9190b3d32d8c4740b') in 0.165543 seconds
Number of updated asset objects reloaded before import = 0
Number of asset objects unloaded after import = 1
========================================================================
Received Import Request.
  Time since last request: 0.000037 seconds.
  path: Assets/Demigiant/DOTweenPro Examples/Examples Assets/dotweenpro_logo.png
  artifactKey: Guid(44a054df1702e39458b7072b08d0f212) Importer(2089858483,0ecaa5967403d082aa24f35e1b516d23)
Start importing Assets/Demigiant/DOTweenPro Examples/Examples Assets/dotweenpro_logo.png using Guid(44a054df1702e39458b7072b08d0f212) Importer(2089858483,0ecaa5967403d082aa24f35e1b516d23)  -> (artifact id: '8820efc91acb0e9eb5d39862120acb55') in 0.111697 seconds
Number of updated asset objects reloaded before import = 0
Number of asset objects unloaded after import = 3
========================================================================
Received Import Request.
  Time since last request: 0.000047 seconds.
  path: Assets/Scripts/FeatherFramework/LanguageMgr/MLT_GameObjectSwitch.cs
  artifactKey: Guid(e3b14d73aa71a3e40af62817ad1a0e0d) Importer(2089858483,0ecaa5967403d082aa24f35e1b516d23)
Start importing Assets/Scripts/FeatherFramework/LanguageMgr/MLT_GameObjectSwitch.cs using Guid(e3b14d73aa71a3e40af62817ad1a0e0d) Importer(2089858483,0ecaa5967403d082aa24f35e1b516d23)  -> (artifact id: '7761169c08957bf4a1c1f0da0bc9df1f') in 0.017041 seconds
Number of updated asset objects reloaded before import = 0
Number of asset objects unloaded after import = 1
========================================================================
Received Import Request.
  Time since last request: 0.000021 seconds.
  path: Assets/JsonDotNet/Assemblies/AOT/Newtonsoft.Json.dll
  artifactKey: Guid(6a3c684705042f345975d924f6983e36) Importer(2089858483,0ecaa5967403d082aa24f35e1b516d23)
Start importing Assets/JsonDotNet/Assemblies/AOT/Newtonsoft.Json.dll using Guid(6a3c684705042f345975d924f6983e36) Importer(2089858483,0ecaa5967403d082aa24f35e1b516d23)  -> (artifact id: 'fcc1fe2e44462edea36a30271848f287') in 0.014166 seconds
Number of updated asset objects reloaded before import = 0
Number of asset objects unloaded after import = 1
========================================================================
Received Import Request.
  Time since last request: 0.000021 seconds.
  path: Assets/Demigiant/DOTween/Editor/Imgs/Header.jpg
  artifactKey: Guid(78a59ca99f8987941adb61f9e14a06a7) Importer(2089858483,0ecaa5967403d082aa24f35e1b516d23)
Start importing Assets/Demigiant/DOTween/Editor/Imgs/Header.jpg using Guid(78a59ca99f8987941adb61f9e14a06a7) Importer(2089858483,0ecaa5967403d082aa24f35e1b516d23)  -> (artifact id: 'd81794c7f816f6395a94ea76f23232c0') in 0.179132 seconds
Number of updated asset objects reloaded before import = 0
Number of asset objects unloaded after import = 1
========================================================================
Received Import Request.
  Time since last request: 0.000017 seconds.
  path: Assets/Plugins/Easy Save 3/Scripts/Readers/ES3JSONReader.cs
  artifactKey: Guid(8757682770a6c4537a3dcbed278277bc) Importer(2089858483,0ecaa5967403d082aa24f35e1b516d23)
Start importing Assets/Plugins/Easy Save 3/Scripts/Readers/ES3JSONReader.cs using Guid(8757682770a6c4537a3dcbed278277bc) Importer(2089858483,0ecaa5967403d082aa24f35e1b516d23)  -> (artifact id: 'f7c4143b86cc46171d732ab7625759ad') in 0.011022 seconds
Number of updated asset objects reloaded before import = 0
Number of asset objects unloaded after import = 1
========================================================================
Received Import Request.
  Time since last request: 0.000026 seconds.
  path: Assets/Scripts/FeatherFramework/UIMgr/UIMgr.cs
  artifactKey: Guid(27dee9d9cb697a941a6b84d6da0a243b) Importer(2089858483,0ecaa5967403d082aa24f35e1b516d23)
Start importing Assets/Scripts/FeatherFramework/UIMgr/UIMgr.cs using Guid(27dee9d9cb697a941a6b84d6da0a243b) Importer(2089858483,0ecaa5967403d082aa24f35e1b516d23)  -> (artifact id: 'bca69e9732ea34b8583cd7bafcf7db4b') in 0.009038 seconds
Number of updated asset objects reloaded before import = 0
Number of asset objects unloaded after import = 1
========================================================================
Received Import Request.
  Time since last request: 0.000036 seconds.
  path: Assets/Plugins/Easy Save 3/Scripts/Settings/ES3Defaults.cs
  artifactKey: Guid(7b340139c9e4d054f904d8b452798652) Importer(2089858483,0ecaa5967403d082aa24f35e1b516d23)
Start importing Assets/Plugins/Easy Save 3/Scripts/Settings/ES3Defaults.cs using Guid(7b340139c9e4d054f904d8b452798652) Importer(2089858483,0ecaa5967403d082aa24f35e1b516d23)  -> (artifact id: '5ac98844325a2310ac5876ebedfb390b') in 0.011925 seconds
Number of updated asset objects reloaded before import = 0
Number of asset objects unloaded after import = 1
========================================================================
Received Import Request.
  Time since last request: 0.000026 seconds.
  path: Assets/Plugins/Easy Save 3/Scripts/Streams/ES3FileStream.cs
  artifactKey: Guid(0daff17c3279448f994a7a93d305046a) Importer(2089858483,0ecaa5967403d082aa24f35e1b516d23)
Start importing Assets/Plugins/Easy Save 3/Scripts/Streams/ES3FileStream.cs using Guid(0daff17c3279448f994a7a93d305046a) Importer(2089858483,0ecaa5967403d082aa24f35e1b516d23)  -> (artifact id: 'c79ceb610b6fd5d5e636ee943f6910d8') in 0.011290 seconds
Number of updated asset objects reloaded before import = 0
Number of asset objects unloaded after import = 1
========================================================================
Received Import Request.
  Time since last request: 0.000030 seconds.
  path: Assets/Plugins/Easy Save 3/Scripts/Auto Save/ES3AutoSaveMgr.cs
  artifactKey: Guid(9107aee0ced90422da95f0b31680501f) Importer(2089858483,0ecaa5967403d082aa24f35e1b516d23)
Start importing Assets/Plugins/Easy Save 3/Scripts/Auto Save/ES3AutoSaveMgr.cs using Guid(9107aee0ced90422da95f0b31680501f) Importer(2089858483,0ecaa5967403d082aa24f35e1b516d23)  -> (artifact id: '486f1b61111d8f6dd126b9856b582ee8') in 0.009542 seconds
Number of updated asset objects reloaded before import = 0
Number of asset objects unloaded after import = 1
========================================================================
Received Import Request.
  Time since last request: 0.000014 seconds.
  path: Assets/Plugins/Easy Save 3/Scripts/Readers/ES3Reader.cs
  artifactKey: Guid(f511cfa2663a045aeac7dfe13754efba) Importer(2089858483,0ecaa5967403d082aa24f35e1b516d23)
Start importing Assets/Plugins/Easy Save 3/Scripts/Readers/ES3Reader.cs using Guid(f511cfa2663a045aeac7dfe13754efba) Importer(2089858483,0ecaa5967403d082aa24f35e1b516d23)  -> (artifact id: '1b0d53a30acad27a0719b3a24911e64b') in 0.011467 seconds
Number of updated asset objects reloaded before import = 0
Number of asset objects unloaded after import = 1
========================================================================
Received Import Request.
  Time since last request: 0.000014 seconds.
  path: Assets/Plugins/Easy Save 3/Scripts/Settings/ES3Settings.cs
  artifactKey: Guid(b7b35a33d52a04187b51d5e2e2e5b0c8) Importer(2089858483,0ecaa5967403d082aa24f35e1b516d23)
Start importing Assets/Plugins/Easy Save 3/Scripts/Settings/ES3Settings.cs using Guid(b7b35a33d52a04187b51d5e2e2e5b0c8) Importer(2089858483,0ecaa5967403d082aa24f35e1b516d23)  -> (artifact id: '73b7c697780c055402a5e8bda4b18c4a') in 0.014813 seconds
Number of updated asset objects reloaded before import = 0
Number of asset objects unloaded after import = 1
========================================================================
Received Import Request.
  Time since last request: 0.000013 seconds.
  path: Assets/Plugins/Easy Save 3/Scripts/Readers/ES3XMLReader.cs
  artifactKey: Guid(2ef972c40e0163f4c873b7e18c0e24fb) Importer(2089858483,0ecaa5967403d082aa24f35e1b516d23)
Start importing Assets/Plugins/Easy Save 3/Scripts/Readers/ES3XMLReader.cs using Guid(2ef972c40e0163f4c873b7e18c0e24fb) Importer(2089858483,0ecaa5967403d082aa24f35e1b516d23)  -> (artifact id: 'a62455ac8c785d29f64533654964347d') in 0.009638 seconds
Number of updated asset objects reloaded before import = 0
Number of asset objects unloaded after import = 1
========================================================================
Received Import Request.
  Time since last request: 0.000024 seconds.
  path: Assets/Scripts/FeatherFramework/Tools/PlatformCheck.cs
  artifactKey: Guid(a1e5addf2454f4e4d9ba4d2b61046141) Importer(2089858483,0ecaa5967403d082aa24f35e1b516d23)
Start importing Assets/Scripts/FeatherFramework/Tools/PlatformCheck.cs using Guid(a1e5addf2454f4e4d9ba4d2b61046141) Importer(2089858483,0ecaa5967403d082aa24f35e1b516d23)  -> (artifact id: '829b2390dd8c741b36b9a30e33fb6155') in 0.010808 seconds
Number of updated asset objects reloaded before import = 0
Number of asset objects unloaded after import = 1
========================================================================
Received Import Request.
  Time since last request: 0.000020 seconds.
  path: Assets/Plugins/Easy Save 3/Resources/ES3/ES3Defaults.asset
  artifactKey: Guid(54ac895f806fabc4087ec1f9a49d19dc) Importer(2089858483,0ecaa5967403d082aa24f35e1b516d23)
Start importing Assets/Plugins/Easy Save 3/Resources/ES3/ES3Defaults.asset using Guid(54ac895f806fabc4087ec1f9a49d19dc) Importer(2089858483,0ecaa5967403d082aa24f35e1b516d23)  -> (artifact id: '2bd0c2b11c913978a0ab3b1168bc041f') in 0.547704 seconds
Number of updated asset objects reloaded before import = 0
Number of asset objects unloaded after import = 1
========================================================================
Received Import Request.
  Time since last request: 0.000018 seconds.
  path: Assets/Plugins/Easy Save 3/Scripts/Types/ES3UnityObjectType.cs
  artifactKey: Guid(6206e73d6e9414301b5475296e1103a2) Importer(2089858483,0ecaa5967403d082aa24f35e1b516d23)
Start importing Assets/Plugins/Easy Save 3/Scripts/Types/ES3UnityObjectType.cs using Guid(6206e73d6e9414301b5475296e1103a2) Importer(2089858483,0ecaa5967403d082aa24f35e1b516d23)  -> (artifact id: '8fccf44f5c964bc41cc8c0f12163ca7b') in 0.012556 seconds
Number of updated asset objects reloaded before import = 0
Number of asset objects unloaded after import = 1
========================================================================
Received Import Request.
  Time since last request: 0.000023 seconds.
  path: Assets/Plugins/Easy Save 3/Scripts/Web/ES3WebClass.cs
  artifactKey: Guid(338b6919533e14c37afa52e7b0a91a6d) Importer(2089858483,0ecaa5967403d082aa24f35e1b516d23)
Start importing Assets/Plugins/Easy Save 3/Scripts/Web/ES3WebClass.cs using Guid(338b6919533e14c37afa52e7b0a91a6d) Importer(2089858483,0ecaa5967403d082aa24f35e1b516d23)  -> (artifact id: 'bb82bd6d2bc6f13ff7c2826646e97d75') in 0.011630 seconds
Number of updated asset objects reloaded before import = 0
Number of asset objects unloaded after import = 1
========================================================================
Received Import Request.
  Time since last request: 0.000016 seconds.
  path: Assets/Plugins/Easy Save 3/Scripts/Types/ES3Property.cs
  artifactKey: Guid(b987e63c8e10f448c8364eaceddd96e5) Importer(2089858483,0ecaa5967403d082aa24f35e1b516d23)
Start importing Assets/Plugins/Easy Save 3/Scripts/Types/ES3Property.cs using Guid(b987e63c8e10f448c8364eaceddd96e5) Importer(2089858483,0ecaa5967403d082aa24f35e1b516d23)  -> (artifact id: '29f73cf43ab5a6cc511f0f1bc2be160e') in 0.016670 seconds
Number of updated asset objects reloaded before import = 0
Number of asset objects unloaded after import = 1
========================================================================
Received Import Request.
  Time since last request: 0.000022 seconds.
  path: Assets/Demigiant/DemiLib/Core/Editor/Imgs/blackSquareAlpha80.png
  artifactKey: Guid(595b166389c8db546a199430284ebc9b) Importer(2089858483,0ecaa5967403d082aa24f35e1b516d23)
Start importing Assets/Demigiant/DemiLib/Core/Editor/Imgs/blackSquareAlpha80.png using Guid(595b166389c8db546a199430284ebc9b) Importer(2089858483,0ecaa5967403d082aa24f35e1b516d23)  -> (artifact id: '2c232e25ca87b1698eb4b7ba18bd14af') in 0.030635 seconds
Number of updated asset objects reloaded before import = 0
Number of asset objects unloaded after import = 1
========================================================================
Received Import Request.
  Time since last request: 0.000017 seconds.
  path: Assets/Demigiant/DemiLib/Core/Editor/Imgs/greenSquare.png
  artifactKey: Guid(789ef07ba2573f6448fa8b5dc5224c44) Importer(2089858483,0ecaa5967403d082aa24f35e1b516d23)
Start importing Assets/Demigiant/DemiLib/Core/Editor/Imgs/greenSquare.png using Guid(789ef07ba2573f6448fa8b5dc5224c44) Importer(2089858483,0ecaa5967403d082aa24f35e1b516d23)  -> (artifact id: '3f73264f1ea699f6cc42e8962bd5290b') in 0.032048 seconds
Number of updated asset objects reloaded before import = 0
Number of asset objects unloaded after import = 1
========================================================================
Received Import Request.
  Time since last request: 0.000022 seconds.
  path: Assets/Demigiant/DemiLib/Core/Editor/Imgs/blackSquareAlpha10.png
  artifactKey: Guid(8c9cfa1dbe00a1d41ae9d14f5ac543ec) Importer(2089858483,0ecaa5967403d082aa24f35e1b516d23)
Start importing Assets/Demigiant/DemiLib/Core/Editor/Imgs/blackSquareAlpha10.png using Guid(8c9cfa1dbe00a1d41ae9d14f5ac543ec) Importer(2089858483,0ecaa5967403d082aa24f35e1b516d23)  -> (artifact id: 'abff986a688bab97a1c7a37df4a23f3b') in 0.053083 seconds
Number of updated asset objects reloaded before import = 0
Number of asset objects unloaded after import = 1
========================================================================
Received Import Request.
  Time since last request: 0.000020 seconds.
  path: Assets/Plugins/Easy Save 3/Editor/checkmarkSmall.png
  artifactKey: Guid(ca44f6eb870d244cfb1c83054a69ffc3) Importer(2089858483,0ecaa5967403d082aa24f35e1b516d23)
Start importing Assets/Plugins/Easy Save 3/Editor/checkmarkSmall.png using Guid(ca44f6eb870d244cfb1c83054a69ffc3) Importer(2089858483,0ecaa5967403d082aa24f35e1b516d23)  -> (artifact id: '3cbdbfbae0525b5701a66877522e50e7') in 0.046640 seconds
Number of updated asset objects reloaded before import = 0
Number of asset objects unloaded after import = 1
========================================================================
Received Import Request.
  Time since last request: 0.000018 seconds.
  path: Assets/Demigiant/DemiLib/Core/Editor/Imgs/ico_comment.png
  artifactKey: Guid(622fdb780ae13e840938631c5ed708f2) Importer(2089858483,0ecaa5967403d082aa24f35e1b516d23)
Start importing Assets/Demigiant/DemiLib/Core/Editor/Imgs/ico_comment.png using Guid(622fdb780ae13e840938631c5ed708f2) Importer(2089858483,0ecaa5967403d082aa24f35e1b516d23)  -> (artifact id: '6b8f437151e1fe2c05aa85c59e0ba05d') in 0.100701 seconds
Number of updated asset objects reloaded before import = 0
Number of asset objects unloaded after import = 1
========================================================================
Received Import Request.
  Time since last request: 0.000033 seconds.
  path: Assets/Demigiant/DemiLib/Core/Editor/Imgs/ico_camera.png
  artifactKey: Guid(37639be6148186645bca3fce45d5aa22) Importer(2089858483,0ecaa5967403d082aa24f35e1b516d23)
Start importing Assets/Demigiant/DemiLib/Core/Editor/Imgs/ico_camera.png using Guid(37639be6148186645bca3fce45d5aa22) Importer(2089858483,0ecaa5967403d082aa24f35e1b516d23)  -> (artifact id: '34e846275b69b0ac266a6930781f0af5') in 0.150746 seconds
Number of updated asset objects reloaded before import = 0
Number of asset objects unloaded after import = 1
========================================================================
Received Import Request.
  Time since last request: 0.000024 seconds.
  path: Assets/Demigiant/DemiLib/Core/Editor/Imgs/ico_camera_border.png
  artifactKey: Guid(358cddede8023574191e0aae610a4645) Importer(2089858483,0ecaa5967403d082aa24f35e1b516d23)
Start importing Assets/Demigiant/DemiLib/Core/Editor/Imgs/ico_camera_border.png using Guid(358cddede8023574191e0aae610a4645) Importer(2089858483,0ecaa5967403d082aa24f35e1b516d23)  -> (artifact id: '8958b9a7f5b2ea5ce5f03d1c8a435a39') in 0.023479 seconds
Number of updated asset objects reloaded before import = 0
Number of asset objects unloaded after import = 1
========================================================================
Received Import Request.
  Time since last request: 0.000013 seconds.
  path: Assets/Demigiant/DemiLib/Core/Editor/Imgs/ico_alignTC.png
  artifactKey: Guid(0f79253104349f44cb73978f6c8e93de) Importer(2089858483,0ecaa5967403d082aa24f35e1b516d23)
Start importing Assets/Demigiant/DemiLib/Core/Editor/Imgs/ico_alignTC.png using Guid(0f79253104349f44cb73978f6c8e93de) Importer(2089858483,0ecaa5967403d082aa24f35e1b516d23)  -> (artifact id: '3f5c86d46cd6db78b3933f73c647bdae') in 0.120161 seconds
Number of updated asset objects reloaded before import = 0
Number of asset objects unloaded after import = 1
========================================================================
Received Import Request.
  Time since last request: 0.000019 seconds.
  path: Assets/Plugins/Easy Save 3/Editor/ES3ValueTypeTemplate.txt
  artifactKey: Guid(f67742ea0c50242f8af16c3f807b723b) Importer(2089858483,0ecaa5967403d082aa24f35e1b516d23)
Start importing Assets/Plugins/Easy Save 3/Editor/ES3ValueTypeTemplate.txt using Guid(f67742ea0c50242f8af16c3f807b723b) Importer(2089858483,0ecaa5967403d082aa24f35e1b516d23)  -> (artifact id: '7ebcefa7fa97e1f7333a1fa545c282bb') in 0.672881 seconds
Number of updated asset objects reloaded before import = 0
Number of asset objects unloaded after import = 1
========================================================================
Received Import Request.
  Time since last request: 0.000023 seconds.
  path: Assets/Demigiant/DemiLib/Core/Editor/Imgs/ico_heart.png
  artifactKey: Guid(d173388c1d9c32a418b5b777dd89d71a) Importer(2089858483,0ecaa5967403d082aa24f35e1b516d23)
Start importing Assets/Demigiant/DemiLib/Core/Editor/Imgs/ico_heart.png using Guid(d173388c1d9c32a418b5b777dd89d71a) Importer(2089858483,0ecaa5967403d082aa24f35e1b516d23)  -> (artifact id: '223887d30ba13392cd974bcdba2cdf18') in 0.098232 seconds
Number of updated asset objects reloaded before import = 0
Number of asset objects unloaded after import = 1
========================================================================
Received Import Request.
  Time since last request: 0.000021 seconds.
  path: Assets/Demigiant/DemiLib/Core/Editor/Imgs/ico_nodeArrow.png
  artifactKey: Guid(4aa34055b1d36ef479af3d7b5701b28a) Importer(2089858483,0ecaa5967403d082aa24f35e1b516d23)
Start importing Assets/Demigiant/DemiLib/Core/Editor/Imgs/ico_nodeArrow.png using Guid(4aa34055b1d36ef479af3d7b5701b28a) Importer(2089858483,0ecaa5967403d082aa24f35e1b516d23)  -> (artifact id: 'bfa0f69162162b543e7d499d3e6e711b') in 0.024164 seconds
Number of updated asset objects reloaded before import = 0
Number of asset objects unloaded after import = 1
========================================================================
Received Import Request.
  Time since last request: 0.000024 seconds.
  path: Assets/Demigiant/DemiLib/Core/Editor/Imgs/ico_play_border.png
  artifactKey: Guid(45e128e1cf00555479ee7934ab11cadf) Importer(2089858483,0ecaa5967403d082aa24f35e1b516d23)
Start importing Assets/Demigiant/DemiLib/Core/Editor/Imgs/ico_play_border.png using Guid(45e128e1cf00555479ee7934ab11cadf) Importer(2089858483,0ecaa5967403d082aa24f35e1b516d23)  -> (artifact id: '174396ea143ae158223e11944a520362') in 0.073194 seconds
Number of updated asset objects reloaded before import = 0
Number of asset objects unloaded after import = 1
========================================================================
Received Import Request.
  Time since last request: 0.000016 seconds.
  path: Assets/Demigiant/DemiLib/Core/Editor/Imgs/ico_distributeVAlignL.png
  artifactKey: Guid(32eaa0efb2b38774ea9705b40fdcc00a) Importer(2089858483,0ecaa5967403d082aa24f35e1b516d23)
Start importing Assets/Demigiant/DemiLib/Core/Editor/Imgs/ico_distributeVAlignL.png using Guid(32eaa0efb2b38774ea9705b40fdcc00a) Importer(2089858483,0ecaa5967403d082aa24f35e1b516d23)  -> (artifact id: 'cfb806d871bc128e94ec5cb5748df54b') in 0.059651 seconds
Number of updated asset objects reloaded before import = 0
Number of asset objects unloaded after import = 1
========================================================================
Received Import Request.
  Time since last request: 0.000020 seconds.
  path: Assets/Demigiant/DemiLib/Core/Editor/Imgs/ico_ui_border.png
  artifactKey: Guid(c0c40ceac3c6df146a0fcd4e6b226540) Importer(2089858483,0ecaa5967403d082aa24f35e1b516d23)
Start importing Assets/Demigiant/DemiLib/Core/Editor/Imgs/ico_ui_border.png using Guid(c0c40ceac3c6df146a0fcd4e6b226540) Importer(2089858483,0ecaa5967403d082aa24f35e1b516d23)  -> (artifact id: '49a523fd13efc137cd402bf66a925d4e') in 0.049947 seconds
Number of updated asset objects reloaded before import = 0
Number of asset objects unloaded after import = 1
========================================================================
Received Import Request.
  Time since last request: 0.000019 seconds.
  path: Assets/Plugins/Easy Save 3/Editor/ES3TypeTemplate.txt
  artifactKey: Guid(e84ec2bd739f543b0a5cd3c13741f744) Importer(2089858483,0ecaa5967403d082aa24f35e1b516d23)
Start importing Assets/Plugins/Easy Save 3/Editor/ES3TypeTemplate.txt using Guid(e84ec2bd739f543b0a5cd3c13741f744) Importer(2089858483,0ecaa5967403d082aa24f35e1b516d23)  -> (artifact id: '0b2babf098f22d7a037d050aa5ada3bf') in 0.022578 seconds
Number of updated asset objects reloaded before import = 0
Number of asset objects unloaded after import = 1
========================================================================
Received Import Request.
  Time since last request: 0.000072 seconds.
  path: Assets/Demigiant/DemiLib/Core/Editor/Imgs/redSquare.png
  artifactKey: Guid(fbdd7ecf39c13bf48a5bd02a1159c90b) Importer(2089858483,0ecaa5967403d082aa24f35e1b516d23)
Start importing Assets/Demigiant/DemiLib/Core/Editor/Imgs/redSquare.png using Guid(fbdd7ecf39c13bf48a5bd02a1159c90b) Importer(2089858483,0ecaa5967403d082aa24f35e1b516d23)  -> (artifact id: '8605a1145954885c0d9ade296e005e04') in 0.036560 seconds
Number of updated asset objects reloaded before import = 0
Number of asset objects unloaded after import = 1
========================================================================
Received Import Request.
  Time since last request: 0.000018 seconds.
  path: Assets/Demigiant/DemiLib/Core/Editor/Imgs/ico_alignTL.png
  artifactKey: Guid(6efe1c8569d975640ba0c9f2ac4a9d61) Importer(2089858483,0ecaa5967403d082aa24f35e1b516d23)
Start importing Assets/Demigiant/DemiLib/Core/Editor/Imgs/ico_alignTL.png using Guid(6efe1c8569d975640ba0c9f2ac4a9d61) Importer(2089858483,0ecaa5967403d082aa24f35e1b516d23)  -> (artifact id: 'c7dfca94eddfa93abf2db831d9ed211d') in 0.147822 seconds
Number of updated asset objects reloaded before import = 0
Number of asset objects unloaded after import = 1
========================================================================
Received Import Request.
  Time since last request: 0.000014 seconds.
  path: Assets/Demigiant/DemiLib/Core/Editor/Imgs/whiteDot_darkBorder.png
  artifactKey: Guid(27df4ca974a8eaf40803907859421506) Importer(2089858483,0ecaa5967403d082aa24f35e1b516d23)
Start importing Assets/Demigiant/DemiLib/Core/Editor/Imgs/whiteDot_darkBorder.png using Guid(27df4ca974a8eaf40803907859421506) Importer(2089858483,0ecaa5967403d082aa24f35e1b516d23)  -> (artifact id: 'dc54902a8f7f15fde244e8c0789f9a0d') in 0.038234 seconds
Number of updated asset objects reloaded before import = 0
Number of asset objects unloaded after import = 1
========================================================================
Received Import Request.
  Time since last request: 0.000018 seconds.
  path: Assets/Demigiant/DemiLib/Core/Editor/Imgs/squareBorderCurved_darkBorders.png
  artifactKey: Guid(25da15ac84743244ab4c860cf8798ec8) Importer(2089858483,0ecaa5967403d082aa24f35e1b516d23)
Start importing Assets/Demigiant/DemiLib/Core/Editor/Imgs/squareBorderCurved_darkBorders.png using Guid(25da15ac84743244ab4c860cf8798ec8) Importer(2089858483,0ecaa5967403d082aa24f35e1b516d23)  -> (artifact id: '81110ed186017c41244a3a7b42850de7') in 0.023669 seconds
Number of updated asset objects reloaded before import = 0
Number of asset objects unloaded after import = 1
========================================================================
Received Import Request.
  Time since last request: 0.000063 seconds.
  path: Assets/Demigiant/DemiLib/Core/Editor/Imgs/squareBorder.png
  artifactKey: Guid(afd7d0ddb1d6c744b9cb87ae49b2ce62) Importer(2089858483,0ecaa5967403d082aa24f35e1b516d23)
Start importing Assets/Demigiant/DemiLib/Core/Editor/Imgs/squareBorder.png using Guid(afd7d0ddb1d6c744b9cb87ae49b2ce62) Importer(2089858483,0ecaa5967403d082aa24f35e1b516d23)  -> (artifact id: 'cba46ba8e1713652ca9c54597b881206') in 0.031974 seconds
Number of updated asset objects reloaded before import = 0
Number of asset objects unloaded after import = 1
========================================================================
Received Import Request.
  Time since last request: 0.000032 seconds.
  path: Assets/Demigiant/DemiLib/Core/Editor/Imgs/whiteDot.png
  artifactKey: Guid(ed7cb8f9a27664e48896c904189f0e2c) Importer(2089858483,0ecaa5967403d082aa24f35e1b516d23)
Start importing Assets/Demigiant/DemiLib/Core/Editor/Imgs/whiteDot.png using Guid(ed7cb8f9a27664e48896c904189f0e2c) Importer(2089858483,0ecaa5967403d082aa24f35e1b516d23)  -> (artifact id: '00f5f12c57a718a003915439535505b3') in 0.193775 seconds
Number of updated asset objects reloaded before import = 0
Number of asset objects unloaded after import = 1
========================================================================
Received Import Request.
  Time since last request: 0.000019 seconds.
  path: Assets/Demigiant/DemiLib/Core/Editor/Imgs/tileBars_slanted_alpha.png
  artifactKey: Guid(018a5623a46db1d49b1e6ff2482b07ab) Importer(2089858483,0ecaa5967403d082aa24f35e1b516d23)
Start importing Assets/Demigiant/DemiLib/Core/Editor/Imgs/tileBars_slanted_alpha.png using Guid(018a5623a46db1d49b1e6ff2482b07ab) Importer(2089858483,0ecaa5967403d082aa24f35e1b516d23)  -> (artifact id: 'd2e3393ee797c121d320429ef350bed6') in 0.383357 seconds
Number of updated asset objects reloaded before import = 0
Number of asset objects unloaded after import = 1
========================================================================
Received Import Request.
  Time since last request: 0.000058 seconds.
  path: Assets/Plugins/Easy Save 3/Scripts/Types/Collection Types/ES32DArrayType.cs
  artifactKey: Guid(16f7aabe86b814cc8a059954a1c78d25) Importer(2089858483,0ecaa5967403d082aa24f35e1b516d23)
Start importing Assets/Plugins/Easy Save 3/Scripts/Types/Collection Types/ES32DArrayType.cs using Guid(16f7aabe86b814cc8a059954a1c78d25) Importer(2089858483,0ecaa5967403d082aa24f35e1b516d23)  -> (artifact id: '83e00384db51e1b0a6898973c0d91642') in 0.011053 seconds
Number of updated asset objects reloaded before import = 0
Number of asset objects unloaded after import = 1
========================================================================
Received Import Request.
  Time since last request: 0.000072 seconds.
  path: Assets/Plugins/Easy Save 3/Scripts/Types/Collection Types/ES3CollectionType.cs
  artifactKey: Guid(4758f55361e6f4485afe7dfdd3a3a372) Importer(2089858483,0ecaa5967403d082aa24f35e1b516d23)
Start importing Assets/Plugins/Easy Save 3/Scripts/Types/Collection Types/ES3CollectionType.cs using Guid(4758f55361e6f4485afe7dfdd3a3a372) Importer(2089858483,0ecaa5967403d082aa24f35e1b516d23)  -> (artifact id: 'e14725777dd2e447577d2dd7f67c7a42') in 0.009496 seconds
Number of updated asset objects reloaded before import = 0
Number of asset objects unloaded after import = 1
========================================================================
Received Import Request.
  Time since last request: 0.000013 seconds.
  path: Assets/Demigiant/DemiLib/Core/Editor/Imgs/whiteSquareAlpha10.png
  artifactKey: Guid(93b68213089b05943a651574eb7e2fb5) Importer(2089858483,0ecaa5967403d082aa24f35e1b516d23)
Start importing Assets/Demigiant/DemiLib/Core/Editor/Imgs/whiteSquareAlpha10.png using Guid(93b68213089b05943a651574eb7e2fb5) Importer(2089858483,0ecaa5967403d082aa24f35e1b516d23)  -> (artifact id: '98297df8a58e5173988c3067879a1250') in 0.028041 seconds
Number of updated asset objects reloaded before import = 0
Number of asset objects unloaded after import = 1
========================================================================
Received Import Request.
  Time since last request: 0.000014 seconds.
  path: Assets/Plugins/Easy Save 3/Scripts/Types/Primitive Types/ES3Type_bool.cs
  artifactKey: Guid(6fa779d8184f649f897074ba540ab1f9) Importer(2089858483,0ecaa5967403d082aa24f35e1b516d23)
Start importing Assets/Plugins/Easy Save 3/Scripts/Types/Primitive Types/ES3Type_bool.cs using Guid(6fa779d8184f649f897074ba540ab1f9) Importer(2089858483,0ecaa5967403d082aa24f35e1b516d23)  -> (artifact id: 'cc0a4c42146ca08d131545759af053bd') in 0.009767 seconds
Number of updated asset objects reloaded before import = 0
Number of asset objects unloaded after import = 1
========================================================================
Received Import Request.
  Time since last request: 0.000044 seconds.
  path: Assets/Plugins/Easy Save 3/Scripts/Types/Collection Types/ES33DArrayType.cs
  artifactKey: Guid(f60b75065118c4199aeaa2c3c31ecc0f) Importer(2089858483,0ecaa5967403d082aa24f35e1b516d23)
Start importing Assets/Plugins/Easy Save 3/Scripts/Types/Collection Types/ES33DArrayType.cs using Guid(f60b75065118c4199aeaa2c3c31ecc0f) Importer(2089858483,0ecaa5967403d082aa24f35e1b516d23)  -> (artifact id: '4440871a39ef6468a32adee07de824af') in 0.008161 seconds
Number of updated asset objects reloaded before import = 0
Number of asset objects unloaded after import = 1
========================================================================
Received Import Request.
  Time since last request: 0.000019 seconds.
  path: Assets/Demigiant/DemiLib/Core/Editor/Imgs/whiteSquareAlpha50.png
  artifactKey: Guid(ef40b00a83f7bd34f84851386b3321f0) Importer(2089858483,0ecaa5967403d082aa24f35e1b516d23)
Start importing Assets/Demigiant/DemiLib/Core/Editor/Imgs/whiteSquareAlpha50.png using Guid(ef40b00a83f7bd34f84851386b3321f0) Importer(2089858483,0ecaa5967403d082aa24f35e1b516d23)  -> (artifact id: '969baad77d226f18be97c390c19a8a23') in 0.024020 seconds
Number of updated asset objects reloaded before import = 0
Number of asset objects unloaded after import = 1
========================================================================
Received Import Request.
  Time since last request: 0.000016 seconds.
  path: Assets/Plugins/Easy Save 3/Scripts/Types/NET Types/ES3Type_Random.cs
  artifactKey: Guid(84232cc4cb5a646249f6ebe5eeee1e97) Importer(2089858483,0ecaa5967403d082aa24f35e1b516d23)
Start importing Assets/Plugins/Easy Save 3/Scripts/Types/NET Types/ES3Type_Random.cs using Guid(84232cc4cb5a646249f6ebe5eeee1e97) Importer(2089858483,0ecaa5967403d082aa24f35e1b516d23)  -> (artifact id: '9bc1541cec8e0b1d984e9e27f4e26af5') in 0.008780 seconds
Number of updated asset objects reloaded before import = 0
Number of asset objects unloaded after import = 1
========================================================================
Received Import Request.
  Time since last request: 0.000066 seconds.
  path: Assets/Demigiant/DemiLib/Core/Editor/Imgs/yellowSquare.png
  artifactKey: Guid(517a5bfe18f2ee04d9925db10be034e2) Importer(2089858483,0ecaa5967403d082aa24f35e1b516d23)
Start importing Assets/Demigiant/DemiLib/Core/Editor/Imgs/yellowSquare.png using Guid(517a5bfe18f2ee04d9925db10be034e2) Importer(2089858483,0ecaa5967403d082aa24f35e1b516d23)  -> (artifact id: 'a9521db24d67454fb8606e88b8225d4b') in 0.026393 seconds
Number of updated asset objects reloaded before import = 0
Number of asset objects unloaded after import = 1
========================================================================
Received Import Request.
  Time since last request: 0.000016 seconds.
  path: Assets/Demigiant/DemiLib/Core/Editor/Imgs/ico_delete.png
  artifactKey: Guid(6b1f9e1e1c2cf004b8e3bdd3033a8e75) Importer(2089858483,0ecaa5967403d082aa24f35e1b516d23)
Start importing Assets/Demigiant/DemiLib/Core/Editor/Imgs/ico_delete.png using Guid(6b1f9e1e1c2cf004b8e3bdd3033a8e75) Importer(2089858483,0ecaa5967403d082aa24f35e1b516d23)  -> (artifact id: '865b45f38d3db938232df80cbd1ec693') in 0.051258 seconds
Number of updated asset objects reloaded before import = 0
Number of asset objects unloaded after import = 1
========================================================================
Received Import Request.
  Time since last request: 0.000017 seconds.
  path: Assets/Demigiant/DOTween/DOTween.dll.mdb
  artifactKey: Guid(4f007001a22b3d24dae350342c4d19c8) Importer(2089858483,0ecaa5967403d082aa24f35e1b516d23)
Start importing Assets/Demigiant/DOTween/DOTween.dll.mdb using Guid(4f007001a22b3d24dae350342c4d19c8) Importer(2089858483,0ecaa5967403d082aa24f35e1b516d23)  -> (artifact id: '537e158ea0a954e20894485a3cb6a16a') in 0.015127 seconds
Number of updated asset objects reloaded before import = 0
Number of asset objects unloaded after import = 1
========================================================================
Received Import Request.
  Time since last request: 0.000024 seconds.
  path: Assets/Demigiant/DemiLib/Core/Editor/Imgs/ico_alignL.png
  artifactKey: Guid(d18ceface0c20014b8db4bba05a41b83) Importer(2089858483,0ecaa5967403d082aa24f35e1b516d23)
Start importing Assets/Demigiant/DemiLib/Core/Editor/Imgs/ico_alignL.png using Guid(d18ceface0c20014b8db4bba05a41b83) Importer(2089858483,0ecaa5967403d082aa24f35e1b516d23)  -> (artifact id: '15a5fb1d0cc5ea64a124bbe1d03c9471') in 0.046884 seconds
Number of updated asset objects reloaded before import = 0
Number of asset objects unloaded after import = 1
========================================================================
Received Import Request.
  Time since last request: 0.000023 seconds.
  path: Assets/Plugins/Easy Save 3/Scripts/Types/Unity Types/ES3Type_ExternalForcesModule.cs
  artifactKey: Guid(73b0b581a64c54420b1931059384200c) Importer(2089858483,0ecaa5967403d082aa24f35e1b516d23)
Start importing Assets/Plugins/Easy Save 3/Scripts/Types/Unity Types/ES3Type_ExternalForcesModule.cs using Guid(73b0b581a64c54420b1931059384200c) Importer(2089858483,0ecaa5967403d082aa24f35e1b516d23)  -> (artifact id: '9f26ff4ba389cc500331db770d2bf0b2') in 0.019031 seconds
Number of updated asset objects reloaded before import = 0
Number of asset objects unloaded after import = 1
========================================================================
Received Import Request.
  Time since last request: 0.000030 seconds.
  path: Assets/Plugins/Easy Save 3/Scripts/Types/Primitive Types/ES3Type_UIntPtr.cs
  artifactKey: Guid(6fe9eb4dc6fa54989a516115e34602df) Importer(2089858483,0ecaa5967403d082aa24f35e1b516d23)
Start importing Assets/Plugins/Easy Save 3/Scripts/Types/Primitive Types/ES3Type_UIntPtr.cs using Guid(6fe9eb4dc6fa54989a516115e34602df) Importer(2089858483,0ecaa5967403d082aa24f35e1b516d23)  -> (artifact id: 'add7aef13296417d1a0c8e75d2230e11') in 0.023846 seconds
Number of updated asset objects reloaded before import = 0
Number of asset objects unloaded after import = 1
========================================================================
Received Import Request.
  Time since last request: 0.000231 seconds.
  path: Assets/Plugins/Easy Save 3/Scripts/Types/Primitive Types/ES3Type_intptr.cs
  artifactKey: Guid(8fe212a329d2d46a482270d9a93d704f) Importer(2089858483,0ecaa5967403d082aa24f35e1b516d23)
Start importing Assets/Plugins/Easy Save 3/Scripts/Types/Primitive Types/ES3Type_intptr.cs using Guid(8fe212a329d2d46a482270d9a93d704f) Importer(2089858483,0ecaa5967403d082aa24f35e1b516d23)  -> (artifact id: '6644763bdfd29876b09d95bc380dfb73') in 0.020397 seconds
Number of updated asset objects reloaded before import = 0
Number of asset objects unloaded after import = 1
========================================================================
Received Import Request.
  Time since last request: 0.000021 seconds.
  path: Assets/Plugins/Easy Save 3/Scripts/Types/Reflected Types/ES3ReflectedScriptableObjectType.cs
  artifactKey: Guid(dd9e88c6e3735412ab2033c284212528) Importer(2089858483,0ecaa5967403d082aa24f35e1b516d23)
Start importing Assets/Plugins/Easy Save 3/Scripts/Types/Reflected Types/ES3ReflectedScriptableObjectType.cs using Guid(dd9e88c6e3735412ab2033c284212528) Importer(2089858483,0ecaa5967403d082aa24f35e1b516d23)  -> (artifact id: '04712be433421eac03dace30662e495c') in 0.041160 seconds
Number of updated asset objects reloaded before import = 0
Number of asset objects unloaded after import = 1
========================================================================
Received Import Request.
  Time since last request: 0.001752 seconds.
  path: Assets/Plugins/Easy Save 3/Scripts/Types/Unity Types/ES3Type_AudioClip.cs
  artifactKey: Guid(9b8f97ab775644e1782f7775c54f891a) Importer(2089858483,0ecaa5967403d082aa24f35e1b516d23)
Start importing Assets/Plugins/Easy Save 3/Scripts/Types/Unity Types/ES3Type_AudioClip.cs using Guid(9b8f97ab775644e1782f7775c54f891a) Importer(2089858483,0ecaa5967403d082aa24f35e1b516d23)  -> (artifact id: '0c617774c795019effbe602d79a03c44') in 0.021197 seconds
Number of updated asset objects reloaded before import = 0
Number of asset objects unloaded after import = 1
========================================================================
Received Import Request.
  Time since last request: 0.000039 seconds.
  path: Assets/Plugins/Easy Save 3/Scripts/Types/Primitive Types/ES3Type_double.cs
  artifactKey: Guid(c445261bbbfc24045863aa3c2c097a73) Importer(2089858483,0ecaa5967403d082aa24f35e1b516d23)
Start importing Assets/Plugins/Easy Save 3/Scripts/Types/Primitive Types/ES3Type_double.cs using Guid(c445261bbbfc24045863aa3c2c097a73) Importer(2089858483,0ecaa5967403d082aa24f35e1b516d23)  -> (artifact id: '11c4a7187af1cd541b0613f58162a660') in 0.022317 seconds
Number of updated asset objects reloaded before import = 0
Number of asset objects unloaded after import = 1
========================================================================
Received Import Request.
  Time since last request: 0.000846 seconds.
  path: Assets/Plugins/Easy Save 3/Scripts/Types/Reflected Types/ES3ReflectedObjectType.cs
  artifactKey: Guid(d239970ac781b4079bda34e2999dc775) Importer(2089858483,0ecaa5967403d082aa24f35e1b516d23)
Start importing Assets/Plugins/Easy Save 3/Scripts/Types/Reflected Types/ES3ReflectedObjectType.cs using Guid(d239970ac781b4079bda34e2999dc775) Importer(2089858483,0ecaa5967403d082aa24f35e1b516d23)  -> (artifact id: '8198b7c295b8dce8801dcb5a6bb788af') in 0.024694 seconds
Number of updated asset objects reloaded before import = 0
Number of asset objects unloaded after import = 1
========================================================================
Received Import Request.
  Time since last request: 0.000021 seconds.
  path: Assets/Plugins/Easy Save 3/Scripts/Types/Primitive Types/ES3Type_DateTime.cs
  artifactKey: Guid(9c9737ff78c714548af339e220b90303) Importer(2089858483,0ecaa5967403d082aa24f35e1b516d23)
Start importing Assets/Plugins/Easy Save 3/Scripts/Types/Primitive Types/ES3Type_DateTime.cs using Guid(9c9737ff78c714548af339e220b90303) Importer(2089858483,0ecaa5967403d082aa24f35e1b516d23)  -> (artifact id: 'cff2ea6d1bde82b42fa987810d047088') in 0.025080 seconds
Number of updated asset objects reloaded before import = 0
Number of asset objects unloaded after import = 1
========================================================================
Received Import Request.
  Time since last request: 0.000020 seconds.
  path: Assets/Plugins/Easy Save 3/Scripts/Types/Unity Types/ES3Type_Bounds.cs
  artifactKey: Guid(3a9d8a8b9b10b466786d6d39807aa8e0) Importer(2089858483,0ecaa5967403d082aa24f35e1b516d23)
Start importing Assets/Plugins/Easy Save 3/Scripts/Types/Unity Types/ES3Type_Bounds.cs using Guid(3a9d8a8b9b10b466786d6d39807aa8e0) Importer(2089858483,0ecaa5967403d082aa24f35e1b516d23)  -> (artifact id: 'ce9ed1e6571f9c6d8b8ea7af5e970ffe') in 0.023377 seconds
Number of updated asset objects reloaded before import = 0
Number of asset objects unloaded after import = 1
========================================================================
Received Import Request.
  Time since last request: 0.000021 seconds.
  path: Assets/Plugins/Easy Save 3/Scripts/Types/Reflected Types/ES3ReflectedType.cs
  artifactKey: Guid(d859cda1b74634568a53487bd1651001) Importer(2089858483,0ecaa5967403d082aa24f35e1b516d23)
Start importing Assets/Plugins/Easy Save 3/Scripts/Types/Reflected Types/ES3ReflectedType.cs using Guid(d859cda1b74634568a53487bd1651001) Importer(2089858483,0ecaa5967403d082aa24f35e1b516d23)  -> (artifact id: '0f12ede74c5178364e9562827cd21373') in 0.018053 seconds
Number of updated asset objects reloaded before import = 0
Number of asset objects unloaded after import = 1
========================================================================
Received Import Request.
  Time since last request: 0.000226 seconds.
  path: Assets/Plugins/Easy Save 3/Scripts/Types/Unity Types/ES3Type_ColorOverLifetimeModule.cs
  artifactKey: Guid(744909a4693a34ff99f9886d8bddc408) Importer(2089858483,0ecaa5967403d082aa24f35e1b516d23)
Start importing Assets/Plugins/Easy Save 3/Scripts/Types/Unity Types/ES3Type_ColorOverLifetimeModule.cs using Guid(744909a4693a34ff99f9886d8bddc408) Importer(2089858483,0ecaa5967403d082aa24f35e1b516d23)  -> (artifact id: 'ab024eacccb2d16849b0c47fcf3e1b71') in 0.018211 seconds
Number of updated asset objects reloaded before import = 0
Number of asset objects unloaded after import = 1
========================================================================
Received Import Request.
  Time since last request: 0.000025 seconds.
  path: Assets/Plugins/Easy Save 3/Scripts/Types/Primitive Types/ES3Type_short.cs
  artifactKey: Guid(62ef5aa170d8444eb9613f6733dace9c) Importer(2089858483,0ecaa5967403d082aa24f35e1b516d23)
Start importing Assets/Plugins/Easy Save 3/Scripts/Types/Primitive Types/ES3Type_short.cs using Guid(62ef5aa170d8444eb9613f6733dace9c) Importer(2089858483,0ecaa5967403d082aa24f35e1b516d23)  -> (artifact id: '698717fe427b48e1c3b9b5dfc059cae2') in 0.147755 seconds
Number of updated asset objects reloaded before import = 0
Number of asset objects unloaded after import = 1
========================================================================
Received Import Request.
  Time since last request: 0.000040 seconds.
  path: Assets/Plugins/Easy Save 3/Editor/TypesWindow.cs
  artifactKey: Guid(600b987de172f4a82b182077ceb7fffa) Importer(2089858483,0ecaa5967403d082aa24f35e1b516d23)
Start importing Assets/Plugins/Easy Save 3/Editor/TypesWindow.cs using Guid(600b987de172f4a82b182077ceb7fffa) Importer(2089858483,0ecaa5967403d082aa24f35e1b516d23)  -> (artifact id: 'fc146411d767e931496b3312bc81ce5b') in 0.023581 seconds
Number of updated asset objects reloaded before import = 0
Number of asset objects unloaded after import = 1
========================================================================
Received Import Request.
  Time since last request: 0.000040 seconds.
  path: Assets/Plugins/Easy Save 3/Scripts/ES3ReferenceMgr.cs
  artifactKey: Guid(9a83408fcc9044c4fbc7e5d09a369ab6) Importer(2089858483,0ecaa5967403d082aa24f35e1b516d23)
Start importing Assets/Plugins/Easy Save 3/Scripts/ES3ReferenceMgr.cs using Guid(9a83408fcc9044c4fbc7e5d09a369ab6) Importer(2089858483,0ecaa5967403d082aa24f35e1b516d23)  -> (artifact id: '5611526bc5b74803c2beb8f7c8cfac86') in 0.024114 seconds
Number of updated asset objects reloaded before import = 0
Number of asset objects unloaded after import = 1
========================================================================
Received Import Request.
  Time since last request: 0.000024 seconds.
  path: Assets/Plugins/Easy Save 3/Scripts/ES3SerializableDictionary.cs
  artifactKey: Guid(681896bd0089c4f7296b3ecbd899f44d) Importer(2089858483,0ecaa5967403d082aa24f35e1b516d23)
Start importing Assets/Plugins/Easy Save 3/Scripts/ES3SerializableDictionary.cs using Guid(681896bd0089c4f7296b3ecbd899f44d) Importer(2089858483,0ecaa5967403d082aa24f35e1b516d23)  -> (artifact id: '0b57a065d2d77c4f19bb9688aa83122d') in 0.016814 seconds
Number of updated asset objects reloaded before import = 0
Number of asset objects unloaded after import = 1
========================================================================
Received Import Request.
  Time since last request: 0.000036 seconds.
  path: Assets/Demigiant/DemiLib/Core/Editor/Imgs/ico_star_border.png
  artifactKey: Guid(18f3a26aa87fccc4cb5e211d4c6de662) Importer(2089858483,0ecaa5967403d082aa24f35e1b516d23)
Start importing Assets/Demigiant/DemiLib/Core/Editor/Imgs/ico_star_border.png using Guid(18f3a26aa87fccc4cb5e211d4c6de662) Importer(2089858483,0ecaa5967403d082aa24f35e1b516d23)  -> (artifact id: 'abdee02365f7db583067925276bfbdb5') in 0.444697 seconds
Number of updated asset objects reloaded before import = 0
Number of asset objects unloaded after import = 1
========================================================================
Received Import Request.
  Time since last request: 0.000026 seconds.
  path: Assets/Plugins/Easy Save 3/Scripts/Types/Unity Types/ES3Type_Texture2D.cs
  artifactKey: Guid(86d4ce7d016c24d0489778178716fa3d) Importer(2089858483,0ecaa5967403d082aa24f35e1b516d23)
Start importing Assets/Plugins/Easy Save 3/Scripts/Types/Unity Types/ES3Type_Texture2D.cs using Guid(86d4ce7d016c24d0489778178716fa3d) Importer(2089858483,0ecaa5967403d082aa24f35e1b516d23)  -> (artifact id: '615e17d13b243a593769d03982ed1b0c') in 0.017050 seconds
Number of updated asset objects reloaded before import = 0
Number of asset objects unloaded after import = 1
========================================================================
Received Import Request.
  Time since last request: 0.000030 seconds.
  path: Assets/Plugins/Easy Save 3/Scripts/Types/Unity Types/ES3Type_MinMaxGradient.cs
  artifactKey: Guid(c5b12866f2f984f6a822a127d5be1f9c) Importer(2089858483,0ecaa5967403d082aa24f35e1b516d23)
Start importing Assets/Plugins/Easy Save 3/Scripts/Types/Unity Types/ES3Type_MinMaxGradient.cs using Guid(c5b12866f2f984f6a822a127d5be1f9c) Importer(2089858483,0ecaa5967403d082aa24f35e1b516d23)  -> (artifact id: '1e794bba97b4ca4eee84356041939225') in 0.020895 seconds
Number of updated asset objects reloaded before import = 0
Number of asset objects unloaded after import = 1
========================================================================
Received Import Request.
  Time since last request: 0.000019 seconds.
  path: Assets/Demigiant/DemiLib/Core/Editor/Imgs/squareCorners03.png
  artifactKey: Guid(dec3ea647707588408ec0d11ab130b73) Importer(2089858483,0ecaa5967403d082aa24f35e1b516d23)
Start importing Assets/Demigiant/DemiLib/Core/Editor/Imgs/squareCorners03.png using Guid(dec3ea647707588408ec0d11ab130b73) Importer(2089858483,0ecaa5967403d082aa24f35e1b516d23)  -> (artifact id: '7c24ef59029ecc48f9f0037831d60bc5') in 0.823506 seconds
Number of updated asset objects reloaded before import = 0
Number of asset objects unloaded after import = 1
========================================================================
Received Import Request.
  Time since last request: 0.000020 seconds.
  path: Assets/Demigiant/DemiLib/Core/Editor/Imgs/project/ico_cross.png
  artifactKey: Guid(3b67e53c8c2f8114b966c0e70d452419) Importer(2089858483,0ecaa5967403d082aa24f35e1b516d23)
Start importing Assets/Demigiant/DemiLib/Core/Editor/Imgs/project/ico_cross.png using Guid(3b67e53c8c2f8114b966c0e70d452419) Importer(2089858483,0ecaa5967403d082aa24f35e1b516d23)  -> (artifact id: '1637fac8b162635e4d47eacb7b3185df') in 0.030363 seconds
Number of updated asset objects reloaded before import = 0
Number of asset objects unloaded after import = 1
========================================================================
Received Import Request.
  Time since last request: 0.000022 seconds.
  path: Assets/Demigiant/DemiLib/Core/Editor/Imgs/project/ico_shaders.png
  artifactKey: Guid(f252c69cd0163714eba038403f61b09e) Importer(2089858483,0ecaa5967403d082aa24f35e1b516d23)
Start importing Assets/Demigiant/DemiLib/Core/Editor/Imgs/project/ico_shaders.png using Guid(f252c69cd0163714eba038403f61b09e) Importer(2089858483,0ecaa5967403d082aa24f35e1b516d23)  -> (artifact id: 'd9e9068342f21fbc6c12a934776bc93c') in 0.020796 seconds
Number of updated asset objects reloaded before import = 0
Number of asset objects unloaded after import = 1
========================================================================
Received Import Request.
  Time since last request: 0.000021 seconds.
  path: Assets/Demigiant/DemiLib/Core/Editor/Imgs/project/ico_particles.png
  artifactKey: Guid(8003873ab749935489bb11f23f830856) Importer(2089858483,0ecaa5967403d082aa24f35e1b516d23)
Start importing Assets/Demigiant/DemiLib/Core/Editor/Imgs/project/ico_particles.png using Guid(8003873ab749935489bb11f23f830856) Importer(2089858483,0ecaa5967403d082aa24f35e1b516d23)  -> (artifact id: 'aea7feb946faacbecefc232951313567') in 0.169297 seconds
Number of updated asset objects reloaded before import = 0
Number of asset objects unloaded after import = 1
========================================================================
Received Import Request.
  Time since last request: 0.000014 seconds.
  path: Assets/Demigiant/DemiLib/Core/Editor/Imgs/project/ico_cog.png
  artifactKey: Guid(fb605a2688b31194887f2e7a6769235b) Importer(2089858483,0ecaa5967403d082aa24f35e1b516d23)
Start importing Assets/Demigiant/DemiLib/Core/Editor/Imgs/project/ico_cog.png using Guid(fb605a2688b31194887f2e7a6769235b) Importer(2089858483,0ecaa5967403d082aa24f35e1b516d23)  -> (artifact id: '35a63367fbdd2451fe8ad08e744056da') in 0.199105 seconds
Number of updated asset objects reloaded before import = 0
Number of asset objects unloaded after import = 1
========================================================================
Received Import Request.
  Time since last request: 0.000026 seconds.
  path: Assets/Demigiant/DemiLib/Core/Editor/Imgs/project/ico_fonts.png
  artifactKey: Guid(cf986943c88c2254780c17b2b5e3bc2f) Importer(2089858483,0ecaa5967403d082aa24f35e1b516d23)
Start importing Assets/Demigiant/DemiLib/Core/Editor/Imgs/project/ico_fonts.png using Guid(cf986943c88c2254780c17b2b5e3bc2f) Importer(2089858483,0ecaa5967403d082aa24f35e1b516d23)  -> (artifact id: 'd297dd3eeef8f162c4975509e5bbf55a') in 0.034982 seconds
Number of updated asset objects reloaded before import = 0
Number of asset objects unloaded after import = 1
========================================================================
Received Import Request.
  Time since last request: 0.000133 seconds.
  path: Assets/Plugins/Easy Save 3/Scripts/Types/Unity Types/Component Types/ES3Type_Camera.cs
  artifactKey: Guid(c88c1ce73e1f3462ea1aff5df7935e22) Importer(2089858483,0ecaa5967403d082aa24f35e1b516d23)
Start importing Assets/Plugins/Easy Save 3/Scripts/Types/Unity Types/Component Types/ES3Type_Camera.cs using Guid(c88c1ce73e1f3462ea1aff5df7935e22) Importer(2089858483,0ecaa5967403d082aa24f35e1b516d23)  -> (artifact id: '7a223537b0ba5d7423b8ba7a9b1e3470') in 0.010956 seconds
Number of updated asset objects reloaded before import = 0
Number of asset objects unloaded after import = 1
========================================================================
Received Import Request.
  Time since last request: 0.000039 seconds.
  path: Assets/Demigiant/DemiLib/Core/Editor/Imgs/project/ico_demigiant.png
  artifactKey: Guid(f36ab42cc6fcdfd4187033279d3d14a9) Importer(2089858483,0ecaa5967403d082aa24f35e1b516d23)
Start importing Assets/Demigiant/DemiLib/Core/Editor/Imgs/project/ico_demigiant.png using Guid(f36ab42cc6fcdfd4187033279d3d14a9) Importer(2089858483,0ecaa5967403d082aa24f35e1b516d23)  -> (artifact id: '38c5474ca6ec0a9ccc5a3e7ea6aa69ab') in 0.651627 seconds
Number of updated asset objects reloaded before import = 0
Number of asset objects unloaded after import = 1
========================================================================
Received Import Request.
  Time since last request: 0.000017 seconds.
  path: Assets/Plugins/Easy Save 3/Scripts/Types/Unity Types/Component Types/ES3Type_RawImage.cs
  artifactKey: Guid(d8b1e267b6439604a9854f1876a085b7) Importer(2089858483,0ecaa5967403d082aa24f35e1b516d23)
Start importing Assets/Plugins/Easy Save 3/Scripts/Types/Unity Types/Component Types/ES3Type_RawImage.cs using Guid(d8b1e267b6439604a9854f1876a085b7) Importer(2089858483,0ecaa5967403d082aa24f35e1b516d23)  -> (artifact id: 'd008939f4ad2560e63540a3bb215ea41') in 0.040480 seconds
Number of updated asset objects reloaded before import = 0
Number of asset objects unloaded after import = 1
========================================================================
Received Import Request.
  Time since last request: 0.000035 seconds.
  path: Assets/Plugins/Easy Save 3/Scripts/Types/Unity Types/Component Types/ES3Type_MeshRenderer.cs
  artifactKey: Guid(d33e88a8388cf4cf1b47495afc6722a7) Importer(2089858483,0ecaa5967403d082aa24f35e1b516d23)
Start importing Assets/Plugins/Easy Save 3/Scripts/Types/Unity Types/Component Types/ES3Type_MeshRenderer.cs using Guid(d33e88a8388cf4cf1b47495afc6722a7) Importer(2089858483,0ecaa5967403d082aa24f35e1b516d23)  -> (artifact id: '52c0b13bac41ca319219c4b6338f98d6') in 0.014248 seconds
Number of updated asset objects reloaded before import = 0
Number of asset objects unloaded after import = 1
========================================================================
Received Import Request.
  Time since last request: 0.000019 seconds.
  path: Assets/Plugins/Easy Save 3/Scripts/Types/Unity Types/Component Types/ES3Type_PolygonCollider2D.cs
  artifactKey: Guid(ec8749737dd724d6a91ac3a9c241ba17) Importer(2089858483,0ecaa5967403d082aa24f35e1b516d23)
Start importing Assets/Plugins/Easy Save 3/Scripts/Types/Unity Types/Component Types/ES3Type_PolygonCollider2D.cs using Guid(ec8749737dd724d6a91ac3a9c241ba17) Importer(2089858483,0ecaa5967403d082aa24f35e1b516d23)  -> (artifact id: 'cc6e3d9b46ca1aeeca1fa5ef18b9f84a') in 0.017230 seconds
Number of updated asset objects reloaded before import = 0
Number of asset objects unloaded after import = 1
========================================================================
Received Import Request.
  Time since last request: 0.000018 seconds.
  path: Assets/Demigiant/DemiLib/Core/Editor/Imgs/project/ico_folder.png
  artifactKey: Guid(4f2c4b43188596b47866d41e1dc13c8a) Importer(2089858483,0ecaa5967403d082aa24f35e1b516d23)
Start importing Assets/Demigiant/DemiLib/Core/Editor/Imgs/project/ico_folder.png using Guid(4f2c4b43188596b47866d41e1dc13c8a) Importer(2089858483,0ecaa5967403d082aa24f35e1b516d23)  -> (artifact id: 'ff2ee23f4311cdc016497908afb17e69') in 0.223435 seconds
Number of updated asset objects reloaded before import = 0
Number of asset objects unloaded after import = 1
========================================================================
Received Import Request.
  Time since last request: 0.000020 seconds.
  path: Assets/Plugins/Easy Save 3/Editor/SettingsWindow.cs
  artifactKey: Guid(95e7bbc9a5aee44feb088811fb5e7b80) Importer(2089858483,0ecaa5967403d082aa24f35e1b516d23)
Start importing Assets/Plugins/Easy Save 3/Editor/SettingsWindow.cs using Guid(95e7bbc9a5aee44feb088811fb5e7b80) Importer(2089858483,0ecaa5967403d082aa24f35e1b516d23)  -> (artifact id: '08068352ce649f64b37aec73d76a3b9f') in 0.010527 seconds
Number of updated asset objects reloaded before import = 0
Number of asset objects unloaded after import = 1
========================================================================
Received Import Request.
  Time since last request: 0.000051 seconds.
  path: Assets/JsonDotNet/link.xml
  artifactKey: Guid(06314f49bdda26043963578d60a0a7ee) Importer(2089858483,0ecaa5967403d082aa24f35e1b516d23)
Start importing Assets/JsonDotNet/link.xml using Guid(06314f49bdda26043963578d60a0a7ee) Importer(2089858483,0ecaa5967403d082aa24f35e1b516d23)  -> (artifact id: '1d08a436c37bf5d3c415b875a4d96cb8') in 0.066462 seconds
Number of updated asset objects reloaded before import = 0
Number of asset objects unloaded after import = 1
========================================================================
Received Import Request.
  Time since last request: 0.000022 seconds.
  path: Assets/Scripts/FeatherFramework/Tools/UnityExtension.cs
  artifactKey: Guid(5d05cb576d6c7c04abd6208ce72da370) Importer(2089858483,0ecaa5967403d082aa24f35e1b516d23)
Start importing Assets/Scripts/FeatherFramework/Tools/UnityExtension.cs using Guid(5d05cb576d6c7c04abd6208ce72da370) Importer(2089858483,0ecaa5967403d082aa24f35e1b516d23)  -> (artifact id: '51a68b452197e1551d3b1d3c4ae40d7f') in 0.012750 seconds
Number of updated asset objects reloaded before import = 0
Number of asset objects unloaded after import = 1
========================================================================
Received Import Request.
  Time since last request: 0.000017 seconds.
  path: Assets/Demigiant/DemiLib/Core/Editor/Imgs/ico_alignBR.png
  artifactKey: Guid(eeac3acbf7d1cd54fabfb1c4a12f9fc8) Importer(2089858483,0ecaa5967403d082aa24f35e1b516d23)
Start importing Assets/Demigiant/DemiLib/Core/Editor/Imgs/ico_alignBR.png using Guid(eeac3acbf7d1cd54fabfb1c4a12f9fc8) Importer(2089858483,0ecaa5967403d082aa24f35e1b516d23)  -> (artifact id: '9006be38099e82e738ce378459853c6d') in 0.091998 seconds
Number of updated asset objects reloaded before import = 0
Number of asset objects unloaded after import = 1
========================================================================
Received Import Request.
  Time since last request: 0.000016 seconds.
  path: Assets/Plugins/Easy Save 3/Scripts/Writers/ES3Binary.cs
  artifactKey: Guid(9398c7a61f9679e41af5e48cac61f763) Importer(2089858483,0ecaa5967403d082aa24f35e1b516d23)
Start importing Assets/Plugins/Easy Save 3/Scripts/Writers/ES3Binary.cs using Guid(9398c7a61f9679e41af5e48cac61f763) Importer(2089858483,0ecaa5967403d082aa24f35e1b516d23)  -> (artifact id: 'a8276cc20b9fe12899e8f312378e737e') in 0.013330 seconds
Number of updated asset objects reloaded before import = 0
Number of asset objects unloaded after import = 1
========================================================================
Received Import Request.
  Time since last request: 0.000019 seconds.
  path: Assets/Scripts/FeatherFramework/UIMgr/UIEventListener.cs
  artifactKey: Guid(8ae1f46de154c5344b915925d7498e26) Importer(2089858483,0ecaa5967403d082aa24f35e1b516d23)
Start importing Assets/Scripts/FeatherFramework/UIMgr/UIEventListener.cs using Guid(8ae1f46de154c5344b915925d7498e26) Importer(2089858483,0ecaa5967403d082aa24f35e1b516d23)  -> (artifact id: 'dfe1aa86bfc1958b232e68411d578d76') in 0.010489 seconds
Number of updated asset objects reloaded before import = 0
Number of asset objects unloaded after import = 1
========================================================================
Received Import Request.
  Time since last request: 0.000017 seconds.
  path: Assets/JsonDotNet/Assemblies/Standalone/Newtonsoft.Json.XML
  artifactKey: Guid(d6807fedb8dcaf04682d2c84f0ab753f) Importer(2089858483,0ecaa5967403d082aa24f35e1b516d23)
Start importing Assets/JsonDotNet/Assemblies/Standalone/Newtonsoft.Json.XML using Guid(d6807fedb8dcaf04682d2c84f0ab753f) Importer(2089858483,0ecaa5967403d082aa24f35e1b516d23)  -> (artifact id: '1e6a0ab4e6a677cdd339f6cf0d5da1eb') in 0.088752 seconds
Number of updated asset objects reloaded before import = 0
Number of asset objects unloaded after import = 1
========================================================================
Received Import Request.
  Time since last request: 0.000028 seconds.
  path: Assets/Plugins/Easy Save 3/Scripts/Types/Unity Types/Component Types/ES3Type_Transform.cs
  artifactKey: Guid(91cb5bec8da6744608c92304a04462fd) Importer(2089858483,0ecaa5967403d082aa24f35e1b516d23)
Start importing Assets/Plugins/Easy Save 3/Scripts/Types/Unity Types/Component Types/ES3Type_Transform.cs using Guid(91cb5bec8da6744608c92304a04462fd) Importer(2089858483,0ecaa5967403d082aa24f35e1b516d23)  -> (artifact id: 'df4fbceca483730256b7831e42a563be') in 0.009576 seconds
Number of updated asset objects reloaded before import = 0
Number of asset objects unloaded after import = 1
========================================================================
Received Import Request.
  Time since last request: 0.000027 seconds.
  path: Assets/Plugins/Easy Save 3/Editor/ES3ComponentTypeTemplate.txt
  artifactKey: Guid(b74f7ff5e731846249f9e22ab7afedfb) Importer(2089858483,0ecaa5967403d082aa24f35e1b516d23)
Start importing Assets/Plugins/Easy Save 3/Editor/ES3ComponentTypeTemplate.txt using Guid(b74f7ff5e731846249f9e22ab7afedfb) Importer(2089858483,0ecaa5967403d082aa24f35e1b516d23)  -> (artifact id: '84bbf9e8b5597a19077c0407695fab96') in 0.191264 seconds
Number of updated asset objects reloaded before import = 0
Number of asset objects unloaded after import = 1
========================================================================
Received Import Request.
  Time since last request: 0.000017 seconds.
  path: Assets/Demigiant/DemiLib/Core/Editor/Imgs/ico_alignB.png
  artifactKey: Guid(8b6b31f71cd528243b053cfc488e73f5) Importer(2089858483,0ecaa5967403d082aa24f35e1b516d23)
Start importing Assets/Demigiant/DemiLib/Core/Editor/Imgs/ico_alignB.png using Guid(8b6b31f71cd528243b053cfc488e73f5) Importer(2089858483,0ecaa5967403d082aa24f35e1b516d23)  -> (artifact id: '80527f91ac020a94750149ec2762c544') in 0.110545 seconds
Number of updated asset objects reloaded before import = 0
Number of asset objects unloaded after import = 1
========================================================================
Received Import Request.
  Time since last request: 0.000017 seconds.
  path: Assets/Resources/UI/JoystickPanel.prefab
  artifactKey: Guid(94069d76167619b4b8644b6e70746feb) Importer(2089858483,0ecaa5967403d082aa24f35e1b516d23)
Start importing Assets/Resources/UI/JoystickPanel.prefab using Guid(94069d76167619b4b8644b6e70746feb) Importer(2089858483,0ecaa5967403d082aa24f35e1b516d23)  -> (artifact id: 'd6636d2928ea307c270c3c3740b3e724') in 0.613815 seconds
Number of updated asset objects reloaded before import = 0
Number of asset objects unloaded after import = 19
========================================================================
Received Prepare
Begin MonoManager ReloadAssembly
Duplicate assembly 'Newtonsoft.Json.dll' with different versions detected, using 'Packages/com.unity.nuget.newtonsoft-json/Runtime/Newtonsoft.Json.dll, AssemblyName=Newtonsoft.Json, Version=13.0.0.0, Culture=neutral, PublicKeyToken=30ad4fe6b2a6aeed' and ignoring 'Assets/JsonDotNet/Assemblies/Standalone/Newtonsoft.Json.dll, AssemblyName=Newtonsoft.Json, Version=8.0.0.0, Culture=neutral, PublicKeyToken=null'.Symbol file LoadedFromMemory is not a mono symbol file
- Loaded All Assemblies, in  0.488 seconds
Refreshing native plugins compatible for Editor in 5.51 ms, found 2 plugins.
Native extension for WindowsStandalone target not found
[Package Manager] Server::EnsureServerProcessIsRunning -- launch failed, reason: Unity was launched with the -noUpm command-line argument
[Package Manager] UpmClient::Send -- Unable to send message (not connected to UPM process).
[Package Manager] Cannot connect to Unity Package Manager local server
Mono: successfully reloaded assembly
- Finished resetting the current domain, in  0.845 seconds
Domain Reload Profiling: 1332ms
	BeginReloadAssembly (191ms)
		ExecutionOrderSort (0ms)
		DisableScriptedObjects (9ms)
		BackupInstance (0ms)
		ReleaseScriptingObjects (0ms)
		CreateAndSetChildDomain (56ms)
	RebuildCommonClasses (49ms)
	RebuildNativeTypeToScriptingClass (13ms)
	initialDomainReloadingComplete (27ms)
	LoadAllAssembliesAndSetupDomain (206ms)
		LoadAssemblies (270ms)
		RebuildTransferFunctionScriptingTraits (0ms)
		AnalyzeDomain (26ms)
			TypeCache.Refresh (12ms)
				TypeCache.ScanAssembly (4ms)
			ScanForSourceGeneratedMonoScriptInfo (8ms)
			ResolveRequiredComponents (5ms)
	FinalizeReload (845ms)
		ReleaseScriptCaches (0ms)
		RebuildScriptCaches (0ms)
		SetupLoadedEditorAssemblies (556ms)
			LogAssemblyErrors (0ms)
			InitializePlatformSupportModulesInManaged (6ms)
			SetLoadedEditorAssemblies (4ms)
			RefreshPlugins (0ms)
			BeforeProcessingInitializeOnLoad (60ms)
			ProcessInitializeOnLoadAttributes (312ms)
			ProcessInitializeOnLoadMethodAttributes (171ms)
			AfterProcessingInitializeOnLoad (2ms)
			EditorAssembliesLoaded (0ms)
		ExecutionOrderSort2 (0ms)
		AwakeInstancesAfterBackupRestoration (7ms)
Refreshing native plugins compatible for Editor in 4.93 ms, found 2 plugins.
Preloading 0 native plugins for Editor in 0.00 ms.
Unloading 2743 Unused Serialized files (Serialized files now loaded: 0)
Unloading 62 unused Assets / (47.3 KB). Loaded Objects now: 3200.
Memory consumption went from 114.8 MB to 114.8 MB.
Total: 5.728600 ms (FindLiveObjects: 0.197500 ms CreateObjectMapping: 0.141800 ms MarkObjects: 5.317300 ms  DeleteObjects: 0.071100 ms)

Prepare: number of updated asset objects reloaded= 0
AssetImportParameters requested are different than current active one (requested -> active):
  custom:video-decoder-webm-vp8: 9c59270c3fd7afecdb556c50c9e8de78 -> 
  custom:SearchIndexIgnoredProperties: e643bd26f0fe6173181afceb89e7c659 -> 
  custom:container-demuxer-ogg: 62fdf1f143b41e24485cea50d1cbac27 -> 
  custom:AudioImporter_EditorPlatform: d09bf68614088b80899f8185d706f6e7 -> 
  custom:video-codec-MediaFoundation-h265: 746d11721c4dcdbdad8f713fa42b33f4 -> 
  custom:video-decoder-ogg-theora: a1e56fd34408186e4bbccfd4996cb3dc -> 
  custom:framework-win-MediaFoundation: 216162199b28c13a410421893ffa2e32 -> 
  custom:video-encoder-webm-vp8: eb34c28f22e8b96e1ab97ce403110664 -> 
  custom:audio-decoder-ogg-vorbis: bf7c407c2cedff20999df2af8eb42d56 -> 
  custom:CustomObjectIndexerAttribute: 9a22284fe3817be447336de3de66b15e -> 
  custom:container-demuxer-webm: 4f35f7cbe854078d1ac9338744f61a02 -> 
  custom:audio-encoder-webm-vorbis: bf7c407c2cedff20999df2af8eb42d56 -> 
  custom:container-muxer-webm: aa71ff27fc2769a1b78a27578f13a17b -> 
========================================================================
Received Import Request.
  Time since last request: 595.743845 seconds.
  path: Assets/Plugins/Luban/Runtime/Luban.Runtime.asmdef
  artifactKey: Guid(2a81c6962524d424a8ef5072bd3b0fa0) Importer(815301076,1909f56bfc062723c751e8b465ee728b)
Start importing Assets/Plugins/Luban/Runtime/Luban.Runtime.asmdef using Guid(2a81c6962524d424a8ef5072bd3b0fa0) Importer(815301076,1909f56bfc062723c751e8b465ee728b)  -> (artifact id: 'a597d43f180b04a8e230900bcb7d49b2') in 0.002872 seconds
Number of updated asset objects reloaded before import = 0
Number of asset objects unloaded after import = 0
========================================================================
Received Prepare
Begin MonoManager ReloadAssembly
Duplicate assembly 'Newtonsoft.Json.dll' with different versions detected, using 'Packages/com.unity.nuget.newtonsoft-json/Runtime/Newtonsoft.Json.dll, AssemblyName=Newtonsoft.Json, Version=13.0.0.0, Culture=neutral, PublicKeyToken=30ad4fe6b2a6aeed' and ignoring 'Assets/JsonDotNet/Assemblies/Standalone/Newtonsoft.Json.dll, AssemblyName=Newtonsoft.Json, Version=8.0.0.0, Culture=neutral, PublicKeyToken=null'.Symbol file LoadedFromMemory is not a mono symbol file
- Loaded All Assemblies, in  0.430 seconds
Refreshing native plugins compatible for Editor in 5.93 ms, found 2 plugins.
Native extension for WindowsStandalone target not found
[Package Manager] Server::EnsureServerProcessIsRunning -- launch failed, reason: Unity was launched with the -noUpm command-line argument
[Package Manager] UpmClient::Send -- Unable to send message (not connected to UPM process).
[Package Manager] Cannot connect to Unity Package Manager local server
Mono: successfully reloaded assembly
- Finished resetting the current domain, in  0.873 seconds
Domain Reload Profiling: 1303ms
	BeginReloadAssembly (146ms)
		ExecutionOrderSort (0ms)
		DisableScriptedObjects (6ms)
		BackupInstance (0ms)
		ReleaseScriptingObjects (0ms)
		CreateAndSetChildDomain (32ms)
	RebuildCommonClasses (34ms)
	RebuildNativeTypeToScriptingClass (16ms)
	initialDomainReloadingComplete (31ms)
	LoadAllAssembliesAndSetupDomain (202ms)
		LoadAssemblies (267ms)
		RebuildTransferFunctionScriptingTraits (0ms)
		AnalyzeDomain (15ms)
			TypeCache.Refresh (7ms)
				TypeCache.ScanAssembly (0ms)
			ScanForSourceGeneratedMonoScriptInfo (0ms)
			ResolveRequiredComponents (7ms)
	FinalizeReload (873ms)
		ReleaseScriptCaches (0ms)
		RebuildScriptCaches (0ms)
		SetupLoadedEditorAssemblies (517ms)
			LogAssemblyErrors (0ms)
			InitializePlatformSupportModulesInManaged (5ms)
			SetLoadedEditorAssemblies (4ms)
			RefreshPlugins (0ms)
			BeforeProcessingInitializeOnLoad (68ms)
			ProcessInitializeOnLoadAttributes (277ms)
			ProcessInitializeOnLoadMethodAttributes (160ms)
			AfterProcessingInitializeOnLoad (2ms)
			EditorAssembliesLoaded (0ms)
		ExecutionOrderSort2 (0ms)
		AwakeInstancesAfterBackupRestoration (7ms)
Refreshing native plugins compatible for Editor in 5.54 ms, found 2 plugins.
Preloading 0 native plugins for Editor in 0.00 ms.
Unloading 2743 Unused Serialized files (Serialized files now loaded: 0)
Unloading 62 unused Assets / (47.3 KB). Loaded Objects now: 3203.
Memory consumption went from 114.8 MB to 114.8 MB.
Total: 5.607500 ms (FindLiveObjects: 0.200300 ms CreateObjectMapping: 0.148000 ms MarkObjects: 5.184700 ms  DeleteObjects: 0.073400 ms)

Prepare: number of updated asset objects reloaded= 0
AssetImportParameters requested are different than current active one (requested -> active):
  custom:video-decoder-webm-vp8: 9c59270c3fd7afecdb556c50c9e8de78 -> 
  custom:SearchIndexIgnoredProperties: e643bd26f0fe6173181afceb89e7c659 -> 
  custom:container-demuxer-ogg: 62fdf1f143b41e24485cea50d1cbac27 -> 
  custom:AudioImporter_EditorPlatform: d09bf68614088b80899f8185d706f6e7 -> 
  custom:video-codec-MediaFoundation-h265: 746d11721c4dcdbdad8f713fa42b33f4 -> 
  custom:video-decoder-ogg-theora: a1e56fd34408186e4bbccfd4996cb3dc -> 
  custom:framework-win-MediaFoundation: 216162199b28c13a410421893ffa2e32 -> 
  custom:video-encoder-webm-vp8: eb34c28f22e8b96e1ab97ce403110664 -> 
  custom:audio-decoder-ogg-vorbis: bf7c407c2cedff20999df2af8eb42d56 -> 
  custom:CustomObjectIndexerAttribute: 9a22284fe3817be447336de3de66b15e -> 
  custom:container-demuxer-webm: 4f35f7cbe854078d1ac9338744f61a02 -> 
  custom:audio-encoder-webm-vorbis: bf7c407c2cedff20999df2af8eb42d56 -> 
  custom:container-muxer-webm: aa71ff27fc2769a1b78a27578f13a17b -> 
========================================================================
Received Import Request.
  Time since last request: 33.028564 seconds.
  path: Assets/Plugins/Luban/Runtime 1/Luban.Runtime.asmdef
  artifactKey: Guid(8ac263d7f9ad4c243b823ebcbcf106cf) Importer(815301076,1909f56bfc062723c751e8b465ee728b)
Start importing Assets/Plugins/Luban/Runtime 1/Luban.Runtime.asmdef using Guid(8ac263d7f9ad4c243b823ebcbcf106cf) Importer(815301076,1909f56bfc062723c751e8b465ee728b)  -> (artifact id: '196b50abf6920a60806fc8fb0ab04535') in 0.002577 seconds
Number of updated asset objects reloaded before import = 0
Number of asset objects unloaded after import = 0
========================================================================
Received Prepare
Begin MonoManager ReloadAssembly
Duplicate assembly 'Newtonsoft.Json.dll' with different versions detected, using 'Packages/com.unity.nuget.newtonsoft-json/Runtime/Newtonsoft.Json.dll, AssemblyName=Newtonsoft.Json, Version=13.0.0.0, Culture=neutral, PublicKeyToken=30ad4fe6b2a6aeed' and ignoring 'Assets/JsonDotNet/Assemblies/Standalone/Newtonsoft.Json.dll, AssemblyName=Newtonsoft.Json, Version=8.0.0.0, Culture=neutral, PublicKeyToken=null'.Symbol file LoadedFromMemory is not a mono symbol file
- Loaded All Assemblies, in  0.426 seconds
Refreshing native plugins compatible for Editor in 6.61 ms, found 2 plugins.
Native extension for WindowsStandalone target not found
[Package Manager] Server::EnsureServerProcessIsRunning -- launch failed, reason: Unity was launched with the -noUpm command-line argument
[Package Manager] UpmClient::Send -- Unable to send message (not connected to UPM process).
[Package Manager] Cannot connect to Unity Package Manager local server
Mono: successfully reloaded assembly
- Finished resetting the current domain, in  0.906 seconds
Domain Reload Profiling: 1332ms
	BeginReloadAssembly (160ms)
		ExecutionOrderSort (0ms)
		DisableScriptedObjects (6ms)
		BackupInstance (0ms)
		ReleaseScriptingObjects (0ms)
		CreateAndSetChildDomain (43ms)
	RebuildCommonClasses (39ms)
	RebuildNativeTypeToScriptingClass (11ms)
	initialDomainReloadingComplete (29ms)
	LoadAllAssembliesAndSetupDomain (186ms)
		LoadAssemblies (255ms)
		RebuildTransferFunctionScriptingTraits (0ms)
		AnalyzeDomain (14ms)
			TypeCache.Refresh (6ms)
				TypeCache.ScanAssembly (0ms)
			ScanForSourceGeneratedMonoScriptInfo (1ms)
			ResolveRequiredComponents (7ms)
	FinalizeReload (906ms)
		ReleaseScriptCaches (0ms)
		RebuildScriptCaches (0ms)
		SetupLoadedEditorAssemblies (548ms)
			LogAssemblyErrors (0ms)
			InitializePlatformSupportModulesInManaged (5ms)
			SetLoadedEditorAssemblies (3ms)
			RefreshPlugins (0ms)
			BeforeProcessingInitializeOnLoad (63ms)
			ProcessInitializeOnLoadAttributes (296ms)
			ProcessInitializeOnLoadMethodAttributes (179ms)
			AfterProcessingInitializeOnLoad (2ms)
			EditorAssembliesLoaded (0ms)
		ExecutionOrderSort2 (0ms)
		AwakeInstancesAfterBackupRestoration (7ms)
Refreshing native plugins compatible for Editor in 5.35 ms, found 2 plugins.
Preloading 0 native plugins for Editor in 0.00 ms.
Unloading 2743 Unused Serialized files (Serialized files now loaded: 0)
Unloading 62 unused Assets / (47.3 KB). Loaded Objects now: 3206.
Memory consumption went from 114.8 MB to 114.8 MB.
Total: 5.593800 ms (FindLiveObjects: 0.212000 ms CreateObjectMapping: 0.150900 ms MarkObjects: 5.154800 ms  DeleteObjects: 0.075300 ms)

Prepare: number of updated asset objects reloaded= 0
AssetImportParameters requested are different than current active one (requested -> active):
  custom:video-decoder-webm-vp8: 9c59270c3fd7afecdb556c50c9e8de78 -> 
  custom:SearchIndexIgnoredProperties: e643bd26f0fe6173181afceb89e7c659 -> 
  custom:container-demuxer-ogg: 62fdf1f143b41e24485cea50d1cbac27 -> 
  custom:AudioImporter_EditorPlatform: d09bf68614088b80899f8185d706f6e7 -> 
  custom:video-codec-MediaFoundation-h265: 746d11721c4dcdbdad8f713fa42b33f4 -> 
  custom:video-decoder-ogg-theora: a1e56fd34408186e4bbccfd4996cb3dc -> 
  custom:framework-win-MediaFoundation: 216162199b28c13a410421893ffa2e32 -> 
  custom:video-encoder-webm-vp8: eb34c28f22e8b96e1ab97ce403110664 -> 
  custom:audio-decoder-ogg-vorbis: bf7c407c2cedff20999df2af8eb42d56 -> 
  custom:CustomObjectIndexerAttribute: 9a22284fe3817be447336de3de66b15e -> 
  custom:container-demuxer-webm: 4f35f7cbe854078d1ac9338744f61a02 -> 
  custom:audio-encoder-webm-vorbis: bf7c407c2cedff20999df2af8eb42d56 -> 
  custom:container-muxer-webm: aa71ff27fc2769a1b78a27578f13a17b -> 
========================================================================
Received Prepare
Begin MonoManager ReloadAssembly
Duplicate assembly 'Newtonsoft.Json.dll' with different versions detected, using 'Packages/com.unity.nuget.newtonsoft-json/Runtime/Newtonsoft.Json.dll, AssemblyName=Newtonsoft.Json, Version=13.0.0.0, Culture=neutral, PublicKeyToken=30ad4fe6b2a6aeed' and ignoring 'Assets/JsonDotNet/Assemblies/Standalone/Newtonsoft.Json.dll, AssemblyName=Newtonsoft.Json, Version=8.0.0.0, Culture=neutral, PublicKeyToken=null'.Symbol file LoadedFromMemory is not a mono symbol file
- Loaded All Assemblies, in  0.419 seconds
Refreshing native plugins compatible for Editor in 5.27 ms, found 2 plugins.
Native extension for WindowsStandalone target not found
[Package Manager] Server::EnsureServerProcessIsRunning -- launch failed, reason: Unity was launched with the -noUpm command-line argument
[Package Manager] UpmClient::Send -- Unable to send message (not connected to UPM process).
[Package Manager] Cannot connect to Unity Package Manager local server
Mono: successfully reloaded assembly
- Finished resetting the current domain, in  0.848 seconds
Domain Reload Profiling: 1266ms
	BeginReloadAssembly (148ms)
		ExecutionOrderSort (0ms)
		DisableScriptedObjects (5ms)
		BackupInstance (0ms)
		ReleaseScriptingObjects (0ms)
		CreateAndSetChildDomain (38ms)
	RebuildCommonClasses (48ms)
	RebuildNativeTypeToScriptingClass (11ms)
	initialDomainReloadingComplete (26ms)
	LoadAllAssembliesAndSetupDomain (185ms)
		LoadAssemblies (239ms)
		RebuildTransferFunctionScriptingTraits (0ms)
		AnalyzeDomain (23ms)
			TypeCache.Refresh (11ms)
				TypeCache.ScanAssembly (4ms)
			ScanForSourceGeneratedMonoScriptInfo (7ms)
			ResolveRequiredComponents (4ms)
	FinalizeReload (848ms)
		ReleaseScriptCaches (0ms)
		RebuildScriptCaches (0ms)
		SetupLoadedEditorAssemblies (562ms)
			LogAssemblyErrors (0ms)
			InitializePlatformSupportModulesInManaged (4ms)
			SetLoadedEditorAssemblies (3ms)
			RefreshPlugins (0ms)
			BeforeProcessingInitializeOnLoad (54ms)
			ProcessInitializeOnLoadAttributes (346ms)
			ProcessInitializeOnLoadMethodAttributes (154ms)
			AfterProcessingInitializeOnLoad (2ms)
			EditorAssembliesLoaded (0ms)
		ExecutionOrderSort2 (0ms)
		AwakeInstancesAfterBackupRestoration (7ms)
Refreshing native plugins compatible for Editor in 5.42 ms, found 2 plugins.
Preloading 0 native plugins for Editor in 0.00 ms.
Unloading 2753 Unused Serialized files (Serialized files now loaded: 0)
Unloading 62 unused Assets / (47.1 KB). Loaded Objects now: 3218.
Memory consumption went from 115.3 MB to 115.2 MB.
Total: 5.418300 ms (FindLiveObjects: 0.203300 ms CreateObjectMapping: 0.143400 ms MarkObjects: 5.002200 ms  DeleteObjects: 0.068500 ms)

Prepare: number of updated asset objects reloaded= 0
AssetImportParameters requested are different than current active one (requested -> active):
  custom:video-decoder-webm-vp8: 9c59270c3fd7afecdb556c50c9e8de78 -> 
  custom:SearchIndexIgnoredProperties: e643bd26f0fe6173181afceb89e7c659 -> 
  custom:container-demuxer-ogg: 62fdf1f143b41e24485cea50d1cbac27 -> 
  custom:AudioImporter_EditorPlatform: d09bf68614088b80899f8185d706f6e7 -> 
  custom:video-codec-MediaFoundation-h265: 746d11721c4dcdbdad8f713fa42b33f4 -> 
  custom:video-decoder-ogg-theora: a1e56fd34408186e4bbccfd4996cb3dc -> 
  custom:framework-win-MediaFoundation: 216162199b28c13a410421893ffa2e32 -> 
  custom:video-encoder-webm-vp8: eb34c28f22e8b96e1ab97ce403110664 -> 
  custom:audio-decoder-ogg-vorbis: bf7c407c2cedff20999df2af8eb42d56 -> 
  custom:CustomObjectIndexerAttribute: 9a22284fe3817be447336de3de66b15e -> 
  custom:container-demuxer-webm: 4f35f7cbe854078d1ac9338744f61a02 -> 
  custom:audio-encoder-webm-vorbis: bf7c407c2cedff20999df2af8eb42d56 -> 
  custom:container-muxer-webm: aa71ff27fc2769a1b78a27578f13a17b -> 
========================================================================
Received Prepare
Begin MonoManager ReloadAssembly
Duplicate assembly 'Newtonsoft.Json.dll' with different versions detected, using 'Packages/com.unity.nuget.newtonsoft-json/Runtime/Newtonsoft.Json.dll, AssemblyName=Newtonsoft.Json, Version=13.0.0.0, Culture=neutral, PublicKeyToken=30ad4fe6b2a6aeed' and ignoring 'Assets/JsonDotNet/Assemblies/Standalone/Newtonsoft.Json.dll, AssemblyName=Newtonsoft.Json, Version=8.0.0.0, Culture=neutral, PublicKeyToken=null'.Symbol file LoadedFromMemory is not a mono symbol file
- Loaded All Assemblies, in  0.409 seconds
Refreshing native plugins compatible for Editor in 5.94 ms, found 2 plugins.
Native extension for WindowsStandalone target not found
[Package Manager] Server::EnsureServerProcessIsRunning -- launch failed, reason: Unity was launched with the -noUpm command-line argument
[Package Manager] UpmClient::Send -- Unable to send message (not connected to UPM process).
[Package Manager] Cannot connect to Unity Package Manager local server
Mono: successfully reloaded assembly
- Finished resetting the current domain, in  0.844 seconds
Domain Reload Profiling: 1253ms
	BeginReloadAssembly (152ms)
		ExecutionOrderSort (0ms)
		DisableScriptedObjects (5ms)
		BackupInstance (0ms)
		ReleaseScriptingObjects (0ms)
		CreateAndSetChildDomain (38ms)
	RebuildCommonClasses (35ms)
	RebuildNativeTypeToScriptingClass (12ms)
	initialDomainReloadingComplete (23ms)
	LoadAllAssembliesAndSetupDomain (186ms)
		LoadAssemblies (233ms)
		RebuildTransferFunctionScriptingTraits (0ms)
		AnalyzeDomain (29ms)
			TypeCache.Refresh (17ms)
				TypeCache.ScanAssembly (6ms)
			ScanForSourceGeneratedMonoScriptInfo (7ms)
			ResolveRequiredComponents (4ms)
	FinalizeReload (845ms)
		ReleaseScriptCaches (0ms)
		RebuildScriptCaches (0ms)
		SetupLoadedEditorAssemblies (506ms)
			LogAssemblyErrors (0ms)
			InitializePlatformSupportModulesInManaged (7ms)
			SetLoadedEditorAssemblies (3ms)
			RefreshPlugins (0ms)
			BeforeProcessingInitializeOnLoad (64ms)
			ProcessInitializeOnLoadAttributes (270ms)
			ProcessInitializeOnLoadMethodAttributes (159ms)
			AfterProcessingInitializeOnLoad (2ms)
			EditorAssembliesLoaded (0ms)
		ExecutionOrderSort2 (0ms)
		AwakeInstancesAfterBackupRestoration (7ms)
Refreshing native plugins compatible for Editor in 5.21 ms, found 2 plugins.
Preloading 0 native plugins for Editor in 0.00 ms.
Unloading 2744 Unused Serialized files (Serialized files now loaded: 0)
Unloading 69 unused Assets / (50.8 KB). Loaded Objects now: 3214.
Memory consumption went from 115.1 MB to 115.1 MB.
Total: 6.262600 ms (FindLiveObjects: 0.201100 ms CreateObjectMapping: 0.163900 ms MarkObjects: 5.753300 ms  DeleteObjects: 0.143100 ms)

Prepare: number of updated asset objects reloaded= 0
AssetImportParameters requested are different than current active one (requested -> active):
  custom:video-decoder-webm-vp8: 9c59270c3fd7afecdb556c50c9e8de78 -> 
  custom:SearchIndexIgnoredProperties: e643bd26f0fe6173181afceb89e7c659 -> 
  custom:container-demuxer-ogg: 62fdf1f143b41e24485cea50d1cbac27 -> 
  custom:AudioImporter_EditorPlatform: d09bf68614088b80899f8185d706f6e7 -> 
  custom:video-codec-MediaFoundation-h265: 746d11721c4dcdbdad8f713fa42b33f4 -> 
  custom:video-decoder-ogg-theora: a1e56fd34408186e4bbccfd4996cb3dc -> 
  custom:framework-win-MediaFoundation: 216162199b28c13a410421893ffa2e32 -> 
  custom:video-encoder-webm-vp8: eb34c28f22e8b96e1ab97ce403110664 -> 
  custom:audio-decoder-ogg-vorbis: bf7c407c2cedff20999df2af8eb42d56 -> 
  custom:CustomObjectIndexerAttribute: 9a22284fe3817be447336de3de66b15e -> 
  custom:container-demuxer-webm: 4f35f7cbe854078d1ac9338744f61a02 -> 
  custom:audio-encoder-webm-vorbis: bf7c407c2cedff20999df2af8eb42d56 -> 
  custom:container-muxer-webm: aa71ff27fc2769a1b78a27578f13a17b -> 
========================================================================
Received Prepare
Assembly with name 'Luban.Runtime' already exists (Assets/Plugins/Luban/Runtime/Luban.Runtime.asmdef)
Assembly with name 'Luban.Runtime' already exists (Packages/com.code-philosophy.luban/Runtime/Luban.Runtime.asmdef)
Assembly with name 'Luban.Editor' already exists (Packages/com.code-philosophy.luban/Editor/Luban.Editor.asmdef)
Assembly with name 'Luban.Editor' already exists (Assets/Plugins/Luban/Editor/Luban.Editor.asmdef)
Assembly with name 'Luban.Runtime' already exists (Assets/Plugins/Luban/Runtime/Luban.Runtime.asmdef)
Assembly with name 'Luban.Runtime' already exists (Packages/com.code-philosophy.luban/Runtime/Luban.Runtime.asmdef)
Assembly with name 'Luban.Editor' already exists (Packages/com.code-philosophy.luban/Editor/Luban.Editor.asmdef)
Assembly with name 'Luban.Editor' already exists (Assets/Plugins/Luban/Editor/Luban.Editor.asmdef)
Begin MonoManager ReloadAssembly
Duplicate assembly 'Newtonsoft.Json.dll' with different versions detected, using 'Packages/com.unity.nuget.newtonsoft-json/Runtime/Newtonsoft.Json.dll, AssemblyName=Newtonsoft.Json, Version=13.0.0.0, Culture=neutral, PublicKeyToken=30ad4fe6b2a6aeed' and ignoring 'Assets/JsonDotNet/Assemblies/Standalone/Newtonsoft.Json.dll, AssemblyName=Newtonsoft.Json, Version=8.0.0.0, Culture=neutral, PublicKeyToken=null'.Symbol file LoadedFromMemory is not a mono symbol file
- Loaded All Assemblies, in  0.425 seconds
Refreshing native plugins compatible for Editor in 5.45 ms, found 2 plugins.
Native extension for WindowsStandalone target not found
Assembly with name 'Luban.Runtime' already exists (Assets/Plugins/Luban/Runtime/Luban.Runtime.asmdef)
Assembly with name 'Luban.Runtime' already exists (Packages/com.code-philosophy.luban/Runtime/Luban.Runtime.asmdef)
Assembly with name 'Luban.Editor' already exists (Packages/com.code-philosophy.luban/Editor/Luban.Editor.asmdef)
Assembly with name 'Luban.Editor' already exists (Assets/Plugins/Luban/Editor/Luban.Editor.asmdef)
[Package Manager] Server::EnsureServerProcessIsRunning -- launch failed, reason: Unity was launched with the -noUpm command-line argument
[Package Manager] UpmClient::Send -- Unable to send message (not connected to UPM process).
[Package Manager] Cannot connect to Unity Package Manager local server
Mono: successfully reloaded assembly
- Finished resetting the current domain, in  0.864 seconds
Domain Reload Profiling: 1288ms
	BeginReloadAssembly (165ms)
		ExecutionOrderSort (0ms)
		DisableScriptedObjects (7ms)
		BackupInstance (0ms)
		ReleaseScriptingObjects (0ms)
		CreateAndSetChildDomain (44ms)
	RebuildCommonClasses (34ms)
	RebuildNativeTypeToScriptingClass (12ms)
	initialDomainReloadingComplete (22ms)
	LoadAllAssembliesAndSetupDomain (191ms)
		LoadAssemblies (246ms)
		RebuildTransferFunctionScriptingTraits (0ms)
		AnalyzeDomain (25ms)
			TypeCache.Refresh (13ms)
				TypeCache.ScanAssembly (4ms)
			ScanForSourceGeneratedMonoScriptInfo (8ms)
			ResolveRequiredComponents (3ms)
	FinalizeReload (864ms)
		ReleaseScriptCaches (0ms)
		RebuildScriptCaches (0ms)
		SetupLoadedEditorAssemblies (572ms)
			LogAssemblyErrors (0ms)
			InitializePlatformSupportModulesInManaged (4ms)
			SetLoadedEditorAssemblies (4ms)
			RefreshPlugins (0ms)
			BeforeProcessingInitializeOnLoad (74ms)
			ProcessInitializeOnLoadAttributes (312ms)
			ProcessInitializeOnLoadMethodAttributes (176ms)
			AfterProcessingInitializeOnLoad (2ms)
			EditorAssembliesLoaded (0ms)
		ExecutionOrderSort2 (0ms)
		AwakeInstancesAfterBackupRestoration (6ms)
Refreshing native plugins compatible for Editor in 5.00 ms, found 2 plugins.
Preloading 0 native plugins for Editor in 0.00 ms.
Unloading 2753 Unused Serialized files (Serialized files now loaded: 0)
Unloading 62 unused Assets / (47.1 KB). Loaded Objects now: 3224.
Memory consumption went from 115.3 MB to 115.3 MB.
Total: 5.407100 ms (FindLiveObjects: 0.211400 ms CreateObjectMapping: 0.166000 ms MarkObjects: 4.933100 ms  DeleteObjects: 0.095900 ms)

Prepare: number of updated asset objects reloaded= 2
AssetImportParameters requested are different than current active one (requested -> active):
  custom:video-decoder-webm-vp8: 9c59270c3fd7afecdb556c50c9e8de78 -> 
  custom:SearchIndexIgnoredProperties: e643bd26f0fe6173181afceb89e7c659 -> 
  custom:container-demuxer-ogg: 62fdf1f143b41e24485cea50d1cbac27 -> 
  custom:AudioImporter_EditorPlatform: d09bf68614088b80899f8185d706f6e7 -> 
  custom:video-codec-MediaFoundation-h265: 746d11721c4dcdbdad8f713fa42b33f4 -> 
  custom:video-decoder-ogg-theora: a1e56fd34408186e4bbccfd4996cb3dc -> 
  custom:framework-win-MediaFoundation: 216162199b28c13a410421893ffa2e32 -> 
  custom:video-encoder-webm-vp8: eb34c28f22e8b96e1ab97ce403110664 -> 
  custom:audio-decoder-ogg-vorbis: bf7c407c2cedff20999df2af8eb42d56 -> 
  custom:CustomObjectIndexerAttribute: 9a22284fe3817be447336de3de66b15e -> 
  custom:container-demuxer-webm: 4f35f7cbe854078d1ac9338744f61a02 -> 
  custom:audio-encoder-webm-vorbis: bf7c407c2cedff20999df2af8eb42d56 -> 
  custom:container-muxer-webm: aa71ff27fc2769a1b78a27578f13a17b -> 
